t_unix,ts_us,scan_count,watchdog_tripped,devices_healthy
1788834414,63869893,31928,0,1
1788834415,64877512,32432,0,1
1788834416,65887085,32937,0,1
1788834417,66899125,33443,0,1
1788834418,67907588,33947,0,1
1788834419,68915424,34451,0,1
1788834420,69925575,34956,0,1
1788834421,70933646,35460,0,1
1788834422,71941515,35964,0,1
1788834423,72957528,36472,0,1
1788834424,73969561,36978,0,1
1788834425,74975576,37481,0,1
1788834426,75985476,37986,0,1
1788834427,76995747,38491,0,1
1788834428,78105880,39046,0,1
1788834429,79113819,39550,0,1
1788834430,80123702,40055,0,1
1788834431,81133434,40560,0,1
1788834432,82143624,41065,0,1
1788834433,83159324,41573,0,1
1788834434,84168013,42077,0,1
1788834435,85181173,42584,0,1
1788834436,86189079,43088,0,1
1788834437,87199233,43593,0,1
1788834439,88213208,44100,0,1
1788834440,89221263,44604,0,1
1788834441,90235776,45111,0,1
1788834442,91249481,45618,0,1
1788834443,92259262,46123,0,1
1788834444,93267623,46627,0,1
1788834445,94279353,47133,0,1
1788834446,95291718,47639,0,1
1788834447,96299967,48143,0,1
1788834448,97307656,48647,0,1
1788834449,98315835,49151,0,1
1788834450,99325515,49656,0,1
1788834451,100335513,50161,0,1
1788834452,101349615,50668,0,1
1788834453,102361350,51174,0,1
1788834454,103373120,51680,0,1
1788834455,104381585,52184,0,1
1788834456,105393194,52690,0,1
1788834457,106399714,53193,0,1
1788834458,107407896,53697,0,1
1788834459,108421570,54204,0,1
1788834460,109427949,54707,0,1
1788834461,110439759,55213,0,1
1788834462,111453345,55720,0,1
1788834463,112461759,56224,0,1
1788834464,113475150,56731,0,1
1788834465,114483640,57235,0,1
1788834466,115493394,57740,0,1
1788834467,116501500,58244,0,1
1788834468,117513356,58750,0,1
1788834469,118527161,59257,0,1
1788834470,119537771,59762,0,1
1788834471,120551379,60269,0,1
1788834472,121565256,60776,0,1
1788834473,122575457,61281,0,1
1788834474,123583143,61785,0,1
1788834475,124595257,62291,0,1
1788834476,125603641,62795,0,1
1788834477,126613128,63300,0,1
1788834478,127625107,63806,0,1
1788834479,128639503,64313,0,1
1788834480,129649933,64818,0,1
1788834481,130659513,65323,0,1
1788834482,131669042,65828,0,1
1788834483,132677620,66332,0,1
1788834484,133687144,66837,0,1
1788834485,134701363,67344,0,1
1788834486,135715252,67851,0,1
1788834487,136729644,68358,0,1
1788834488,137737761,68862,0,1
1788834489,138747455,69367,0,1
1788834490,139759639,69873,0,1
1788834491,140769298,70378,0,1
1788834492,141779125,70883,0,1
1788834493,142789116,71388,0,1
1788834494,143795898,71891,0,1
1788834495,144809509,72398,0,1
1788834496,145819080,72903,0,1
1788834497,146827888,73407,0,1
1788834498,147839409,73913,0,1
1788834499,148849889,74418,0,1
1788834500,149861734,74924,0,1
1788834501,150871949,75429,0,1
1788834502,151881794,75934,0,1
1788834503,152897786,76442,0,1
1788834504,153907774,76947,0,1
1788834505,154919803,77453,0,1
1788834506,155930034,77958,0,1
1788834507,156941668,78464,0,1
1788834508,157953412,78970,0,1
1788834509,158965082,79476,0,1
1788834510,159975387,79981,0,1
1788834511,160987684,80487,0,1
1788834512,161995219,80991,0,1
1788834513,163005863,81496,0,1
1788834514,164013975,82000,0,1
1788834515,165021554,82504,0,1
1788834516,166029906,83007,0,1
1788834517,167039937,83512,0,1
1788834518,168053560,84018,0,1
1788834519,169065589,84524,0,1
1788834520,170077717,85030,0,1
1788834521,171087938,85535,0,1
1788834522,172099750,86041,0,1
1788834523,173107634,86545,0,1
1788834524,174115589,87049,0,1
1788834525,175125236,87554,0,1
1788834526,176137258,88060,0,1
1788834527,177147615,88565,0,1
1788834528,178157253,89070,0,1
1788834530,179169148,89576,0,1
1788834531,180177467,90080,0,1
1788834532,181185734,90584,0,1
1788834533,182193439,91088,0,1
1788834534,183201190,91592,0,1
1788834535,184211175,92097,0,1
1788834536,185217812,92600,0,1
1788834537,186227449,93105,0,1
1788834538,187235258,93609,0,1
1788834539,188241691,94112,0,1
1788834540,189247960,94615,0,1
1788834541,190259452,95121,0,1
1788834542,191267555,95625,0,1
1788834543,192277475,96130,0,1
1788834544,193289383,96636,0,1
1788834545,194297735,97140,0,1
1788834546,195305893,97644,0,1
1788834547,196413476,98198,0,1
1788834548,197425545,98704,0,1
1788834549,198435266,99209,0,1
1788834550,199445431,99714,0,1
1788834551,200453908,100218,0,1
1788834552,201463153,100723,0,1
1788834553,202471071,101227,0,1
1788834554,203483923,101733,0,1
1788834555,204493245,102238,0,1
1788834556,205499871,102741,0,1
1788834557,206509447,103246,0,1
1788834558,207519253,103751,0,1
1788834559,208529838,104256,0,1
1788834560,209539576,104761,0,1
1788834561,210551404,105267,0,1
1788834562,211561540,105772,0,1
1788834563,212569718,106276,0,1
1788834564,213583520,106783,0,1
1788834565,214591380,107287,0,1
1788834566,215599088,107791,0,1
1788834567,216609385,108296,0,1
1788834568,217617868,108800,0,1
1788834569,218624074,109303,0,1
1788834570,219633411,109808,0,1
1788834571,220645831,110314,0,1
1788834572,221651383,110817,0,1
1788834573,222659530,111321,0,1
1788834574,223671768,111827,0,1
1788834575,224683380,112333,0,1
1788834576,225693716,112838,0,1
1788834577,226705798,113344,0,1
1788834578,227717640,113850,0,1
1788834579,228725129,114354,0,1
1788834580,229737446,114860,0,1
1788834581,230747647,115365,0,1
1788834582,231759947,115871,0,1
1788834583,232773856,116378,0,1
1788834584,233781828,116882,0,1
1788834585,234793538,117388,0,1
1788834586,235805603,117894,0,1
1788834587,236815851,118399,0,1
1788834588,237827676,118905,0,1
1788834589,238835894,119409,0,1
1788834590,239849251,119916,0,1
1788834591,240859457,120421,0,1
1788834592,241869404,120926,0,1
1788834593,242879554,121431,0,1
1788834594,243891771,121937,0,1
1788834595,244901334,122442,0,1
1788834596,245913741,122948,0,1
1788834597,246925405,123454,0,1
1788834598,247933562,123958,0,1
1788834599,248941960,124462,0,1
1788834600,249953221,124968,0,1
1788834601,250961409,125472,0,1
1788834602,251969629,125976,0,1
1788834603,252979643,126481,0,1
1788834604,253991714,126987,0,1
1788834605,255001784,127492,0,1
1788834606,256011698,127997,0,1
1788834607,257023126,128503,0,1
1788834608,258029642,129006,0,1
1788834609,259043127,129513,0,1
1788834610,260049466,130016,0,1
1788834611,261057484,130520,0,1
1788834612,262065579,131024,0,1
1788834613,263077243,131530,0,1
1788834614,264089937,132036,0,1
1788834615,265101256,132542,0,1
1788834616,266113825,133048,0,1
1788834617,267121505,133552,0,1
1788834619,268131383,134057,0,1
1788834620,269143654,134563,0,1
1788834621,270151855,135067,0,1
1788834622,271161081,135572,0,1
1788834623,272171841,136077,0,1
1788834624,273182020,136582,0,1
1788834625,274193438,137088,0,1
1788834626,275201505,137592,0,1
1788834627,276211966,138097,0,1
1788834628,277319457,138651,0,1
1788834629,278325664,139154,0,1
1788834630,279335203,139659,0,1
1788834631,280341753,140162,0,1
1788834632,281351642,140667,0,1
1788834633,282365387,141174,0,1
1788834634,283381460,141682,0,1
1788834635,284387196,142185,0,1
1788834636,285393189,142688,0,1
1788834637,286399381,143191,0,1
1788834638,287407660,143695,0,1
1788834639,288413794,144198,0,1
1788834640,289421919,144702,0,1
1788834641,290429918,145206,0,1
1788834642,291439659,145711,0,1
1788834643,292449996,146216,0,1
1788834644,293461765,146722,0,1
1788834645,294472007,147227,0,1
1788834646,295487387,147735,0,1
1788834647,296499385,148241,0,1
1788834648,297511739,148747,0,1
1788834649,298521962,149252,0,1
1788834650,299533510,149758,0,1
1788834651,300545588,150264,0,1
1788834652,301559311,150771,0,1
1788834653,302569761,151276,0,1
1788834654,303579606,151781,0,1
1788834655,304591361,152287,0,1
1788834656,305601828,152792,0,1
1788834657,306611992,153297,0,1
1788834658,307621689,153802,0,1
1788834659,308629315,154306,0,1
1788834660,309639375,154811,0,1
1788834661,310653363,155318,0,1
1788834662,311667658,155825,0,1
1788834663,312678063,156330,0,1
1788834664,313687849,156835,0,1
1788834665,314701673,157342,0,1
1788834666,315711510,157847,0,1
1788834667,316723252,158353,0,1
1788834668,317731443,158857,0,1
1788834669,318743171,159363,0,1
1788834670,319755749,159869,0,1
1788834671,320765375,160374,0,1
1788834672,321771326,160877,0,1
1788834673,322777315,161380,0,1
1788834674,323787257,161885,0,1
1788834675,324795757,162389,0,1
1788834676,325803510,162893,0,1
1788834677,326809343,163396,0,1
1788834678,327819172,163901,0,1
1788834679,328831868,164407,0,1
1788834680,329841908,164912,0,1
1788834681,330851841,165417,0,1
1788834682,331863901,165923,0,1
1788834683,332875323,166429,0,1
1788834684,333883377,166933,0,1
1788834685,334889958,167436,0,1
1788834686,335901604,167942,0,1
1788834687,336913379,168448,0,1
1788834688,337919603,168951,0,1
1788834689,338927160,169455,0,1
1788834690,339931574,169957,0,1
1788834691,340939254,170461,0,1
1788834692,341945706,170964,0,1
1788834693,342959328,171471,0,1
1788834694,343971908,171977,0,1
1788834695,344983321,172483,0,1
1788834696,346093471,173038,0,1
1788834697,347103444,173543,0,1
1788834698,348111589,174047,0,1
1788834699,349119125,174551,0,1
1788834700,350127779,175055,0,1
1788834701,351137732,175560,0,1
1788834702,352149152,176066,0,1
1788834703,353159716,176571,0,1
1788834704,354169454,177076,0,1
1788834705,355179337,177581,0,1
1788834706,356187257,178085,0,1
1788834708,357193462,178588,0,1
1788834709,358201616,179092,0,1
1788834710,359211378,179597,0,1
1788834711,360221594,180102,0,1
1788834712,361235546,180609,0,1
1788834713,362249781,181116,0,1
1788834714,363261646,181622,0,1
1788834715,364269316,182126,0,1
1788834716,365275754,182629,0,1
1788834717,366291803,183137,0,1
1788834718,367303939,183643,0,1
1788834719,368317268,184150,0,1
1788834720,369323894,184653,0,1
1788834721,370331124,185157,0,1
1788834722,371337694,185660,0,1
1788834723,372343953,186163,0,1
1788834724,373349710,186666,0,1
1788834725,374355515,187169,0,1
1788834726,375363705,187673,0,1
1788834727,376371126,188177,0,1
1788834728,377377319,188680,0,1
1788834729,378391786,189187,0,1
1788834730,379405844,189694,0,1
1788834731,380417772,190200,0,1
1788834732,381429716,190706,0,1
1788834733,382439579,191211,0,1
1788834734,383449680,191716,0,1
1788834735,384463463,192223,0,1
1788834736,385473575,192728,0,1
1788834737,386483620,193233,0,1
1788834738,387497480,193740,0,1
1788834739,388507164,194245,0,1
1788834740,389517432,194750,0,1
1788834741,390530030,195256,0,1
1788834742,391543055,195763,0,1
1788834743,392553982,196268,0,1
1788834744,393567782,196775,0,1
1788834745,394577553,197280,0,1
1788834746,395591473,197787,0,1
1788834747,396603809,198293,0,1
1788834748,397613327,198798,0,1
1788834749,398623712,199303,0,1
1788834750,399631384,199807,0,1
1788834751,400637832,200310,0,1
1788834752,401647327,200815,0,1
1788834753,402657688,201320,0,1
1788834754,403665315,201824,0,1
1788834755,404673252,202328,0,1
1788834756,405685394,202834,0,1
1788834757,406697580,203340,0,1
1788834758,407707699,203845,0,1
1788834759,408719657,204351,0,1
1788834760,409733634,204858,0,1
1788834761,410745738,205364,0,1
1788834762,411755864,205869,0,1
1788834763,412767792,206375,0,1
1788834764,413779544,206881,0,1
1788834765,414791553,207387,0,1
1788834766,415804027,207893,0,1
1788834767,416813859,208398,0,1
1788834768,417825307,208904,0,1
1788834769,418837376,209410,0,1
1788834770,419849799,209916,0,1
1788834771,420859322,210421,0,1
1788834772,421869706,210926,0,1
1788834773,422877866,211430,0,1
1788834774,423887675,211935,0,1
1788834775,424901759,212442,0,1
1788834776,425913883,212948,0,1
1788834777,426923493,213453,0,1
1788834778,427933837,213958,0,1
1788834779,428947746,214465,0,1
1788834780,429959845,214971,0,1
1788834781,430969517,215476,0,1
1788834782,431981723,215982,0,1
1788834783,432993628,216488,0,1
1788834784,434005749,216994,0,1
1788834785,435017701,217500,0,1
1788834786,436027518,218005,0,1
1788834787,437037201,218510,0,1
1788834788,438043648,219013,0,1
1788834789,439051825,219517,0,1
1788834790,440063607,220023,0,1
1788834791,441073415,220528,0,1
1788834792,442083753,221033,0,1
1788834793,443097417,221540,0,1
1788834794,444107962,222045,0,1
1788834795,445117305,222550,0,1
1788834797,446127173,223055,0,1
1788834798,447137501,223560,0,1
1788834799,448149692,224066,0,1
1788834800,449165603,224574,0,1
1788834801,450173963,225078,0,1
1788834802,451183609,225583,0,1
1788834803,452195395,226089,0,1
1788834804,453209024,226596,0,1
1788834805,454219118,227101,0,1
1788834806,455229509,227606,0,1
1788834807,456239487,228111,0,1
1788834808,457249945,228616,0,1
1788834809,458259946,229121,0,1
1788834810,459367196,229675,0,1
1788834811,460279442,230131,0,1
1788834812,461389827,230686,0,1
1788834813,462397589,231190,0,1
1788834814,463409190,231696,0,1
1788834815,464421462,232202,0,1
1788834816,465433935,232708,0,1
1788834817,466445255,233214,0,1
1788834818,467453597,233718,0,1
1788834819,468463323,234223,0,1
1788834820,469469907,234726,0,1
1788834821,470479456,235231,0,1
1788834822,471487250,235735,0,1
1788834823,472499469,236241,0,1
1788834824,473509442,236746,0,1
1788834825,474521318,237252,0,1
1788834826,475533775,237758,0,1
1788834827,476541155,238262,0,1
1788834828,477553149,238768,0,1
1788834829,478563998,239273,0,1
1788834830,479575832,239779,0,1
1788834831,480587702,240285,0,1
1788834832,481601454,240792,0,1
1788834833,482611572,241297,0,1
1788834834,483623258,241803,0,1
1788834835,484635267,242309,0,1
1788834836,485645166,242814,0,1
1788834837,486655719,243319,0,1
1788834838,487664025,243823,0,1
1788834839,488675296,244329,0,1
1788834840,489683958,244833,0,1
1788834841,490695678,245339,0,1
1788834842,491705550,245844,0,1
1788834843,492717331,246350,0,1
1788834844,493725966,246854,0,1
1788834845,494737405,247360,0,1
1788834846,495749716,247866,0,1
1788834847,496763911,248373,0,1
1788834848,497773344,248878,0,1
1788834849,498782014,249382,0,1
1788834850,499795337,249889,0,1
1788834851,500805952,250394,0,1
1788834852,501819318,250901,0,1
1788834853,502831326,251407,0,1
1788834854,503841438,251912,0,1
1788834855,504853887,252418,0,1
1788834856,505865382,252924,0,1
1788834857,506877276,253430,0,1
1788834858,507886083,253934,0,1
1788834859,508901491,254442,0,1
1788834860,509917317,254950,0,1
1788834861,510927804,255455,0,1
1788834862,511939008,255961,0,1
1788834863,512947329,256465,0,1
1788834864,513957514,256970,0,1
1788834865,514969586,257476,0,1
1788834866,515977719,257980,0,1
1788834867,516989463,258486,0,1
1788834868,517999411,258991,0,1
1788834869,519009255,259496,0,1
1788834870,520019043,260001,0,1
1788834871,521029085,260506,0,1
1788834872,522039667,261011,0,1
1788834873,523045772,261514,0,1
1788834874,524057814,262020,0,1
1788834875,525065168,262524,0,1
1788834876,526073925,263028,0,1
1788834877,527083464,263533,0,1
1788834878,528099770,264041,0,1
1788834879,529111091,264547,0,1
1788834880,530117773,265050,0,1
1788834881,531129227,265556,0,1
1788834882,532137747,266060,0,1
1788834883,533149082,266566,0,1
1788834884,534157416,267070,0,1
1788834886,535165867,267574,0,1
1788834887,536177333,268080,0,1
1788834888,537189520,268586,0,1
1788834889,538201449,269092,0,1
1788834890,539213313,269598,0,1
1788834891,540225447,270104,0,1
1788834892,541237447,270610,0,1
1788834893,542251202,271117,0,1
1788834894,543259514,271621,0,1
1788834895,544271516,272127,0,1
1788834896,545281392,272632,0,1
1788834897,546291194,273137,0,1
1788834898,547301843,273642,0,1
1788834899,548311949,274147,0,1
1788834900,549323936,274653,0,1
1788834901,550337937,275160,0,1
1788834902,551351057,275667,0,1
1788834903,552361575,276172,0,1
1788834904,553369361,276676,0,1
1788834905,554379046,277181,0,1
1788834906,555387820,277685,0,1
1788834907,556395953,278189,0,1
1788834908,557409165,278696,0,1
1788834909,558421518,279202,0,1
1788834910,559433591,279708,0,1
1788834911,560443948,280213,0,1
1788834912,561455742,280719,0,1
1788834913,562465741,281224,0,1
1788834914,563473937,281728,0,1
1788834915,564483558,282233,0,1
1788834916,565495820,282739,0,1
1788834917,566509301,283246,0,1
1788834918,567521139,283752,0,1
1788834919,568533781,284258,0,1
1788834920,569545216,284764,0,1
1788834921,570553378,285268,0,1
1788834922,571565846,285774,0,1
1788834923,572577816,286280,0,1
1788834924,573587348,286785,0,1
1788834925,574599333,287291,0,1
1788834926,575607456,287795,0,1
1788834927,576617333,288300,0,1
1788834928,577627782,288805,0,1
1788834929,578637215,289310,0,1
1788834930,579647445,289815,0,1
1788834931,580655769,290319,0,1
1788834932,581669193,290826,0,1
1788834933,582677532,291330,0,1
1788834934,583687228,291835,0,1
1788834935,584697317,292340,0,1
1788834936,585707722,292845,0,1
1788834937,586715319,293349,0,1
1788834938,587725702,293854,0,1
1788834939,588735729,294359,0,1
1788834940,589747541,294865,0,1
1788834941,590761108,295372,0,1
1788834942,591769596,295876,0,1
1788834943,592781528,296382,0,1
1788834944,593789380,296886,0,1
1788834945,594797387,297390,0,1
1788834946,595807231,297895,0,1
1788834947,596815149,298399,0,1
1788834948,597831423,298907,0,1
1788834949,598845580,299414,0,1
1788834950,599857367,299920,0,1
1788834951,600865846,300424,0,1
1788834952,601877643,300930,0,1
1788834953,602885685,301434,0,1
1788834954,603895586,301939,0,1
1788834955,604905043,302444,0,1
1788834956,605913268,302948,0,1
1788834957,606926007,303454,0,1
1788834958,607933457,303958,0,1
1788834959,609049083,304516,0,1
1788834960,610057190,305020,0,1
1788834961,611063936,305523,0,1
1788834962,612073694,306028,0,1
1788834963,613081901,306532,0,1
1788834964,614095399,307039,0,1
1788834965,615107401,307545,0,1
1788834966,616117290,308050,0,1
1788834967,617125927,308554,0,1
1788834968,618135592,309059,0,1
1788834969,619145381,309564,0,1
1788834970,620157703,310070,0,1
1788834971,621163827,310573,0,1
1788834972,622175290,311079,0,1
1788834974,623185169,311584,0,1
1788834975,624197406,312090,0,1
1788834976,625211119,312597,0,1
1788834977,626219890,313101,0,1
1788834978,627231390,313607,0,1
1788834979,628243637,314113,0,1
1788834980,629249943,314616,0,1
1788834981,630257650,315120,0,1
1788834982,631265190,315624,0,1
1788834983,632275499,316129,0,1
1788834984,633289260,316636,0,1
1788834985,634295641,317139,0,1
1788834986,635303440,317643,0,1
1788834987,636311679,318147,0,1
1788834988,637323656,318653,0,1
1788834989,638335897,319159,0,1
1788834990,639349436,319666,0,1
1788834991,640361487,320172,0,1
1788834992,641375203,320679,0,1
1788834993,642383725,321183,0,1
1788834994,643397125,321690,0,1
1788834995,644405195,322194,0,1
1788834996,645413971,322698,0,1
1788834997,646423839,323203,0,1
1788834998,647433251,323708,0,1
1788834999,648441191,324212,0,1
1788835000,649447315,324715,0,1
1788835001,650453645,325218,0,1
1788835002,651461425,325722,0,1
1788835003,652471196,326227,0,1
1788835004,653483512,326733,0,1
1788835005,654493500,327238,0,1
1788835006,655501141,327742,0,1
1788835007,656509394,328246,0,1
1788835008,657521184,328752,0,1
1788835009,658529321,329256,0,1
1788835010,659541206,329762,0,1
1788835011,660549312,330266,0,1
1788835012,661559919,330771,0,1
1788835013,662569438,331276,0,1
1788835014,663579903,331781,0,1
1788835015,664593394,332288,0,1
1788835016,665699956,332841,0,1
1788835017,666707313,333345,0,1
1788835018,667721214,333852,0,1
1788835019,668731865,334357,0,1
1788835020,669745537,334864,0,1
1788835021,670755290,335369,0,1
1788835022,671769543,335876,0,1
1788835023,672779504,336381,0,1
1788835024,673791414,336887,0,1
1788835025,674803537,337393,0,1
1788835026,675815731,337898,0,1
1788835027,676829385,338405,0,1
1788835028,677741600,338861,0,1
1788835029,678851742,339416,0,1
1788835030,679861769,339921,0,1
1788835031,680871404,340426,0,1
1788835032,681879366,340930,0,1
1788835033,682889084,341435,0,1
1788835034,683899268,341940,0,1
1788835035,684909836,342445,0,1
1788835036,685921588,342951,0,1
1788835037,686929479,343455,0,1
1788835038,687941376,343961,0,1
1788835039,688951839,344466,0,1
1788835040,689959891,344970,0,1
1788835041,690971713,345476,0,1
1788835042,691981648,345981,0,1
1788835043,692991707,346486,0,1
1788835044,694005883,346993,0,1
1788835045,695015862,347498,0,1
1788835046,696027466,348004,0,1
1788835047,697039516,348510,0,1
1788835048,698051286,349016,0,1
1788835049,699063792,349522,0,1
1788835050,700077715,350029,0,1
1788835051,701087805,350534,0,1
1788835052,702097996,351039,0,1
1788835053,703113678,351547,0,1
1788835054,704125627,352053,0,1
1788835055,705133410,352557,0,1
1788835056,706141710,353061,0,1
1788835057,707151436,353566,0,1
1788835058,708161350,354071,0,1
1788835059,709173811,354577,0,1
1788835060,710185202,355083,0,1
1788835061,711195576,355588,0,1
1788835063,712203739,356092,0,1
1788835064,713213913,356597,0,1
1788835065,714225681,357103,0,1
1788835066,715239854,357610,0,1
1788835067,716249791,358115,0,1
1788835068,717265284,358623,0,1
1788835069,718277263,359129,0,1
1788835070,719289704,359635,0,1
1788835071,720297545,360139,0,1
1788835072,721307852,360644,0,1
1788835073,722319198,361150,0,1
1788835074,723327892,361654,0,1
1788835075,724337778,362159,0,1
1788835076,725349292,362665,0,1
1788835077,726359425,363170,0,1
1788835078,727367535,363674,0,1
1788835079,728379284,364180,0,1
1788835080,729387784,364684,0,1
1788835081,730395777,365188,0,1
1788835082,731407849,365694,0,1
1788835083,732417351,366199,0,1
1788835084,733429173,366705,0,1
1788835085,734437443,367209,0,1
1788835086,735447282,367714,0,1
1788835087,736463676,368222,0,1
1788835088,737473472,368727,0,1
1788835089,738481919,369231,0,1
1788835090,739493853,369737,0,1
1788835091,740511694,370246,0,1
1788835092,741523127,370752,0,1
1788835093,742531525,371256,0,1
1788835094,743539740,371760,0,1
1788835095,744551628,372266,0,1
1788835096,745560006,372770,0,1
1788835097,746573572,373277,0,1
1788835098,747587461,373784,0,1
1788835099,748595134,374288,0,1
1788835100,749609390,374795,0,1
1788835101,750619446,375300,0,1
1788835102,751629324,375805,0,1
1788835103,752643188,376312,0,1
1788835104,753651257,376816,0,1
1788835105,754661730,377321,0,1
1788835106,755673230,377827,0,1
1788835107,756685081,378333,0,1
1788835108,757695728,378838,0,1
1788835109,758705454,379343,0,1
1788835110,759715317,379848,0,1
1788835111,760723510,380352,0,1
1788835112,761737354,380859,0,1
1788835113,762747804,381364,0,1
1788835114,763757447,381869,0,1
1788835115,764767257,382374,0,1
1788835116,765777916,382879,0,1
1788835117,766787191,383384,0,1
1788835118,767795891,383888,0,1
1788835119,768807546,384394,0,1
1788835120,769817356,384899,0,1
1788835121,770825941,385403,0,1
1788835122,771835665,385908,0,1
1788835123,772845382,386413,0,1
1788835124,773855917,386918,0,1
1788835125,774871315,387426,0,1
1788835126,775883857,387932,0,1
1788835127,776899084,388440,0,1
1788835128,777909818,388945,0,1
1788835129,778917981,389449,0,1
1788835130,779927508,389954,0,1
1788835131,780941359,390461,0,1
1788835132,781953184,390967,0,1
1788835133,782961450,391471,0,1
1788835134,783973552,391977,0,1
1788835135,784983551,392482,0,1
1788835136,785997804,392989,0,1
1788835137,787007575,393494,0,1
1788835138,788019086,394000,0,1
1788835139,789031797,394506,0,1
1788835140,790045232,395013,0,1
1788835141,791053630,395517,0,1
1788835142,792063242,396022,0,1
1788835143,793077269,396529,0,1
1788835144,794089563,397035,0,1
1788835145,795103656,397542,0,1
1788835146,796117328,398049,0,1
1788835147,797128004,398554,0,1
1788835148,798135256,399058,0,1
1788835149,799145387,399563,0,1
1788835151,800155222,400068,0,1
1788835152,801163127,400572,0,1
1788835153,802171834,401076,0,1
1788835154,803181186,401581,0,1
1788835155,804193102,402087,0,1
1788835156,805199991,402590,0,1
1788835157,806215939,403098,0,1
1788835158,807225899,403603,0,1
1788835159,808237720,404109,0,1
1788835160,809253187,404617,0,1
1788835161,810261450,405121,0,1
1788835162,811269496,405625,0,1
1788835163,812279905,406130,0,1
1788835164,813287599,406634,0,1
1788835165,814295935,407138,0,1
1788835166,815305764,407643,0,1
1788835167,816315452,408148,0,1
1788835168,817325623,408653,0,1
1788835169,818337548,409159,0,1
1788835170,819345377,409663,0,1
1788835171,820357206,410169,0,1
1788835172,821365958,410673,0,1
1788835173,822379535,411180,0,1
1788835174,823391487,411686,0,1
1788835175,824403710,412192,0,1
1788835176,825417273,412699,0,1
1788835177,826429431,413205,0,1
1788835178,827441574,413711,0,1
1788835179,828455186,414218,0,1
1788835180,829465507,414723,0,1
1788835181,830479622,415230,0,1
1788835182,831491593,415736,0,1
1788835183,832501829,416241,0,1
1788835184,833513737,416747,0,1
1788835185,834527389,417254,0,1
1788835186,835535092,417758,0,1
1788835187,836543612,418262,0,1
1788835188,837553341,418767,0,1
1788835189,838563477,419272,0,1
1788835190,839575704,419778,0,1
1788835191,840589207,420285,0,1
1788835192,841599667,420790,0,1
1788835193,842611446,421296,0,1
1788835194,843621550,421801,0,1
1788835195,844633413,422307,0,1
1788835196,845641800,422811,0,1
1788835197,846653776,423317,0,1
1788835198,847665861,423823,0,1
1788835199,848675319,424328,0,1
1788835200,849788010,424884,0,1
1788835201,850699218,425340,0,1
1788835202,851809830,425895,0,1
1788835203,852819461,426400,0,1
1788835204,853827791,426904,0,1
1788835205,854837424,427409,0,1
1788835206,855845934,427913,0,1
1788835207,856854085,428417,0,1
1788835208,857865522,428923,0,1
1788835209,858877688,429429,0,1
1788835210,859891969,429936,0,1
1788835211,860903847,430442,0,1
1788835212,861913582,430947,0,1
1788835213,862925688,431453,0,1
1788835214,863935850,431958,0,1
1788835215,864943607,432462,0,1
1788835216,865951733,432966,0,1
1788835217,866963740,433472,0,1
1788835218,867970990,433976,0,1
1788835219,868977122,434479,0,1
1788835220,869987351,434984,0,1
1788835221,870995890,435488,0,1
1788835222,872005873,435993,0,1
1788835223,873017657,436499,0,1
1788835224,874031316,437006,0,1
1788835225,875039975,437510,0,1
1788835226,876049920,438015,0,1
1788835227,877061800,438521,0,1
1788835228,878075548,439028,0,1
1788835229,879083540,439532,0,1
1788835230,880091974,440036,0,1
1788835231,881097650,440539,0,1
1788835232,882111909,441046,0,1
1788835233,883121385,441551,0,1
1788835234,884133088,442057,0,1
1788835235,885143360,442562,0,1
1788835236,886153062,443067,0,1
1788835237,887159504,443570,0,1
1788835239,888171403,444076,0,1
1788835240,889179933,444580,0,1
1788835241,890187962,445084,0,1
1788835242,891199544,445590,0,1
1788835243,892208089,446094,0,1
1788835244,893221087,446601,0,1
1788835245,894231257,447106,0,1
1788835246,895237407,447609,0,1
1788835247,896243798,448112,0,1
1788835248,897254018,448617,0,1
1788835249,898263581,449122,0,1
1788835250,899275259,449628,0,1
1788835251,900285384,450133,0,1
1788835252,901297185,450639,0,1
1788835253,902305629,451143,0,1
1788835254,903313353,451647,0,1
1788835255,904323103,452152,0,1
1788835256,905329682,452655,0,1
1788835257,906337933,453159,0,1
1788835258,907347754,453664,0,1
1788835259,908359055,454170,0,1
1788835260,909367593,454674,0,1
1788835261,910383215,455182,0,1
1788835262,911391595,455686,0,1
1788835263,912399800,456190,0,1
1788835264,913507563,456744,0,1
1788835265,914517683,457249,0,1
1788835266,915529827,457755,0,1
1788835267,916539646,458260,0,1
1788835268,917551254,458766,0,1
1788835269,918561773,459271,0,1
1788835270,919571757,459776,0,1
1788835271,920583145,460282,0,1
1788835272,921593314,460787,0,1
1788835273,922601185,461291,0,1
1788835274,923611193,461796,0,1
1788835275,924621298,462301,0,1
1788835276,925635617,462808,0,1
1788835277,926643825,463312,0,1
1788835278,927653529,463817,0,1
1788835279,928665466,464323,0,1
1788835280,929677569,464829,0,1
1788835281,930689962,465335,0,1
1788835282,931697730,465839,0,1
1788835283,932705823,466343,0,1
1788835284,933719643,466850,0,1
1788835285,934727570,467354,0,1
1788835286,935743255,467862,0,1
1788835287,936751084,468366,0,1
1788835288,937761313,468871,0,1
1788835289,938771574,469376,0,1
1788835290,939785604,469883,0,1
1788835291,940801483,470391,0,1
1788835292,941813449,470897,0,1
1788835293,942821707,471401,0,1
1788835294,943831323,471906,0,1
1788835295,944839143,472410,0,1
1788835296,945851911,472916,0,1
1788835297,946865313,473423,0,1
1788835298,947875420,473928,0,1
1788835299,948889184,474435,0,1
1788835300,949901870,474941,0,1
1788835301,950911290,475446,0,1
1788835302,951921529,475951,0,1
1788835303,952935685,476458,0,1
1788835304,953947339,476964,0,1
1788835305,954955731,477468,0,1
1788835306,955965542,477973,0,1
1788835307,956973870,478477,0,1
1788835308,957981856,478981,0,1
1788835309,958995591,479488,0,1
1788835310,960007798,479994,0,1
1788835311,961019566,480500,0,1
1788835312,962031603,481006,0,1
1788835313,963045265,481513,0,1
1788835314,964057521,482019,0,1
1788835315,965067767,482524,0,1
1788835316,966079577,483030,0,1
1788835317,967091969,483536,0,1
1788835318,968099877,484040,0,1
1788835319,969113176,484547,0,1
1788835320,970121373,485051,0,1
1788835321,971135476,485558,0,1
1788835322,972141439,486061,0,1
1788835323,973155815,486568,0,1
1788835324,974167466,487074,0,1
1788835326,975180023,487580,0,1
1788835327,976189942,488085,0,1
1788835328,977203707,488592,0,1
1788835329,978217956,489099,0,1
1788835330,979227597,489604,0,1
1788835331,980237801,490109,0,1
1788835332,981249659,490615,0,1
1788835333,982261307,491121,0,1
1788835334,983273326,491627,0,1
1788835335,984283497,492132,0,1
1788835336,985291904,492636,0,1
1788835337,986301783,493141,0,1
1788835338,987313205,493647,0,1
1788835339,988333490,494157,0,1
1788835340,989343863,494662,0,1
1788835341,990351576,495166,0,1
1788835342,991361424,495671,0,1
1788835343,992373297,496177,0,1
1788835344,993385760,496683,0,1
1788835345,994398008,497189,0,1
1788835346,995407304,497694,0,1
1788835347,996415672,498198,0,1
1788835348,997429232,498705,0,1
1788835349,998439602,499210,0,1
1788835350,999451602,499716,0,1
1788835351,1000463186,500222,0,1
1788835352,1001473378,500727,0,1
1788835353,1002479887,501230,0,1
1788835354,1003491737,501736,0,1
1788835355,1004503464,502242,0,1
1788835356,1005517309,502749,0,1
1788835357,1006529729,503255,0,1
1788835358,1007537886,503759,0,1
1788835359,1008547459,504264,0,1
1788835360,1009557272,504769,0,1
1788835361,1010569132,505275,0,1
1788835362,1011581289,505781,0,1
1788835363,1012589653,506285,0,1
1788835364,1013597683,506789,0,1
1788835365,1014607766,507294,0,1
1788835366,1015619517,507800,0,1
1788835367,1016631279,508306,0,1
1788835368,1017639384,508810,0,1
1788835369,1018649598,509315,0,1
1788835370,1019657635,509819,0,1
1788835371,1020667068,510324,0,1
1788835372,1021675172,510828,0,1
1788835373,1022683629,511332,0,1
1788835374,1023691185,511836,0,1
1788835375,1024703115,512342,0,1
1788835376,1025711444,512846,0,1
1788835377,1026719638,513350,0,1
1788835378,1027731638,513856,0,1
1788835379,1028742042,514361,0,1
1788835380,1029753531,514867,0,1
1788835381,1030763712,515372,0,1
1788835382,1031776032,515878,0,1
1788835383,1032785615,516383,0,1
1788835384,1033797575,516889,0,1
1788835385,1034809176,517395,0,1
1788835386,1035819240,517900,0,1
1788835387,1036827781,518404,0,1
1788835388,1037839395,518910,0,1
1788835389,1038845862,519413,0,1
1788835390,1039857487,519919,0,1
1788835391,1040871385,520426,0,1
1788835392,1041881712,520931,0,1
1788835393,1042893438,521437,0,1
1788835394,1043899811,521940,0,1
1788835395,1044911544,522446,0,1
1788835396,1045919905,522950,0,1
1788835397,1046929521,523455,0,1
1788835398,1047941305,523961,0,1
1788835399,1048951888,524466,0,1
1788835400,1049963540,524972,0,1
1788835401,1050975451,525478,0,1
1788835402,1051985673,525983,0,1
1788835403,1052995127,526488,0,1
1788835404,1054005552,526993,0,1
1788835405,1055019830,527500,0,1
1788835406,1056031020,528006,0,1
1788835407,1057039913,528510,0,1
1788835408,1058049517,529015,0,1
1788835409,1059159443,529570,0,1
1788835410,1060171473,530076,0,1
1788835411,1061177886,530579,0,1
1788835412,1062187386,531084,0,1
1788835413,1063203840,531592,0,1
1788835415,1064217076,532099,0,1
1788835416,1065223066,532602,0,1
1788835417,1066233236,533107,0,1
1788835418,1067243563,533612,0,1
1788835419,1068253917,534117,0,1
1788835420,1069267757,534624,0,1
1788835421,1070277391,535129,0,1
1788835422,1071287099,535634,0,1
1788835423,1072297551,536139,0,1
1788835424,1073309207,536645,0,1
1788835425,1074317854,537149,0,1
1788835426,1075327959,537654,0,1
1788835427,1076343569,538162,0,1
1788835428,1077355636,538668,0,1
1788835429,1078367619,539174,0,1
1788835430,1079379488,539680,0,1
1788835431,1080391266,540186,0,1
1788835432,1081403871,540692,0,1
1788835433,1082413526,541197,0,1
1788835434,1083423485,541702,0,1
1788835435,1084433818,542207,0,1
1788835436,1085445985,542713,0,1
1788835437,1086457786,543219,0,1
1788835438,1087467468,543724,0,1
1788835439,1088479449,544230,0,1
1788835440,1089493350,544737,0,1
1788835441,1090505506,545243,0,1
1788835442,1091519260,545750,0,1
1788835443,1092531121,546256,0,1
1788835444,1093541453,546761,0,1
1788835445,1094549633,547265,0,1
1788835446,1095559141,547770,0,1
1788835447,1096569685,548275,0,1
1788835448,1097581797,548781,0,1
1788835449,1098593575,549287,0,1
1788835450,1099609717,549795,0,1
1788835451,1100621229,550301,0,1
1788835452,1101631138,550806,0,1
1788835453,1102643614,551312,0,1
1788835454,1103653279,551817,0,1
1788835455,1104659213,552320,0,1
1788835456,1105669098,552825,0,1
1788835457,1106679632,553330,0,1
1788835458,1107689647,553835,0,1
1788835459,1108701128,554341,0,1
1788835460,1109709257,554845,0,1
1788835461,1110719553,555350,0,1
1788835462,1111729870,555855,0,1
1788835463,1112739512,556360,0,1
1788835464,1113747188,556864,0,1
1788835465,1114757254,557369,0,1
1788835466,1115764108,557872,0,1
1788835467,1116775710,558378,0,1
1788835468,1117789117,558885,0,1
1788835469,1118799761,559390,0,1
1788835470,1119813233,559897,0,1
1788835471,1120825380,560403,0,1
1788835472,1121835104,560908,0,1
1788835473,1122843944,561412,0,1
1788835474,1123853912,561917,0,1
1788835475,1124865518,562423,0,1
1788835476,1125875870,562928,0,1
1788835477,1126883221,563432,0,1
1788835478,1127891699,563936,0,1
1788835479,1128903378,564442,0,1
1788835480,1129913110,564947,0,1
1788835481,1130919879,565450,0,1
1788835482,1131927498,565954,0,1
1788835483,1132943595,566462,0,1
1788835484,1133961347,566971,0,1
1788835485,1134971962,567476,0,1
1788835486,1135985552,567983,0,1
1788835487,1136993411,568487,0,1
1788835488,1138005270,568993,0,1
1788835489,1139017612,569499,0,1
1788835490,1140027394,570004,0,1
1788835491,1141033090,570507,0,1
1788835492,1142043562,571012,0,1
1788835493,1143055787,571518,0,1
1788835494,1144067409,572024,0,1
1788835495,1145077688,572529,0,1
1788835496,1146089944,573035,0,1
1788835497,1147099829,573540,0,1
1788835498,1148109583,574045,0,1
1788835499,1149119861,574550,0,1
1788835500,1150131135,575056,0,1
1788835501,1151137902,575559,0,1
1788835503,1152145247,576063,0,1
1788835504,1153153629,576567,0,1
1788835505,1154163468,577072,0,1
1788835506,1155175800,577578,0,1
1788835507,1156183509,578082,0,1
1788835508,1157189582,578585,0,1
1788835509,1158197474,579089,0,1
1788835510,1159203654,579592,0,1
1788835511,1160213554,580097,0,1
1788835512,1161221626,580601,0,1
1788835513,1162233194,581107,0,1
1788835514,1163241195,581611,0,1
1788835515,1164351548,582166,0,1
1788835516,1165263565,582622,0,1
1788835517,1166271622,583126,0,1
1788835518,1167381389,583681,0,1
1788835519,1168389913,584185,0,1
1788835520,1169401942,584691,0,1
1788835521,1170411354,585196,0,1
1788835522,1171423359,585702,0,1
1788835523,1172433818,586207,0,1
1788835524,1173443252,586712,0,1
1788835525,1174453504,587217,0,1
1788835526,1175461902,587721,0,1
1788835527,1176477219,588229,0,1
1788835528,1177487541,588734,0,1
1788835529,1178501406,589241,0,1
1788835530,1179509413,589745,0,1
1788835531,1180521654,590251,0,1
1788835532,1181533540,590757,0,1
1788835533,1182543726,591262,0,1
1788835534,1183549955,591765,0,1
1788835535,1184559083,592270,0,1
1788835536,1185569351,592775,0,1
1788835537,1186581583,593281,0,1
1788835538,1187591127,593786,0,1
1788835539,1188599380,594290,0,1
1788835540,1189609194,594795,0,1
1788835541,1190617601,595299,0,1
1788835542,1191623881,595802,0,1
1788835543,1192635958,596308,0,1
1788835544,1193645634,596813,0,1
1788835545,1194653549,597317,0,1
1788835546,1195661938,597821,0,1
1788835547,1196671391,598326,0,1
1788835548,1197683256,598832,0,1
1788835549,1198691928,599336,0,1
1788835550,1199701340,599841,0,1
1788835551,1200711323,600346,0,1
1788835552,1201722020,600851,0,1
1788835553,1202733534,601357,0,1
1788835554,1203745126,601863,0,1
1788835555,1204755794,602368,0,1
1788835556,1205765507,602873,0,1
1788835557,1206779420,603380,0,1
1788835558,1207791620,603886,0,1
1788835559,1208801986,604391,0,1
1788835560,1209811847,604896,0,1
1788835561,1210823787,605402,0,1
1788835562,1211841737,605911,0,1
1788835563,1212851069,606416,0,1
1788835564,1213857814,606919,0,1
1788835565,1214869784,607425,0,1
1788835566,1215883527,607932,0,1
1788835567,1216895795,608438,0,1
1788835568,1217905636,608943,0,1
1788835569,1218915979,609448,0,1
1788835570,1219927426,609954,0,1
1788835571,1220937379,610459,0,1
1788835572,1221947848,610964,0,1
1788835573,1222959512,611470,0,1
1788835574,1223969221,611975,0,1
1788835575,1224977271,612479,0,1
1788835576,1225983737,612982,0,1
1788835577,1226991521,613486,0,1
1788835578,1228001428,613991,0,1
1788835579,1229011276,614496,0,1
1788835580,1230021191,615001,0,1
1788835581,1231029477,615505,0,1
1788835582,1232037289,616009,0,1
1788835583,1233047444,616514,0,1
1788835584,1234057568,617019,0,1
1788835585,1235069735,617525,0,1
1788835586,1236083067,618032,0,1
1788835587,1237093528,618537,0,1
1788835588,1238103715,619042,0,1
1788835589,1239111749,619546,0,1
1788835591,1240123898,620052,0,1
1788835592,1241135048,620558,0,1
1788835593,1242145348,621063,0,1
1788835594,1243255410,621618,0,1
1788835595,1244263070,622122,0,1
1788835596,1245269641,622625,0,1
1788835597,1246275645,623128,0,1
1788835598,1247283908,623632,0,1
1788835599,1248295973,624138,0,1
1788835600,1249307477,624644,0,1
1788835601,1250321661,625151,0,1
1788835602,1251333259,625657,0,1
1788835603,1252345325,626163,0,1
1788835604,1253353882,626667,0,1
1788835605,1254367189,627174,0,1
1788835606,1255381465,627681,0,1
1788835607,1256395770,628188,0,1
1788835608,1257405509,628693,0,1
1788835609,1258419978,629200,0,1
1788835610,1259431055,629706,0,1
1788835611,1260437326,630209,0,1
1788835612,1261449680,630715,0,1
1788835613,1262461789,631221,0,1
1788835614,1263473185,631727,0,1
1788835615,1264483324,632232,0,1
1788835616,1265491961,632736,0,1
1788835617,1266503433,633242,0,1
1788835618,1267513763,633747,0,1
1788835619,1268525897,634253,0,1
1788835620,1269535080,634758,0,1
1788835621,1270545380,635263,0,1
1788835622,1271557292,635769,0,1
1788835623,1272565553,636273,0,1
1788835624,1273573073,636777,0,1
1788835625,1274581963,637281,0,1
1788835626,1275593333,637787,0,1
1788835627,1276603781,638292,0,1
1788835628,1277617234,638799,0,1
1788835629,1278627270,639304,0,1
1788835630,1279639306,639810,0,1
1788835631,1280651505,640316,0,1
1788835632,1281661346,640821,0,1
1788835633,1282669400,641325,0,1
1788835634,1283680066,641830,0,1
1788835635,1284691981,642336,0,1
1788835636,1285703126,642842,0,1
1788835637,1286715248,643348,0,1
1788835638,1287729310,643855,0,1
1788835639,1288739707,644360,0,1
1788835640,1289747347,644864,0,1
1788835641,1290755100,645368,0,1
1788835642,1291763115,645872,0,1
1788835643,1292771616,646376,0,1
1788835644,1293779258,646880,0,1
1788835645,1294791767,647386,0,1
1788835646,1295805239,647893,0,1
1788835647,1296811477,648396,0,1
1788835648,1297817783,648899,0,1
1788835649,1298829078,649405,0,1
1788835650,1299837417,649909,0,1
1788835651,1300845257,650413,0,1
1788835652,1301859322,650920,0,1
1788835653,1302867705,651424,0,1
1788835654,1303877679,651929,0,1
1788835655,1304885844,652433,0,1
1788835656,1305897750,652939,0,1
1788835657,1306907156,653444,0,1
1788835658,1307917092,653949,0,1
1788835659,1308923832,654452,0,1
1788835660,1309931188,654956,0,1
1788835661,1310939145,655460,0,1
1788835662,1311949590,655965,0,1
1788835663,1312957363,656469,0,1
1788835664,1313967292,656974,0,1
1788835665,1314977712,657479,0,1
1788835666,1315985215,657983,0,1
1788835667,1316991718,658486,0,1
1788835668,1318101076,659041,0,1
1788835669,1319109509,659545,0,1
1788835670,1320121604,660051,0,1
1788835671,1321133659,660557,0,1
1788835672,1322143102,661062,0,1
1788835673,1323149643,661565,0,1
1788835674,1324161472,662071,0,1
1788835675,1325175109,662578,0,1
1788835676,1326185334,663083,0,1
1788835677,1327193478,663587,0,1
1788835678,1328207310,664094,0,1
1788835680,1329217778,664599,0,1
1788835681,1330231289,665106,0,1
1788835682,1331241324,665611,0,1
1788835683,1332157291,666069,0,1
1788835684,1333267525,666624,0,1
1788835685,1334279410,667130,0,1
1788835686,1335291918,667636,0,1
1788835687,1336303793,668142,0,1
1788835688,1337315262,668648,0,1
1788835689,1338325486,669153,0,1
1788835690,1339237064,669609,0,1
1788835691,1340249297,670115,0,1
1788835692,1341263184,670622,0,1
1788835693,1342277162,671129,0,1
1788835694,1343287129,671634,0,1
1788835695,1344297119,672139,0,1
1788835696,1345305767,672643,0,1
1788835697,1346313864,673147,0,1
1788835698,1347421465,673701,0,1
1788835699,1348429199,674205,0,1
1788835700,1349435713,674708,0,1
1788835701,1350443583,675212,0,1
1788835702,1351453417,675717,0,1
1788835703,1352463930,676222,0,1
1788835704,1353473518,676727,0,1
1788835705,1354483247,677232,0,1
1788835706,1355493812,677737,0,1
1788835707,1356503526,678242,0,1
1788835708,1357513286,678747,0,1
1788835709,1358523320,679252,0,1
1788835710,1359531678,679756,0,1
1788835711,1360545759,680263,0,1
1788835712,1361555985,680768,0,1
1788835713,1362571760,681276,0,1
1788835714,1363581806,681781,0,1
1788835715,1364593126,682287,0,1
1788835716,1365601730,682791,0,1
1788835717,1366611631,683296,0,1
1788835718,1367621620,683801,0,1
1788835719,1368631589,684306,0,1
1788835720,1369641839,684811,0,1
1788835721,1370651970,685316,0,1
1788835722,1371659714,685820,0,1
1788835723,1372669307,686325,0,1
1788835724,1373677715,686829,0,1
1788835725,1374689448,687335,0,1
1788835726,1375699061,687840,0,1
1788835727,1376713394,688347,0,1
1788835728,1377725938,688853,0,1
1788835729,1378737346,689359,0,1
1788835730,1379749152,689865,0,1
1788835731,1380761216,690371,0,1
1788835732,1381773632,690877,0,1
1788835733,1382783534,691382,0,1
1788835734,1383795270,691888,0,1
1788835735,1384803387,692392,0,1
1788835736,1385813472,692897,0,1
1788835737,1386825387,693403,0,1
1788835738,1387835728,693908,0,1
1788835739,1388847263,694414,0,1
1788835740,1389857438,694919,0,1
1788835741,1390869185,695425,0,1
1788835742,1391879172,695930,0,1
1788835743,1392887887,696434,0,1
1788835744,1393897229,696939,0,1
1788835745,1394909658,697445,0,1
1788835746,1395919128,697950,0,1
1788835747,1396927086,698454,0,1
1788835748,1397939300,698960,0,1
1788835749,1398951890,699466,0,1
1788835750,1399963107,699972,0,1
1788835751,1400971836,700476,0,1
1788835752,1401981249,700981,0,1
1788835753,1402993394,701487,0,1
1788835754,1404005360,701993,0,1
1788835755,1405017450,702499,0,1
1788835756,1406031093,703006,0,1
1788835757,1407043269,703512,0,1
1788835758,1408051869,704016,0,1
1788835759,1409063573,704522,0,1
1788835760,1410075416,705028,0,1
1788835761,1411087752,705534,0,1
1788835762,1412099068,706040,0,1
1788835763,1413109317,706545,0,1
1788835764,1414121372,707051,0,1
1788835765,1415131268,707556,0,1
1788835766,1416141276,708061,0,1
1788835768,1417151623,708566,0,1
1788835769,1418161570,709071,0,1
1788835770,1419173446,709577,0,1
1788835771,1420181838,710081,0,1
1788835772,1421193632,710587,0,1
1788835773,1422203259,711092,0,1
1788835774,1423215192,711598,0,1
1788835775,1424223024,712102,0,1
1788835776,1425235566,712608,0,1
1788835777,1426248028,713114,0,1
1788835778,1427257948,713619,0,1
1788835779,1428271197,714126,0,1
1788835780,1429279435,714630,0,1
1788835781,1430289377,715135,0,1
1788835782,1431299539,715640,0,1
1788835783,1432311870,716146,0,1
1788835784,1433321214,716651,0,1
1788835785,1434333260,717157,0,1
1788835786,1435343383,717662,0,1
1788835787,1436355305,718168,0,1
1788835788,1437363575,718672,0,1
1788835789,1438373977,719177,0,1
1788835790,1439383636,719682,0,1
1788835791,1440395314,720188,0,1
1788835792,1441407278,720694,0,1
1788835793,1442417484,721199,0,1
1788835794,1443429318,721705,0,1
1788835795,1444441510,722211,0,1
1788835796,1445447715,722714,0,1
1788835797,1446459294,723220,0,1
1788835798,1447471567,723726,0,1
1788835799,1448481134,724231,0,1
1788835800,1449493411,724737,0,1
1788835801,1450505703,725243,0,1
1788835802,1451515224,725748,0,1
1788835803,1452523178,726252,0,1
1788835804,1453535925,726758,0,1
1788835805,1454547578,727264,0,1
1788835806,1455557372,727769,0,1
1788835807,1456665716,728323,0,1
1788835808,1457673228,728827,0,1
1788835809,1458681751,729331,0,1
1788835810,1459695613,729838,0,1
1788835811,1460705808,730343,0,1
1788835812,1461715918,730848,0,1
1788835813,1462725561,731353,0,1
1788835814,1463734099,731857,0,1
1788835815,1464739333,732360,0,1
1788835816,1465751653,732866,0,1
1788835817,1466761957,733371,0,1
1788835818,1467771656,733876,0,1
1788835819,1468779461,734380,0,1
1788835820,1469791470,734886,0,1
1788835821,1470797813,735389,0,1
1788835822,1471809633,735895,0,1
1788835823,1472819908,736400,0,1
1788835824,1473833499,736907,0,1
1788835825,1474845661,737413,0,1
1788835826,1475855877,737918,0,1
1788835827,1476869373,738425,0,1
1788835828,1477877390,738929,0,1
1788835829,1478889313,739435,0,1
1788835830,1479899277,739940,0,1
1788835831,1480913279,740447,0,1
1788835832,1481925837,740953,0,1
1788835833,1482937512,741459,0,1
1788835834,1483947901,741964,0,1
1788835835,1484961457,742471,0,1
1788835836,1485971207,742976,0,1
1788835837,1486982039,743481,0,1
1788835838,1487991562,743986,0,1
1788835839,1489003985,744492,0,1
1788835840,1490013645,744997,0,1
1788835841,1491025353,745503,0,1
1788835842,1492033370,746007,0,1
1788835843,1493039457,746510,0,1
1788835844,1494047820,747014,0,1
1788835845,1495059318,747520,0,1
1788835846,1496067494,748024,0,1
1788835847,1497079401,748530,0,1
1788835848,1498087734,749034,0,1
1788835849,1499097459,749539,0,1
1788835850,1500107317,750044,0,1
1788835851,1501119431,750550,0,1
1788835852,1502131664,751056,0,1
1788835853,1503141684,751561,0,1
1788835854,1504153735,752067,0,1
1788835856,1505166049,752573,0,1
1788835857,1506175753,753078,0,1
1788835858,1507187619,753584,0,1
1788835859,1508195322,754088,0,1
1788835860,1509207309,754594,0,1
1788835861,1510217348,755099,0,1
1788835862,1511229324,755605,0,1
1788835863,1512241686,756111,0,1
1788835864,1513251837,756616,0,1
1788835865,1514259524,757120,0,1
1788835866,1515269257,757625,0,1
1788835867,1516279229,758130,0,1
1788835868,1517288014,758634,0,1
1788835869,1518299217,759140,0,1
1788835870,1519307318,759644,0,1
1788835871,1520317482,760149,0,1
1788835872,1521329701,760655,0,1
1788835873,1522343474,761162,0,1
1788835874,1523351530,761666,0,1
1788835875,1524361686,762171,0,1
1788835876,1525373267,762677,0,1
1788835877,1526387818,763184,0,1
1788835878,1527399811,763690,0,1
1788835879,1528409485,764195,0,1
1788835880,1529423115,764702,0,1
1788835881,1530431639,765206,0,1
1788835882,1531443836,765712,0,1
1788835883,1532453323,766217,0,1
1788835884,1533467782,766724,0,1
1788835885,1534481889,767231,0,1
1788835886,1535493444,767737,0,1
1788835887,1536505817,768243,0,1
1788835888,1537513779,768747,0,1
1788835889,1538521850,769251,0,1
1788835890,1539533251,769757,0,1
1788835891,1540541962,770261,0,1
1788835892,1541553314,770767,0,1
1788835893,1542565358,771273,0,1
1788835894,1543575427,771778,0,1
1788835895,1544587254,772284,0,1
1788835896,1545597385,772789,0,1
1788835897,1546609435,773295,0,1
1788835898,1547621186,773801,0,1
1788835899,1548633450,774307,0,1
1788835900,1549643619,774812,0,1
1788835901,1550655531,775318,0,1
1788835902,1551667941,775824,0,1
1788835903,1552681834,776331,0,1
1788835904,1553693578,776837,0,1
1788835905,1554705528,777343,0,1
1788835906,1555717391,777849,0,1
1788835907,1556727316,778354,0,1
1788835908,1557735548,778858,0,1
1788835909,1558743686,779362,0,1
1788835910,1559755455,779868,0,1
1788835911,1560765386,780373,0,1
1788835912,1561775372,780878,0,1
1788835913,1562785900,781383,0,1
1788835914,1563795895,781888,0,1
1788835915,1564805595,782393,0,1
1788835916,1565813841,782897,0,1
1788835917,1566823835,783402,0,1
1788835918,1567831944,783906,0,1
1788835919,1568847346,784414,0,1
1788835920,1569861132,784921,0,1
1788835921,1570871120,785426,0,1
1788835922,1571877508,785929,0,1
1788835923,1572885254,786433,0,1
1788835924,1573995267,786988,0,1
1788835925,1574909185,787445,0,1
1788835926,1576015566,787998,0,1
1788835927,1577021904,788501,0,1
1788835928,1578029326,789005,0,1
1788835929,1579039685,789510,0,1
1788835930,1580049014,790015,0,1
1788835931,1581053701,790517,0,1
1788835932,1582065190,791023,0,1
1788835933,1583071900,791526,0,1
1788835934,1584082054,792031,0,1
1788835935,1585091375,792536,0,1
1788835936,1586101260,793041,0,1
1788835937,1587111279,793546,0,1
1788835938,1588121569,794051,0,1
1788835939,1589139295,794560,0,1
1788835940,1590149291,795065,0,1
1788835941,1591159606,795570,0,1
1788835942,1592167393,796074,0,1
1788835943,1593175129,796578,0,1
1788835945,1594181761,797081,0,1
1788835946,1595191529,797586,0,1
1788835947,1596201831,798091,0,1
1788835948,1597215087,798598,0,1
1788835949,1598225830,799103,0,1
1788835950,1599233952,799607,0,1
1788835951,1600241654,800111,0,1
1788835952,1601252051,800616,0,1
1788835953,1602265531,801123,0,1
1788835954,1603277072,801629,0,1
1788835955,1604287708,802134,0,1
1788835956,1605299729,802640,0,1
1788835957,1606309163,803145,0,1
1788835958,1607317836,803649,0,1
1788835959,1608329515,804155,0,1
1788835960,1609339124,804660,0,1
1788835961,1610350009,805165,0,1
1788835962,1611359440,805670,0,1
1788835963,1612367148,806174,0,1
1788835964,1613373426,806677,0,1
1788835965,1614383217,807182,0,1
1788835966,1615389840,807685,0,1
1788835967,1616403506,808192,0,1
1788835968,1617413753,808697,0,1
1788835969,1618427317,809204,0,1
1788835970,1619433663,809707,0,1
1788835971,1620443921,810212,0,1
1788835972,1621451594,810716,0,1
1788835973,1622459304,811220,0,1
1788835974,1623471854,811726,0,1
1788835975,1624483945,812232,0,1
1788835976,1625495889,812738,0,1
1788835977,1626503321,813242,0,1
1788835978,1627511431,813746,0,1
1788835979,1628521723,814251,0,1
1788835980,1629531381,814756,0,1
1788835981,1630541423,815261,0,1
1788835982,1631550034,815765,0,1
1788835983,1632563323,816272,0,1
1788835984,1633573782,816777,0,1
1788835985,1634589311,817285,0,1
1788835986,1635605084,817793,0,1
1788835987,1636615923,818298,0,1
1788835988,1637629581,818805,0,1
1788835989,1638643569,819312,0,1
1788835990,1639653585,819817,0,1
1788835991,1640665360,820323,0,1
1788835992,1641673065,820827,0,1
1788835993,1642687457,821334,0,1
1788835994,1643699415,821840,0,1
1788835995,1644709892,822345,0,1
1788835996,1645721319,822851,0,1
1788835997,1646733053,823357,0,1
1788835998,1647741587,823861,0,1
1788835999,1648755713,824368,0,1
1788836000,1649767254,824874,0,1
1788836001,1650779547,825380,0,1
1788836002,1651793163,825887,0,1
1788836003,1652805515,826393,0,1
1788836004,1653815331,826898,0,1
1788836005,1654823543,827402,0,1
1788836006,1655831954,827906,0,1
1788836007,1656843088,828412,0,1
1788836008,1657849492,828915,0,1
1788836009,1658859662,829420,0,1
1788836010,1659869726,829925,0,1
1788836011,1660881842,830431,0,1
1788836012,1661897027,830939,0,1
1788836013,1662907488,831444,0,1
1788836014,1663919110,831950,0,1
1788836015,1664929633,832455,0,1
1788836016,1665939552,832960,0,1
1788836017,1666949210,833465,0,1
1788836018,1667957814,833969,0,1
1788836019,1668971658,834476,0,1
1788836020,1669987888,834984,0,1
1788836021,1670999864,835490,0,1
1788836022,1672013481,835997,0,1
1788836023,1673021446,836501,0,1
1788836024,1674031719,837006,0,1
1788836025,1675047713,837514,0,1
1788836026,1676059085,838020,0,1
1788836027,1677067973,838524,0,1
1788836028,1678077732,839029,0,1
1788836029,1679087124,839534,0,1
1788836030,1680195354,840088,0,1
1788836031,1681203756,840592,0,1
1788836033,1682211912,841096,0,1
1788836034,1683225149,841603,0,1
1788836035,1684235955,842108,0,1
1788836036,1685247324,842614,0,1
1788836037,1686259214,843120,0,1
1788836038,1687269338,843625,0,1
1788836039,1688275696,844128,0,1
1788836040,1689287917,844634,0,1
1788836041,1690301189,845141,0,1
1788836042,1691313333,845647,0,1
1788836043,1692323576,846152,0,1
1788836044,1693333577,846657,0,1
1788836045,1694341833,847161,0,1
1788836046,1695351789,847666,0,1
1788836047,1696365161,848173,0,1
1788836048,1697377212,848679,0,1
1788836049,1698387704,849184,0,1
1788836050,1699399725,849690,0,1
1788836051,1700411923,850196,0,1
1788836052,1701419964,850700,0,1
1788836053,1702431518,851206,0,1
1788836054,1703441642,851711,0,1
1788836055,1704451246,852216,0,1
1788836056,1705463073,852722,0,1
1788836057,1706469668,853225,0,1
1788836058,1707481950,853731,0,1
1788836059,1708489497,854235,0,1
1788836060,1709495507,854738,0,1
1788836061,1710503124,855242,0,1
1788836062,1711513758,855747,0,1
1788836063,1712521124,856251,0,1
1788836064,1713529314,856755,0,1
1788836065,1714535126,857258,0,1
1788836066,1715548067,857764,0,1
1788836067,1716555498,858268,0,1
1788836068,1717569182,858775,0,1
1788836069,1718578088,859279,0,1
1788836070,1719585192,859783,0,1
1788836071,1720595961,860288,0,1
1788836072,1721611907,860796,0,1
1788836073,1722625243,861303,0,1
1788836074,1723637466,861809,0,1
1788836075,1724649521,862315,0,1
1788836076,1725659820,862820,0,1
1788836077,1726673174,863327,0,1
1788836078,1727687748,863834,0,1
1788836079,1728699346,864340,0,1
1788836080,1729707830,864844,0,1
1788836081,1730719179,865350,0,1
1788836082,1731729474,865855,0,1
1788836083,1732735329,866358,0,1
1788836084,1733745498,866863,0,1
1788836085,1734751961,867366,0,1
1788836086,1735763202,867872,0,1
1788836087,1736774098,868377,0,1
1788836088,1737783995,868882,0,1
1788836089,1738793190,869387,0,1
1788836090,1739799410,869890,0,1
1788836091,1740809853,870395,0,1
1788836092,1741817087,870899,0,1
1788836093,1742823124,871402,0,1
1788836094,1743829636,871905,0,1
1788836095,1744835691,872408,0,1
1788836096,1745845899,872913,0,1
1788836097,1746855869,873418,0,1
1788836098,1747865102,873923,0,1
1788836099,1748873124,874427,0,1
1788836100,1749883822,874932,0,1
1788836101,1750897105,875439,0,1
1788836102,1751907266,875944,0,1
1788836103,1752915575,876448,0,1
1788836104,1753923645,876952,0,1
1788836105,1754937693,877459,0,1
1788836106,1755949926,877965,0,1
1788836107,1756963343,878472,0,1
1788836108,1757977317,878979,0,1
1788836109,1758989255,879485,0,1
1788836110,1759997148,879989,0,1
1788836111,1761003764,880492,0,1
1788836112,1762110007,881045,0,1
1788836113,1763123055,881552,0,1
1788836114,1764131529,882056,0,1
1788836115,1765141665,882561,0,1
1788836116,1766151086,883066,0,1
1788836117,1767159803,883570,0,1
1788836118,1768171913,884076,0,1
1788836119,1769187193,884584,0,1
1788836120,1770199674,885090,0,1
1788836122,1771211573,885596,0,1
1788836123,1772221093,886101,0,1
1788836124,1773233145,886607,0,1
1788836125,1774245265,887113,0,1
1788836126,1775257451,887619,0,1
1788836127,1776269784,888125,0,1
1788836128,1777279580,888630,0,1
1788836129,1778287383,889134,0,1
1788836130,1779299579,889640,0,1
1788836131,1780307545,890144,0,1
1788836132,1781317054,890649,0,1
1788836133,1782327805,891154,0,1
1788836134,1783339644,891660,0,1
1788836135,1784347713,892164,0,1
1788836136,1785359889,892670,0,1
1788836137,1786373606,893177,0,1
1788836138,1787379535,893680,0,1
1788836139,1788389801,894185,0,1
1788836140,1789403775,894692,0,1
1788836141,1790413900,895197,0,1
1788836142,1791425246,895703,0,1
1788836143,1792435826,896208,0,1
1788836144,1793445951,896713,0,1
1788836145,1794459325,897220,0,1
1788836146,1795471525,897726,0,1
1788836147,1796479834,898230,0,1
1788836148,1797496011,898738,0,1
1788836149,1798507096,899244,0,1
1788836150,1799515317,899748,0,1
1788836151,1800525412,900253,0,1
1788836152,1801537515,900759,0,1
1788836153,1802547726,901264,0,1
1788836154,1803557785,901769,0,1
1788836155,1804568025,902274,0,1
1788836156,1805580041,902780,0,1
1788836157,1806591648,903286,0,1
1788836158,1807605286,903793,0,1
1788836159,1808621453,904301,0,1
1788836160,1809633957,904807,0,1
1788836161,1810645232,905313,0,1
1788836162,1811653313,905817,0,1
1788836163,1812663522,906322,0,1
1788836164,1813677332,906829,0,1
1788836165,1814687480,907334,0,1
1788836166,1815699382,907840,0,1
1788836167,1816709250,908345,0,1
1788836168,1817721045,908851,0,1
1788836169,1818735148,909358,0,1
1788836170,1819747661,909864,0,1
1788836171,1820755761,910368,0,1
1788836172,1821769427,910875,0,1
1788836173,1822779455,911380,0,1
1788836174,1823787740,911884,0,1
1788836175,1824797829,912389,0,1
1788836176,1825811198,912896,0,1
1788836177,1826821125,913401,0,1
1788836178,1827825782,913903,0,1
1788836179,1828837190,914409,0,1
1788836180,1829849431,914915,0,1
1788836181,1830863860,915422,0,1
1788836182,1831871310,915926,0,1
1788836183,1832881448,916431,0,1
1788836184,1833889654,916935,0,1
1788836185,1834901124,917441,0,1
1788836186,1835913552,917947,0,1
1788836187,1836923313,918452,0,1
1788836188,1837935457,918958,0,1
1788836189,1838943552,919462,0,1
1788836190,1839957252,919969,0,1
1788836191,1840965540,920473,0,1
1788836192,1841971894,920976,0,1
1788836193,1842979329,921480,0,1
1788836194,1843987715,921984,0,1
1788836195,1844995904,922488,0,1
1788836196,1846007466,922994,0,1
1788836197,1847013782,923497,0,1
1788836198,1848021141,924001,0,1
1788836199,1849029229,924505,0,1
1788836200,1850037102,925009,0,1
1788836201,1851049212,925515,0,1
1788836202,1852063108,926022,0,1
1788836203,1853075622,926528,0,1
1788836204,1854085067,927033,0,1
1788836205,1855095570,927538,0,1
1788836206,1856103155,928042,0,1
1788836207,1857111149,928546,0,1
1788836208,1858121426,929051,0,1
1788836210,1859133703,929557,0,1
1788836211,1860141952,930061,0,1
1788836212,1861151869,930566,0,1
1788836213,1862159970,931070,0,1
1788836214,1863171733,931576,0,1
1788836215,1864181127,932081,0,1
1788836216,1865191881,932586,0,1
1788836217,1866201312,933091,0,1
1788836218,1867213435,933597,0,1
1788836219,1868225555,934103,0,1
1788836220,1869237333,934609,0,1
1788836221,1870245937,935113,0,1
1788836222,1871257506,935619,0,1
1788836223,1872269282,936125,0,1
1788836224,1873277678,936629,0,1
1788836225,1874389911,937185,0,1
1788836226,1875401288,937691,0,1
1788836227,1876409363,938195,0,1
1788836228,1877417435,938699,0,1
1788836229,1878427074,939204,0,1
1788836230,1879437516,939709,0,1
1788836231,1880449523,940215,0,1
1788836232,1881459685,940720,0,1
1788836233,1882475347,941228,0,1
1788836234,1883487100,941734,0,1
1788836235,1884499872,942240,0,1
1788836236,1885507110,942744,0,1
1788836237,1886517526,943249,0,1
1788836238,1887525155,943753,0,1
1788836239,1888535211,944258,0,1
1788836240,1889543376,944762,0,1
1788836241,1890555093,945268,0,1
1788836242,1891563708,945772,0,1
1788836243,1892575043,946278,0,1
1788836244,1893581715,946781,0,1
1788836245,1894591444,947286,0,1
1788836246,1895601904,947791,0,1
1788836247,1896611875,948296,0,1
1788836248,1897621566,948801,0,1
1788836249,1898631377,949306,0,1
1788836250,1899641431,949811,0,1
1788836251,1900649998,950315,0,1
1788836252,1901659725,950820,0,1
1788836253,1902669792,951325,0,1
1788836254,1903679548,951830,0,1
1788836255,1904687348,952334,0,1
1788836256,1905695347,952838,0,1
1788836257,1906705278,953343,0,1
1788836258,1907715885,953848,0,1
1788836259,1908725573,954353,0,1
1788836260,1909737427,954859,0,1
1788836261,1910747094,955364,0,1
1788836262,1911761066,955871,0,1
1788836263,1912773188,956377,0,1
1788836264,1913783664,956882,0,1
1788836265,1914793962,957387,0,1
1788836266,1915807856,957894,0,1
1788836267,1916817837,958399,0,1
1788836268,1917829467,958905,0,1
1788836269,1918841080,959411,0,1
1788836270,1919851433,959916,0,1
1788836271,1920859967,960420,0,1
1788836272,1921867889,960924,0,1
1788836273,1922883554,961432,0,1
1788836274,1923895900,961938,0,1
1788836275,1924907526,962444,0,1
1788836276,1925913941,962947,0,1
1788836277,1926923433,963452,0,1
1788836278,1927931798,963956,0,1
1788836279,1928939725,964460,0,1
1788836280,1929949292,964965,0,1
1788836281,1930959592,965470,0,1
1788836282,1931971400,965976,0,1
1788836283,1933079837,966530,0,1
1788836284,1933991743,966986,0,1
1788836285,1935101925,967541,0,1
1788836286,1936109519,968045,0,1
1788836287,1937115765,968548,0,1
1788836288,1938121884,969051,0,1
1788836289,1939131292,969556,0,1
1788836290,1940139534,970060,0,1
1788836291,1941153533,970567,0,1
1788836292,1942163313,971072,0,1
1788836293,1943179747,971580,0,1
1788836294,1944195374,972088,0,1
1788836296,1945207342,972594,0,1
1788836297,1946221348,973101,0,1
1788836298,1947231327,973606,0,1
1788836299,1948239882,974110,0,1
1788836300,1949253073,974617,0,1
1788836301,1950261968,975121,0,1
1788836302,1951273925,975627,0,1
1788836303,1952283446,976132,0,1
1788836304,1953291729,976636,0,1
1788836305,1954303621,977142,0,1
1788836306,1955313910,977647,0,1
1788836307,1956323346,978152,0,1
1788836308,1957331210,978656,0,1
1788836309,1958339388,979160,0,1
1788836310,1959353273,979667,0,1
1788836311,1960369413,980175,0,1
1788836312,1961385634,980683,0,1
1788836313,1962395448,981188,0,1
1788836314,1963403544,981692,0,1
1788836315,1964413738,982197,0,1
1788836316,1965421504,982701,0,1
1788836317,1966437294,983209,0,1
1788836318,1967449384,983715,0,1
1788836319,1968463839,984222,0,1
1788836320,1969475488,984728,0,1
1788836321,1970485974,985233,0,1
1788836322,1971493271,985737,0,1
1788836323,1972505707,986243,0,1
1788836324,1973517292,986749,0,1
1788836325,1974529313,987255,0,1
1788836326,1975539517,987760,0,1
1788836327,1976551309,988266,0,1
1788836328,1977559557,988770,0,1
1788836329,1978571864,989276,0,1
1788836330,1979585948,989783,0,1
1788836331,1980599184,990290,0,1
1788836332,1981609856,990795,0,1
1788836333,1982625236,991303,0,1
1788836334,1983637670,991809,0,1
1788836335,1984649193,992315,0,1
1788836336,1985661411,992821,0,1
1788836337,1986673396,993327,0,1
1788836338,1987685804,993833,0,1
1788836339,1988697257,994339,0,1
1788836340,1989705955,994843,0,1
1788836341,1990715191,995348,0,1
1788836342,1991727585,995854,0,1
1788836343,1992739082,996360,0,1
1788836344,1993751336,996866,0,1
1788836345,1994765084,997373,0,1
1788836346,1995773921,997877,0,1
1788836347,1996785316,998383,0,1
1788836348,1997797162,998889,0,1
1788836349,1998805246,999393,0,1
1788836350,1999817171,999898,0,1
1788836351,2000825346,1000402,0,1
1788836352,2001835825,1000907,0,1
1788836353,2002849337,1001414,0,1
1788836354,2003857192,1001918,0,1
1788836355,2004867900,1002423,0,1
1788836356,2005877578,1002928,0,1
1788836357,2006889286,1003434,0,1
1788836358,2007903510,1003941,0,1
1788836359,2008913749,1004446,0,1
1788836360,2009927601,1004953,0,1
1788836361,2010935317,1005457,0,1
1788836362,2011945714,1005962,0,1
1788836363,2012955948,1006467,0,1
1788836364,2013961659,1006970,0,1
1788836365,2014969746,1007474,0,1
1788836366,2015977381,1007978,0,1
1788836367,2016983572,1008481,0,1
1788836368,2017993981,1008986,0,1
1788836369,2019005550,1009492,0,1
1788836370,2020019300,1009999,0,1
1788836371,2021029743,1010504,0,1
1788836372,2022041538,1011010,0,1
1788836373,2023049943,1011514,0,1
1788836374,2024057207,1012018,0,1
1788836375,2025067249,1012523,0,1
1788836376,2026075776,1013027,0,1
1788836377,2027083624,1013531,0,1
1788836378,2028093124,1014036,0,1
1788836379,2029102030,1014540,0,1
1788836380,2030107819,1015043,0,1
1788836381,2031115318,1015547,0,1
1788836382,2032123465,1016051,0,1
1788836383,2033131963,1016555,0,1
1788836385,2034147691,1017063,0,1
1788836386,2035157324,1017568,0,1
1788836387,2036167082,1018073,0,1
1788836388,2037173986,1018576,0,1
1788836389,2038183707,1019081,0,1
1788836390,2039191161,1019585,0,1
1788836391,2040199860,1020089,0,1
1788836392,2041209708,1020594,0,1
1788836393,2042217824,1021098,0,1
1788836394,2043229622,1021604,0,1
1788836395,2044337460,1022158,0,1
1788836396,2045347498,1022663,0,1
1788836397,2046357576,1023168,0,1
1788836398,2047371336,1023675,0,1
1788836399,2048377551,1024178,0,1
1788836400,2049386023,1024682,0,1
1788836401,2050393658,1025186,0,1
1788836402,2051405256,1025692,0,1
1788836403,2052419844,1026199,0,1
1788836404,2053433448,1026706,0,1
1788836405,2054445081,1027212,0,1
1788836406,2055453110,1027716,0,1
1788836407,2056461569,1028220,0,1
1788836408,2057467864,1028723,0,1
1788836409,2058477485,1029228,0,1
1788836410,2059485352,1029732,0,1
1788836411,2060497503,1030238,0,1
1788836412,2061507061,1030743,0,1
1788836413,2062515848,1031247,0,1
1788836414,2063527944,1031753,0,1
1788836415,2064539729,1032259,0,1
1788836416,2065549403,1032764,0,1
1788836417,2066563220,1033271,0,1
1788836418,2067571649,1033775,0,1
1788836419,2068582005,1034280,0,1
1788836420,2069595973,1034787,0,1
1788836421,2070611450,1035295,0,1
1788836422,2071621847,1035800,0,1
1788836423,2072637604,1036308,0,1
1788836424,2073647442,1036813,0,1
1788836425,2074653385,1037316,0,1
1788836426,2075667613,1037823,0,1
1788836427,2076679858,1038329,0,1
1788836428,2077691747,1038835,0,1
1788836429,2078701608,1039340,0,1
1788836430,2079711310,1039845,0,1
1788836431,2080721540,1040350,0,1
1788836432,2081732015,1040855,0,1
1788836433,2082741188,1041360,0,1
1788836434,2083751189,1041865,0,1
1788836435,2084757539,1042368,0,1
1788836436,2085763412,1042871,0,1
1788836437,2086771671,1043375,0,1
1788836438,2087779201,1043879,0,1
1788836439,2088785447,1044382,0,1
1788836440,2089795374,1044887,0,1
1788836441,2090805479,1045392,0,1
1788836442,2091817600,1045898,0,1
1788836443,2092827311,1046403,0,1
1788836444,2093837587,1046908,0,1
1788836445,2094845787,1047412,0,1
1788836446,2095853647,1047916,0,1
1788836447,2096863547,1048421,0,1
1788836448,2097873537,1048926,0,1
1788836449,2098881383,1049430,0,1
1788836450,2099887902,1049933,0,1
1788836451,2100895329,1050437,0,1
1788836452,2101905027,1050942,0,1
1788836453,2102917822,1051448,0,1
1788836454,2103925801,1051952,0,1
1788836455,2104933530,1052456,0,1
1788836456,2105941660,1052960,0,1
1788836457,2106951318,1053465,0,1
1788836458,2107959731,1053969,0,1
1788836459,2108971270,1054475,0,1
1788836460,2109981188,1054980,0,1
1788836461,2110989809,1055484,0,1
1788836462,2111999492,1055989,0,1
1788836463,2113011424,1056495,0,1
1788836464,2114021214,1057000,0,1
1788836465,2115031564,1057505,0,1
1788836466,2116141852,1058060,0,1
1788836467,2117149867,1058564,0,1
1788836468,2118161258,1059070,0,1
1788836469,2119173730,1059576,0,1
1788836470,2120185278,1060082,0,1
1788836471,2121197445,1060588,0,1
1788836472,2122207914,1061093,0,1
1788836474,2123215238,1061597,0,1
1788836475,2124225718,1062102,0,1
1788836476,2125235534,1062607,0,1
1788836477,2126247085,1063113,0,1
1788836478,2127259578,1063619,0,1
1788836479,2128271377,1064125,0,1
1788836480,2129283009,1064631,0,1
1788836481,2130291885,1065135,0,1
1788836482,2131303959,1065641,0,1
1788836483,2132313418,1066146,0,1
1788836484,2133325859,1066652,0,1
1788836485,2134333565,1067156,0,1
1788836486,2135343318,1067661,0,1
1788836487,2136351470,1068165,0,1
1788836488,2137359594,1068669,0,1
1788836489,2138367460,1069173,0,1
1788836490,2139377970,1069678,0,1
1788836491,2140389888,1070184,0,1
1788836492,2141403773,1070691,0,1
1788836493,2142413337,1071196,0,1
1788836494,2143425895,1071702,0,1
1788836495,2144435608,1072207,0,1
1788836496,2145443216,1072711,0,1
1788836497,2146455168,1073217,0,1
1788836498,2147465189,1073722,0,1
1788836499,2148471080,1074225,0,1
1788836500,2149477072,1074728,0,1
1788836501,2150487643,1075233,0,1
1788836502,2151494013,1075736,0,1
1788836503,2152501128,1076240,0,1
1788836504,2153511425,1076745,0,1
1788836505,2154523091,1077251,0,1
1788836506,2155527969,1077753,0,1
1788836507,2156537072,1078258,0,1
1788836508,2157545089,1078762,0,1
1788836509,2158553737,1079266,0,1
1788836510,2159563251,1079771,0,1
1788836511,2160569384,1080274,0,1
1788836512,2161575530,1080777,0,1
1788836513,2162585779,1081282,0,1
1788836514,2163595703,1081787,0,1
1788836515,2164609458,1082294,0,1
1788836516,2165615907,1082797,0,1
1788836517,2166623951,1083301,0,1
1788836518,2167633629,1083806,0,1
1788836519,2168641304,1084310,0,1
1788836520,2169651282,1084815,0,1
1788836521,2170759129,1085369,0,1
1788836522,2171769157,1085874,0,1
1788836523,2172777802,1086378,0,1
1788836524,2173787931,1086883,0,1
1788836525,2174799975,1087389,0,1
1788836526,2175811156,1087895,0,1
1788836527,2176825589,1088402,0,1
1788836528,2177837617,1088908,0,1
1788836529,2178845936,1089412,0,1
1788836530,2179855843,1089917,0,1
1788836531,2180867472,1090423,0,1
1788836532,2181881364,1090930,0,1
1788836533,2182889789,1091434,0,1
1788836534,2183899883,1091939,0,1
1788836535,2184913385,1092446,0,1
1788836536,2185923460,1092951,0,1
1788836537,2186933606,1093456,0,1
1788836538,2187941392,1093960,0,1
1788836539,2188949388,1094464,0,1
1788836540,2189955246,1094967,0,1
1788836541,2190963915,1095471,0,1
1788836542,2191975772,1095976,0,1
1788836543,2192987414,1096482,0,1
1788836544,2194001325,1096989,0,1
1788836545,2195010993,1097494,0,1
1788836546,2196019820,1097998,0,1
1788836547,2197029189,1098503,0,1
1788836548,2198035579,1099006,0,1
1788836549,2199047593,1099512,0,1
1788836550,2200059170,1100018,0,1
1788836551,2201069287,1100523,0,1
1788836552,2202075872,1101026,0,1
1788836553,2203085667,1101531,0,1
1788836554,2204097671,1102037,0,1
1788836555,2205111387,1102544,0,1
1788836556,2206119129,1103048,0,1
1788836557,2207131630,1103554,0,1
1788836558,2208147452,1104062,0,1
1788836559,2209157159,1104567,0,1
1788836561,2210165663,1105071,0,1
1788836562,2211175228,1105576,0,1
1788836563,2212185174,1106081,0,1
1788836564,2213195338,1106586,0,1
1788836565,2214209126,1107093,0,1
1788836566,2215219581,1107598,0,1
1788836567,2216229190,1108103,0,1
1788836568,2217237309,1108607,0,1
1788836569,2218247119,1109112,0,1
1788836570,2219257488,1109617,0,1
1788836571,2220265713,1110121,0,1
1788836572,2221279607,1110628,0,1
1788836573,2222291202,1111134,0,1
1788836574,2223303758,1111640,0,1
1788836575,2224311443,1112144,0,1
1788836576,2225323464,1112650,0,1
1788836577,2226333610,1113155,0,1
1788836578,2227347521,1113662,0,1
1788836579,2228365221,1114171,0,1
1788836580,2229375585,1114676,0,1
1788836581,2230389106,1115183,0,1
1788836582,2231397959,1115687,0,1
1788836583,2232409528,1116193,0,1
1788836584,2233421101,1116699,0,1
1788836585,2234429557,1117203,0,1
1788836586,2235439379,1117708,0,1
1788836587,2236451808,1118214,0,1
1788836588,2237461945,1118719,0,1
1788836589,2238471560,1119224,0,1
1788836590,2239483885,1119730,0,1
1788836591,2240493967,1120235,0,1
1788836592,2241505893,1120741,0,1
1788836593,2242515822,1121246,0,1
1788836594,2243525647,1121751,0,1
1788836595,2244541189,1122259,0,1
1788836596,2245549851,1122763,0,1
1788836597,2246557652,1123267,0,1
1788836598,2247565848,1123771,0,1
1788836599,2248577222,1124277,0,1
1788836600,2249587326,1124782,0,1
1788836601,2250593959,1125285,0,1
1788836602,2251607443,1125792,0,1
1788836603,2252617274,1126297,0,1
1788836604,2253627715,1126802,0,1
1788836605,2254637443,1127307,0,1
1788836606,2255649432,1127813,0,1
1788836607,2256661657,1128319,0,1
1788836608,2257671549,1128824,0,1
1788836609,2258679352,1129328,0,1
1788836610,2259689408,1129833,0,1
1788836611,2260697653,1130337,0,1
1788836612,2261709379,1130843,0,1
1788836613,2262721677,1131349,0,1
1788836614,2263731840,1131854,0,1
1788836615,2264743596,1132360,0,1
1788836616,2265755360,1132866,0,1
1788836617,2266765261,1133371,0,1
1788836618,2267775331,1133876,0,1
1788836619,2268787230,1134382,0,1
1788836620,2269795943,1134886,0,1
1788836621,2270805580,1135391,0,1
1788836622,2271813861,1135895,0,1
1788836623,2272821634,1136399,0,1
1788836624,2273933426,1136955,0,1
1788836625,2274845188,1137411,0,1
1788836626,2275953966,1137965,0,1
1788836627,2276961449,1138469,0,1
1788836628,2277971719,1138974,0,1
1788836629,2278979649,1139478,0,1
1788836630,2279991642,1139984,0,1
1788836631,2281003650,1140490,0,1
1788836632,2282013921,1140995,0,1
1788836633,2283029851,1141503,0,1
1788836634,2284039155,1142008,0,1
1788836635,2285049700,1142513,0,1
1788836636,2286061858,1143019,0,1
1788836637,2287073319,1143525,0,1
1788836638,2288079256,1144028,0,1
1788836639,2289085112,1144531,0,1
1788836640,2290095378,1145036,0,1
1788836641,2291105733,1145541,0,1
1788836642,2292115510,1146046,0,1
1788836643,2293127815,1146552,0,1
1788836644,2294135847,1147056,0,1
1788836645,2295145255,1147561,0,1
1788836646,2296155340,1148066,0,1
1788836647,2297163939,1148570,0,1
1788836648,2298175569,1149076,0,1
1788836650,2299187125,1149582,0,1
1788836651,2300197558,1150087,0,1
1788836652,2301207989,1150592,0,1
1788836653,2302219083,1151098,0,1
1788836654,2303225518,1151601,0,1
1788836655,2304239853,1152108,0,1
1788836656,2305251254,1152614,0,1
1788836657,2306259291,1153118,0,1
1788836658,2307271264,1153624,0,1
1788836659,2308277257,1154127,0,1
1788836660,2309291109,1154634,0,1
1788836661,2310303490,1155140,0,1
1788836662,2311311309,1155644,0,1
1788836663,2312325437,1156151,0,1
1788836664,2313333437,1156655,0,1
1788836665,2314343136,1157160,0,1
1788836666,2315349745,1157663,0,1
1788836667,2316359127,1158168,0,1
1788836668,2317371617,1158674,0,1
1788836669,2318381221,1159179,0,1
1788836670,2319391787,1159684,0,1
1788836671,2320401638,1160189,0,1
1788836672,2321411889,1160694,0,1
1788836673,2322421959,1161199,0,1
1788836674,2323429198,1161703,0,1
1788836675,2324441630,1162209,0,1
1788836676,2325451318,1162714,0,1
1788836677,2326461224,1163219,0,1
1788836678,2327471774,1163724,0,1
1788836679,2328479974,1164228,0,1
1788836680,2329487629,1164732,0,1
1788836681,2330497721,1165237,0,1
1788836682,2331507961,1165742,0,1
1788836683,2332520042,1166248,0,1
1788836684,2333531770,1166754,0,1
1788836685,2334539777,1167258,0,1
1788836686,2335551269,1167764,0,1
1788836687,2336560023,1168268,0,1
1788836688,2337571328,1168774,0,1
1788836689,2338581191,1169279,0,1
1788836690,2339597589,1169787,0,1
1788836691,2340611696,1170294,0,1
1788836692,2341619582,1170798,0,1
1788836693,2342633848,1171305,0,1
1788836694,2343645610,1171811,0,1
1788836695,2344655127,1172316,0,1
1788836696,2345667187,1172822,0,1
1788836697,2346675991,1173326,0,1
1788836698,2347689535,1173833,0,1
1788836699,2348699513,1174338,0,1
1788836700,2349709318,1174843,0,1
1788836701,2350715800,1175346,0,1
1788836702,2351723726,1175850,0,1
1788836703,2352733324,1176355,0,1
1788836704,2353741727,1176859,0,1
1788836705,2354753581,1177365,0,1
1788836706,2355761417,1177869,0,1
1788836707,2356771902,1178374,0,1
1788836708,2357785403,1178881,0,1
1788836709,2358891888,1179434,0,1
1788836710,2359901200,1179939,0,1
1788836711,2360911085,1180444,0,1
1788836712,2361921377,1180949,0,1
1788836713,2362933368,1181455,0,1
1788836714,2363944030,1181960,0,1
1788836715,2364957128,1182467,0,1
1788836716,2365969188,1182973,0,1
1788836717,2366979705,1183478,0,1
1788836718,2367987810,1183982,0,1
1788836719,2368999599,1184488,0,1
1788836720,2370013153,1184995,0,1
1788836721,2371023460,1185500,0,1
1788836722,2372033623,1186005,0,1
1788836723,2373043450,1186510,0,1
1788836724,2374055141,1187016,0,1
1788836725,2375065222,1187521,0,1
1788836726,2375980104,1187978,0,1
1788836727,2377091935,1188534,0,1
1788836728,2378104002,1189040,0,1
1788836729,2379115735,1189546,0,1
1788836730,2380125648,1190051,0,1
1788836731,2381135859,1190556,0,1
1788836732,2382147313,1191062,0,1
1788836733,2383155640,1191566,0,1
1788836734,2384165866,1192071,0,1
1788836735,2385177664,1192577,0,1
1788836736,2386189609,1193083,0,1
1788836737,2387199667,1193588,0,1
1788836739,2388211554,1194094,0,1
1788836740,2389223165,1194600,0,1
1788836741,2390235784,1195106,0,1
1788836742,2391245347,1195611,0,1
1788836743,2392257130,1196117,0,1
1788836744,2393267863,1196622,0,1
1788836745,2394275085,1197126,0,1
1788836746,2395285531,1197631,0,1
1788836747,2396295722,1198136,0,1
1788836748,2397309558,1198643,0,1
1788836749,2398315753,1199146,0,1
1788836750,2399327256,1199652,0,1
1788836751,2400339836,1200158,0,1
1788836752,2401347799,1200662,0,1
1788836753,2402353662,1201165,0,1
1788836754,2403363435,1201670,0,1
1788836755,2404374013,1202175,0,1
1788836756,2405385938,1202681,0,1
1788836757,2406397353,1203187,0,1
1788836758,2407411349,1203694,0,1
1788836759,2408419602,1204198,0,1
1788836760,2409429727,1204703,0,1
1788836761,2410441712,1205209,0,1
1788836762,2411453251,1205715,0,1
1788836763,2412465128,1206221,0,1
1788836764,2413473873,1206725,0,1
1788836765,2414483699,1207230,0,1
1788836766,2415495394,1207736,0,1
1788836767,2416505451,1208241,0,1
1788836768,2417513130,1208745,0,1
1788836769,2418523691,1209250,0,1
1788836770,2419533254,1209755,0,1
1788836771,2420543384,1210260,0,1
1788836772,2421555280,1210766,0,1
1788836773,2422567446,1211272,0,1
1788836774,2423575714,1211776,0,1
1788836775,2424589344,1212283,0,1
1788836776,2425599872,1212788,0,1
1788836777,2426611854,1213294,0,1
1788836778,2427619552,1213798,0,1
1788836779,2428627531,1214302,0,1
1788836780,2429637311,1214807,0,1
1788836781,2430647448,1215312,0,1
1788836782,2431659050,1215818,0,1
1788836783,2432667093,1216322,0,1
1788836784,2433679944,1216828,0,1
1788836785,2434695627,1217336,0,1
1788836786,2435705956,1217841,0,1
1788836787,2436713772,1218345,0,1
1788836788,2437725504,1218851,0,1
1788836789,2438737822,1219357,0,1
1788836790,2439747848,1219862,0,1
1788836791,2440761862,1220369,0,1
1788836792,2441775952,1220876,0,1
1788836793,2442785592,1221381,0,1
1788836794,2443797385,1221887,0,1
1788836795,2444807219,1222392,0,1
1788836796,2445815759,1222896,0,1
1788836797,2446829674,1223403,0,1
1788836798,2447839355,1223908,0,1
1788836799,2448849512,1224413,0,1
1788836800,2449859585,1224918,0,1
1788836801,2450871508,1225424,0,1
1788836802,2451876009,1225926,0,1
1788836803,2452887572,1226432,0,1
1788836804,2453901309,1226939,0,1
1788836805,2454917823,1227447,0,1
1788836806,2455931723,1227954,0,1
1788836807,2456937526,1228457,0,1
1788836808,2457947380,1228962,0,1
1788836809,2458957875,1229467,0,1
1788836810,2459967672,1229972,0,1
1788836811,2460975353,1230476,0,1
1788836812,2461981557,1230979,0,1
1788836813,2462993464,1231485,0,1
1788836814,2464001455,1231989,0,1
1788836815,2465011945,1232494,0,1
1788836816,2466023164,1233000,0,1
1788836817,2467035106,1233506,0,1
1788836818,2468043447,1234010,0,1
1788836819,2469055186,1234516,0,1
1788836820,2470065344,1235021,0,1
1788836821,2471177237,1235577,0,1
1788836822,2472089633,1236033,0,1
1788836823,2473105549,1236541,0,1
1788836824,2474117592,1237047,0,1
1788836826,2475127192,1237552,0,1
1788836827,2476137322,1238057,0,1
1788836828,2477147846,1238562,0,1
1788836829,2478159227,1239068,0,1
1788836830,2479267395,1239622,0,1
1788836831,2480273557,1240125,0,1
1788836832,2481283834,1240630,0,1
1788836833,2482295644,1241136,0,1
1788836834,2483305079,1241641,0,1
1788836835,2484315228,1242146,0,1
1788836836,2485325364,1242651,0,1
1788836837,2486333387,1243155,0,1
1788836838,2487341255,1243659,0,1
1788836839,2488351648,1244164,0,1
1788836840,2489365153,1244671,0,1
1788836841,2490375326,1245176,0,1
1788836842,2491381646,1245679,0,1
1788836843,2492391943,1246184,0,1
1788836844,2493401541,1246689,0,1
1788836845,2494413912,1247195,0,1
1788836846,2495423302,1247700,0,1
1788836847,2496433522,1248205,0,1
1788836848,2497441748,1248709,0,1
1788836849,2498455127,1249216,0,1
1788836850,2499467477,1249722,0,1
1788836851,2500481523,1250229,0,1
1788836852,2501495421,1250736,0,1
1788836853,2502507360,1251242,0,1
1788836854,2503517808,1251747,0,1
1788836855,2504529646,1252253,0,1
1788836856,2505543316,1252760,0,1
1788836857,2506553710,1253265,0,1
1788836858,2507561340,1253769,0,1
1788836859,2508573574,1254275,0,1
1788836860,2509583977,1254780,0,1
1788836861,2510595259,1255286,0,1
1788836862,2511605419,1255791,0,1
1788836863,2512617911,1256297,0,1
1788836864,2513629450,1256803,0,1
1788836865,2514643643,1257310,0,1
1788836866,2515655921,1257816,0,1
1788836867,2516665709,1258321,0,1
1788836868,2517673620,1258825,0,1
1788836869,2518681571,1259329,0,1
1788836870,2519693706,1259835,0,1
1788836871,2520703564,1260340,0,1
1788836872,2521715477,1260846,0,1
1788836873,2522729252,1261353,0,1
1788836874,2523741058,1261859,0,1
1788836875,2524751438,1262364,0,1
1788836876,2525761312,1262869,0,1
1788836877,2526771485,1263374,0,1
1788836878,2527781208,1263879,0,1
1788836879,2528791298,1264384,0,1
1788836880,2529799664,1264888,0,1
1788836881,2530805967,1265391,0,1
1788836882,2531815150,1265896,0,1
1788836883,2532825617,1266401,0,1
1788836884,2533841497,1266909,0,1
1788836885,2534853168,1267415,0,1
1788836886,2535865876,1267921,0,1
1788836887,2536877976,1268427,0,1
1788836888,2537893366,1268935,0,1
1788836889,2538900025,1269438,0,1
1788836890,2539913873,1269945,0,1
1788836891,2540921683,1270449,0,1
1788836892,2541931349,1270954,0,1
1788836893,2542941874,1271459,0,1
1788836894,2543951289,1271964,0,1
1788836895,2544963168,1272470,0,1
1788836896,2545971828,1272974,0,1
1788836897,2546979830,1273478,0,1
1788836898,2547991383,1273984,0,1
1788836899,2548997943,1274487,0,1
1788836900,2550007249,1274992,0,1
1788836901,2551015191,1275496,0,1
1788836902,2552023640,1276000,0,1
1788836903,2553031441,1276504,0,1
1788836904,2554039761,1277008,0,1
1788836905,2555057698,1277517,0,1
1788836906,2556069571,1278023,0,1
1788836907,2557081304,1278529,0,1
1788836908,2558093099,1279035,0,1
1788836909,2559101606,1279539,0,1
1788836910,2560115093,1280046,0,1
1788836911,2561125366,1280551,0,1
1788836912,2562139503,1281058,0,1
1788836913,2563149802,1281563,0,1
1788836914,2564159905,1282068,0,1
1788836916,2565173757,1282575,0,1
1788836917,2566187265,1283082,0,1
1788836918,2567197822,1283587,0,1
1788836919,2568207545,1284092,0,1
1788836920,2569215843,1284596,0,1
1788836921,2570227413,1285102,0,1
1788836922,2571237435,1285607,0,1
1788836923,2572249759,1286113,0,1
1788836924,2573263778,1286620,0,1
1788836925,2574273184,1287125,0,1
1788836926,2575281187,1287629,0,1
1788836927,2576291277,1288134,0,1
1788836928,2577301167,1288639,0,1
1788836929,2578307245,1289142,0,1
1788836930,2579313062,1289645,0,1
1788836931,2580319447,1290148,0,1
1788836932,2581325513,1290651,0,1
1788836933,2582335917,1291156,0,1
1788836934,2583341885,1291659,0,1
1788836935,2584351466,1292164,0,1
1788836936,2585359856,1292668,0,1
1788836937,2586371505,1293174,0,1
1788836938,2587381624,1293679,0,1
1788836939,2588389960,1294183,0,1
1788836940,2589501556,1294739,0,1
1788836941,2590513127,1295245,0,1
1788836942,2591519972,1295748,0,1
1788836943,2592531449,1296254,0,1
1788836944,2593545330,1296761,0,1
1788836945,2594557067,1297267,0,1
1788836946,2595567697,1297772,0,1
1788836947,2596575382,1298276,0,1
1788836948,2597587834,1298782,0,1
1788836949,2598599438,1299288,0,1
1788836950,2599611353,1299794,0,1
1788836951,2600621701,1300299,0,1
1788836952,2601631353,1300804,0,1
1788836953,2602641446,1301309,0,1
1788836954,2603655376,1301816,0,1
1788836955,2604663541,1302320,0,1
1788836956,2605677332,1302827,0,1
1788836957,2606685580,1303331,0,1
1788836958,2607697338,1303837,0,1
1788836959,2608709903,1304343,0,1
1788836960,2609721320,1304849,0,1
1788836961,2610733739,1305355,0,1
1788836962,2611743215,1305860,0,1
1788836963,2612753714,1306365,0,1
1788836964,2613763243,1306870,0,1
1788836965,2614771395,1307374,0,1
1788836966,2615783186,1307880,0,1
1788836967,2616791791,1308384,0,1
1788836968,2617801760,1308889,0,1
1788836969,2618813483,1309395,0,1
1788836970,2619825296,1309901,0,1
1788836971,2620837579,1310407,0,1
1788836972,2621847377,1310912,0,1
1788836973,2622855819,1311416,0,1
1788836974,2623865466,1311921,0,1
1788836975,2624877131,1312427,0,1
1788836976,2625887429,1312932,0,1
1788836977,2626895172,1313436,0,1
1788836978,2627903994,1313940,0,1
1788836979,2628915448,1314446,0,1
1788836980,2629923640,1314950,0,1
1788836981,2630939282,1315458,0,1
1788836982,2631951127,1315964,0,1
1788836983,2632961764,1316469,0,1
1788836984,2633973709,1316975,0,1
1788836985,2634987362,1317482,0,1
1788836986,2636001671,1317989,0,1
1788836987,2637011906,1318494,0,1
1788836988,2638025039,1319001,0,1
1788836989,2639033396,1319505,0,1
1788836990,2640045127,1320011,0,1
1788836991,2641055296,1320516,0,1
1788836992,2642069855,1321023,0,1
1788836993,2643082007,1321529,0,1
1788836994,2644095529,1322036,0,1
1788836995,2645105450,1322541,0,1
1788836996,2646121167,1323049,0,1
1788836997,2647131543,1323554,0,1
1788836998,2648147128,1324062,0,1
1788836999,2649157376,1324567,0,1
1788837000,2650165702,1325071,0,1
1788837001,2651177967,1325577,0,1
1788837002,2652187754,1326082,0,1
1788837004,2653199202,1326588,0,1
1788837005,2654207544,1327092,0,1
1788837006,2655217592,1327597,0,1
1788837007,2656229358,1328103,0,1
1788837008,2657241193,1328609,0,1
1788837009,2658251211,1329114,0,1
1788837010,2659261891,1329619,0,1
1788837011,2660271551,1330124,0,1
1788837012,2661285214,1330631,0,1
1788837013,2662295487,1331136,0,1
1788837014,2663307060,1331642,0,1
1788837015,2664315646,1332146,0,1
1788837016,2665325620,1332651,0,1
1788837017,2666333143,1333155,0,1
1788837018,2667341628,1333659,0,1
1788837019,2668349130,1334163,0,1
1788837020,2669357396,1334667,0,1
1788837021,2670365381,1335171,0,1
1788837022,2671377124,1335677,0,1
1788837023,2672385839,1336181,0,1
1788837024,2673395191,1336686,0,1
1788837025,2674409497,1337193,0,1
1788837026,2675417365,1337697,0,1
1788837027,2676423323,1338200,0,1
1788837028,2677431233,1338704,0,1
1788837029,2678439738,1339208,0,1
1788837030,2679447747,1339712,0,1
1788837031,2680459049,1340218,0,1
1788837032,2681467886,1340722,0,1
1788837033,2682481881,1341229,0,1
1788837034,2683491456,1341734,0,1
1788837035,2684499919,1342238,0,1
1788837036,2685507631,1342742,0,1
1788837037,2686515722,1343246,0,1
1788837038,2687529897,1343753,0,1
1788837039,2688539306,1344258,0,1
1788837040,2689551584,1344764,0,1
1788837041,2690563027,1345270,0,1
1788837042,2691569129,1345773,0,1
1788837043,2692575400,1346276,0,1
1788837044,2693585403,1346781,0,1
1788837045,2694594991,1347286,0,1
1788837046,2695605429,1347791,0,1
1788837047,2696619189,1348298,0,1
1788837048,2697625382,1348801,0,1
1788837049,2698637279,1349307,0,1
1788837050,2699647756,1349812,0,1
1788837051,2700657915,1350317,0,1
1788837052,2701669142,1350823,0,1
1788837053,2702675822,1351326,0,1
1788837054,2703787873,1351882,0,1
1788837055,2704799270,1352388,0,1
1788837056,2705809582,1352893,0,1
1788837057,2706823288,1353400,0,1
1788837058,2707833647,1353905,0,1
1788837059,2708841571,1354409,0,1
1788837060,2709851074,1354914,0,1
1788837061,2710859804,1355418,0,1
1788837062,2711871966,1355924,0,1
1788837063,2712885848,1356431,0,1
1788837064,2713895323,1356936,0,1
1788837065,2714905303,1357441,0,1
1788837066,2715913503,1357945,0,1
1788837067,2716919575,1358448,0,1
1788837068,2717925184,1358951,0,1
1788837069,2718931971,1359454,0,1
1788837070,2719941992,1359959,0,1
1788837071,2720951656,1360464,0,1
1788837072,2721961561,1360969,0,1
1788837073,2722971010,1361474,0,1
1788837074,2723981844,1361979,0,1
1788837075,2724993186,1362485,0,1
1788837076,2726003795,1362990,0,1
1788837077,2727015048,1363496,0,1
1788837078,2728021956,1363999,0,1
1788837079,2729031710,1364504,0,1
1788837080,2730039342,1365008,0,1
1788837081,2731047526,1365512,0,1
1788837082,2732059562,1366018,0,1
1788837083,2733069572,1366523,0,1
1788837084,2734083532,1367030,0,1
1788837085,2735093076,1367535,0,1
1788837086,2736101043,1368039,0,1
1788837087,2737107193,1368542,0,1
1788837088,2738113890,1369045,0,1
1788837089,2739121113,1369549,0,1
1788837090,2740129289,1370053,0,1
1788837091,2741137194,1370557,0,1
1788837093,2742143902,1371060,0,1
1788837094,2743157280,1371567,0,1
1788837095,2744167504,1372072,0,1
1788837096,2745173096,1372575,0,1
1788837097,2746185431,1373081,0,1
1788837098,2747191630,1373584,0,1
1788837099,2748199170,1374088,0,1
1788837100,2749207250,1374592,0,1
1788837101,2750215128,1375096,0,1
1788837102,2751227662,1375602,0,1
1788837103,2752235861,1376106,0,1
1788837104,2753247836,1376612,0,1
1788837105,2754257798,1377117,0,1
1788837106,2755267814,1377622,0,1
1788837107,2756279493,1378128,0,1
1788837108,2757293801,1378635,0,1
1788837109,2758307198,1379142,0,1
1788837110,2759315397,1379646,0,1
1788837111,2760325494,1380151,0,1
1788837112,2761339310,1380658,0,1
1788837113,2762351818,1381164,0,1
1788837114,2763361443,1381669,0,1
1788837115,2764373086,1382175,0,1
1788837116,2765385126,1382681,0,1
1788837117,2766393591,1383185,0,1
1788837118,2767403996,1383690,0,1
1788837119,2768415219,1384196,0,1
1788837120,2769425495,1384701,0,1
1788837121,2770439127,1385208,0,1
1788837122,2771549859,1385763,0,1
1788837123,2772557901,1386267,0,1
1788837124,2773567464,1386772,0,1
1788837125,2774575575,1387276,0,1
1788837126,2775583516,1387780,0,1
1788837127,2776591734,1388284,0,1
1788837128,2777599897,1388788,0,1
1788837129,2778613441,1389295,0,1
1788837130,2779621426,1389799,0,1
1788837131,2780629562,1390303,0,1
1788837132,2781643677,1390810,0,1
1788837133,2782653565,1391315,0,1
1788837134,2783663479,1391820,0,1
1788837135,2784671105,1392324,0,1
1788837136,2785677975,1392827,0,1
1788837137,2786689871,1393333,0,1
1788837138,2787699157,1393838,0,1
1788837139,2788709950,1394343,0,1
1788837140,2789719711,1394848,0,1
1788837141,2790733641,1395355,0,1
1788837142,2791743332,1395860,0,1
1788837143,2792755317,1396366,0,1
1788837144,2793765097,1396871,0,1
1788837145,2794775607,1397376,0,1
1788837146,2795785256,1397881,0,1
1788837147,2796793429,1398385,0,1
1788837148,2797803317,1398890,0,1
1788837149,2798817416,1399397,0,1
1788837150,2799829340,1399903,0,1
1788837151,2800836023,1400406,0,1
1788837152,2801845895,1400911,0,1
1788837153,2802859538,1401418,0,1
1788837154,2803871534,1401924,0,1
1788837155,2804879380,1402428,0,1
1788837156,2805887868,1402932,0,1
1788837157,2806901435,1403439,0,1
1788837158,2807913704,1403945,0,1
1788837159,2808923978,1404450,0,1
1788837160,2809937284,1404957,0,1
1788837161,2810949724,1405463,0,1
1788837162,2811957546,1405967,0,1
1788837163,2812967089,1406472,0,1
1788837164,2813979667,1406978,0,1
1788837165,2814989406,1407483,0,1
1788837166,2816001683,1407989,0,1
1788837167,2817009385,1408493,0,1
1788837168,2818021780,1408999,0,1
1788837169,2819033293,1409505,0,1
1788837170,2820041594,1410009,0,1
1788837171,2821053974,1410515,0,1
1788837172,2822065685,1411021,0,1
1788837173,2823077544,1411527,0,1
1788837174,2824085382,1412031,0,1
1788837175,2825091456,1412534,0,1
1788837176,2826101477,1413039,0,1
1788837177,2827109745,1413543,0,1
1788837179,2828117603,1414047,0,1
1788837180,2829127679,1414552,0,1
1788837181,2830237591,1415107,0,1
1788837182,2831247463,1415612,0,1
1788837183,2832253906,1416115,0,1
1788837184,2833265414,1416621,0,1
1788837185,2834275712,1417126,0,1
1788837186,2835285457,1417631,0,1
1788837187,2836293432,1418135,0,1
1788837188,2837303692,1418640,0,1
1788837189,2838315257,1419146,0,1
1788837190,2839323654,1419650,0,1
1788837191,2840337859,1420157,0,1
1788837192,2841345966,1420661,0,1
1788837193,2842353531,1421165,0,1
1788837194,2843359959,1421668,0,1
1788837195,2844371602,1422174,0,1
1788837196,2845385484,1422681,0,1
1788837197,2846397997,1423187,0,1
1788837198,2847407609,1423692,0,1
1788837199,2848419358,1424198,0,1
1788837200,2849429917,1424703,0,1
1788837201,2850437593,1425207,0,1
1788837202,2851451231,1425714,0,1
1788837203,2852463058,1426220,0,1
1788837204,2853469650,1426723,0,1
1788837205,2854479071,1427228,0,1
1788837206,2855485386,1427731,0,1
1788837207,2856495616,1428236,0,1
1788837208,2857507778,1428742,0,1
1788837209,2858519651,1429248,0,1
1788837210,2859531321,1429754,0,1
1788837211,2860543410,1430260,0,1
1788837212,2861551668,1430764,0,1
1788837213,2862561611,1431269,0,1
1788837214,2863575635,1431776,0,1
1788837215,2864583555,1432280,0,1
1788837216,2865595527,1432786,0,1
1788837217,2866605324,1433291,0,1
1788837218,2867615419,1433796,0,1
1788837219,2868623802,1434300,0,1
1788837220,2869629829,1434803,0,1
1788837221,2870637774,1435307,0,1
1788837222,2871645572,1435811,0,1
1788837223,2872651723,1436314,0,1
1788837224,2873659580,1436818,0,1
1788837225,2874671375,1437324,0,1
1788837226,2875677142,1437827,0,1
1788837227,2876685636,1438331,0,1
1788837228,2877695635,1438836,0,1
1788837229,2878705674,1439341,0,1
1788837230,2879715576,1439846,0,1
1788837231,2880721917,1440349,0,1
1788837232,2881729671,1440853,0,1
1788837233,2882741629,1441359,0,1
1788837234,2883753221,1441865,0,1
1788837235,2884761494,1442369,0,1
1788837236,2885771861,1442874,0,1
1788837237,2886783259,1443380,0,1
1788837238,2887795175,1443886,0,1
1788837239,2888807281,1444392,0,1
1788837240,2889817301,1444897,0,1
1788837241,2890825471,1445401,0,1
1788837242,2891835549,1445906,0,1
1788837243,2892845935,1446411,0,1
1788837244,2893857290,1446917,0,1
1788837245,2894867596,1447422,0,1
1788837246,2895879376,1447928,0,1
1788837247,2896891737,1448434,0,1
1788837248,2898001830,1448989,0,1
1788837249,2899011540,1449494,0,1
1788837250,2900023214,1450000,0,1
1788837251,2901033309,1450505,0,1
1788837252,2902045720,1451011,0,1
1788837253,2903057201,1451517,0,1
1788837254,2904065507,1452021,0,1
1788837255,2905071867,1452524,0,1
1788837256,2906079869,1453028,0,1
1788837257,2907087581,1453532,0,1
1788837258,2908097400,1454037,0,1
1788837259,2909107221,1454542,0,1
1788837260,2910115915,1455046,0,1
1788837261,2911127587,1455552,0,1
1788837262,2912135873,1456056,0,1
1788837263,2913145953,1456561,0,1
1788837264,2914157661,1457067,0,1
1788837265,2915169851,1457573,0,1
1788837266,2916181346,1458079,0,1
1788837268,2917191441,1458584,0,1
1788837269,2918199578,1459088,0,1
1788837270,2919209973,1459593,0,1
1788837271,2920219590,1460098,0,1
1788837272,2921233461,1460605,0,1
1788837273,2922241312,1461109,0,1
1788837274,2923249635,1461613,0,1
1788837275,2924261582,1462119,0,1
1788837276,2925269404,1462623,0,1
1788837277,2926279219,1463128,0,1
1788837278,2927287962,1463632,0,1
1788837279,2928301291,1464139,0,1
1788837280,2929315275,1464646,0,1
1788837281,2930329831,1465153,0,1
1788837282,2931340059,1465658,0,1
1788837283,2932351652,1466164,0,1
1788837284,2933359449,1466668,0,1
1788837285,2934365907,1467171,0,1
1788837286,2935377318,1467677,0,1
1788837287,2936387636,1468182,0,1
1788837288,2937395328,1468686,0,1
1788837289,2938401446,1469189,0,1
1788837290,2939405939,1469691,0,1
1788837291,2940413869,1470195,0,1
1788837292,2941425190,1470701,0,1
1788837293,2942433540,1471205,0,1
1788837294,2943447252,1471712,0,1
1788837295,2944457499,1472217,0,1
1788837296,2945469282,1472723,0,1
1788837297,2946479295,1473228,0,1
1788837298,2947493315,1473735,0,1
1788837299,2948505476,1474241,0,1
1788837300,2949515827,1474746,0,1
1788837301,2950523592,1475250,0,1
1788837302,2951533446,1475755,0,1
1788837303,2952545541,1476261,0,1
1788837304,2953555352,1476766,0,1
1788837305,2954569694,1477273,0,1
1788837306,2955581384,1477779,0,1
1788837307,2956587888,1478282,0,1
1788837308,2957597927,1478787,0,1
1788837309,2958607412,1479292,0,1
1788837310,2959613850,1479795,0,1
1788837311,2960621470,1480299,0,1
1788837312,2961629916,1480803,0,1
1788837313,2962645676,1481311,0,1
1788837314,2963659949,1481818,0,1
1788837315,2964667339,1482322,0,1
1788837316,2965677269,1482827,0,1
1788837317,2966691451,1483334,0,1
1788837318,2967705127,1483841,0,1
1788837319,2968717422,1484347,0,1
1788837320,2969725998,1484851,0,1
1788837321,2970739709,1485358,0,1
1788837322,2971749612,1485863,0,1
1788837323,2972763554,1486370,0,1
1788837324,2973777228,1486877,0,1
1788837325,2974789059,1487383,0,1
1788837326,2975799575,1487888,0,1
1788837327,2976809702,1488393,0,1
1788837328,2977822012,1488899,0,1
1788837329,2978833747,1489405,0,1
1788837330,2979845835,1489911,0,1
1788837331,2980855350,1490416,0,1
1788837332,2981865621,1490921,0,1
1788837333,2982877826,1491427,0,1
1788837334,2983889188,1491933,0,1
1788837335,2984895570,1492436,0,1
1788837336,2985907168,1492942,0,1
1788837337,2986917944,1493447,0,1
1788837338,2987927390,1493952,0,1
1788837339,2988935319,1494456,0,1
1788837340,2989949452,1494963,0,1
1788837341,2990959236,1495468,0,1
1788837342,2991968065,1495972,0,1
1788837343,2992979219,1496478,0,1
1788837344,2993985456,1496981,0,1
1788837345,2994995724,1497486,0,1
1788837346,2996003087,1497990,0,1
1788837347,2997011580,1498494,0,1
1788837348,2998021777,1498999,0,1
1788837349,2999033518,1499505,0,1
1788837350,3000041572,1500009,0,1
1788837351,3001053330,1500515,0,1
1788837352,3002163528,1501070,0,1
1788837353,3003171318,1501574,0,1
1788837354,3004181630,1502079,0,1
1788837355,3005195402,1502586,0,1
1788837356,3006207450,1503092,0,1
1788837358,3007221491,1503599,0,1
1788837359,3008231904,1504104,0,1
1788837360,3009241311,1504609,0,1
1788837361,3010255484,1505116,0,1
1788837362,3011269493,1505623,0,1
1788837363,3012283213,1506130,0,1
1788837364,3013291919,1506634,0,1
1788837365,3014303261,1507140,0,1
1788837366,3015313317,1507645,0,1
1788837367,3016325250,1508151,0,1
1788837368,3017335589,1508656,0,1
1788837369,3018345263,1509161,0,1
1788837370,3019359461,1509668,0,1
1788837371,3020367708,1510172,0,1
1788837372,3021381811,1510679,0,1
1788837373,3022389645,1511183,0,1
1788837374,3023405614,1511691,0,1
1788837375,3024417776,1512197,0,1
1788837376,3025329802,1512653,0,1
1788837377,3026439850,1513208,0,1
1788837378,3027449276,1513713,0,1
1788837379,3028459842,1514218,0,1
1788837380,3029467396,1514722,0,1
1788837381,3030475975,1515226,0,1
1788837382,3031485685,1515731,0,1
1788837383,3032499719,1516238,0,1
1788837384,3033511324,1516744,0,1
1788837385,3034521309,1517249,0,1
1788837386,3035533316,1517755,0,1
1788837387,3036545674,1518261,0,1
1788837388,3037557333,1518767,0,1
1788837389,3038565930,1519271,0,1
1788837390,3039579253,1519778,0,1
1788837391,3040587543,1520282,0,1
1788837392,3041599162,1520788,0,1
1788837393,3042607990,1521292,0,1
1788837394,3043615914,1521796,0,1
1788837395,3044623765,1522300,0,1
1788837396,3045633449,1522805,0,1
1788837397,3046643109,1523310,0,1
1788837398,3047655163,1523816,0,1
1788837399,3048665943,1524321,0,1
1788837400,3049677939,1524827,0,1
1788837401,3050689395,1525333,0,1
1788837402,3051701079,1525839,0,1
1788837403,3052709367,1526343,0,1
1788837404,3053721358,1526849,0,1
1788837405,3054729383,1527353,0,1
1788837406,3055739295,1527858,0,1
1788837407,3056747542,1528362,0,1
1788837408,3057755107,1528866,0,1
1788837409,3058767556,1529372,0,1
1788837410,3059775693,1529876,0,1
1788837411,3060787215,1530382,0,1
1788837412,3061797913,1530887,0,1
1788837413,3062809339,1531393,0,1
1788837414,3063819946,1531898,0,1
1788837415,3064833646,1532405,0,1
1788837416,3065843700,1532910,0,1
1788837417,3066855621,1533416,0,1
1788837418,3067869515,1533923,0,1
1788837419,3068881690,1534429,0,1
1788837420,3069893648,1534935,0,1
1788837421,3070901782,1535439,0,1
1788837422,3071917313,1535947,0,1
1788837423,3072925801,1536451,0,1
1788837424,3073935428,1536956,0,1
1788837425,3074943716,1537460,0,1
1788837426,3075957708,1537967,0,1
1788837427,3076971489,1538474,0,1
1788837428,3077981745,1538979,0,1
1788837429,3078991281,1539484,0,1
1788837430,3080003902,1539990,0,1
1788837431,3081017971,1540497,0,1
1788837432,3082027551,1541002,0,1
1788837433,3083037748,1541507,0,1
1788837434,3084051859,1542014,0,1
1788837435,3085063399,1542520,0,1
1788837436,3086073606,1543025,0,1
1788837437,3087083936,1543530,0,1
1788837438,3088095665,1544036,0,1
1788837439,3089105301,1544541,0,1
1788837440,3090113878,1545045,0,1
1788837441,3091126024,1545551,0,1
1788837442,3092139919,1546058,0,1
1788837443,3093149389,1546563,0,1
1788837444,3094159836,1547068,0,1
1788837446,3095173772,1547575,0,1
1788837447,3096187493,1548082,0,1
1788837448,3097199575,1548588,0,1
1788837449,3098211968,1549094,0,1
1788837450,3099223424,1549600,0,1
1788837451,3100231924,1550104,0,1
1788837452,3101241790,1550609,0,1
1788837453,3102250028,1551113,0,1
1788837454,3103257928,1551617,0,1
1788837455,3104269533,1552123,0,1
1788837456,3105279750,1552628,0,1
1788837457,3106291572,1553134,0,1
1788837458,3107301996,1553639,0,1
1788837459,3108309624,1554143,0,1
1788837460,3109317918,1554647,0,1
1788837461,3110331615,1555154,0,1
1788837462,3111343249,1555660,0,1
1788837463,3112353572,1556165,0,1
1788837464,3113361603,1556669,0,1
1788837465,3114377653,1557177,0,1
1788837466,3115387811,1557682,0,1
1788837467,3116401391,1558189,0,1
1788837468,3117409768,1558693,0,1
1788837469,3118417850,1559197,0,1
1788837470,3119431732,1559704,0,1
1788837471,3120443088,1560210,0,1
1788837472,3121451907,1560714,0,1
1788837473,3122463237,1561220,0,1
1788837474,3123471667,1561724,0,1
1788837475,3124481418,1562229,0,1
1788837476,3125491510,1562734,0,1
1788837477,3126503818,1563240,0,1
1788837478,3127513618,1563745,0,1
1788837479,3128525189,1564251,0,1
1788837480,3129535732,1564756,0,1
1788837481,3130549760,1565263,0,1
1788837482,3131560025,1565768,0,1
1788837483,3132573888,1566275,0,1
1788837484,3133583877,1566780,0,1
1788837485,3134591945,1567284,0,1
1788837486,3135599282,1567788,0,1
1788837487,3136605887,1568291,0,1
1788837488,3137617381,1568797,0,1
1788837489,3138629221,1569303,0,1
1788837490,3139637697,1569807,0,1
1788837491,3140649525,1570313,0,1
1788837492,3141659978,1570818,0,1
1788837493,3142669513,1571323,0,1
1788837494,3143681453,1571829,0,1
1788837495,3144687800,1572332,0,1
1788837496,3145699356,1572838,0,1
1788837497,3146711223,1573344,0,1
1788837498,3147719872,1573848,0,1
1788837499,3148727843,1574352,0,1
1788837500,3149737190,1574857,0,1
1788837501,3150743189,1575360,0,1
1788837502,3151755667,1575866,0,1
1788837503,3152769696,1576373,0,1
1788837504,3153779634,1576878,0,1
1788837505,3154791743,1577384,0,1
1788837506,3155805344,1577891,0,1
1788837507,3156813362,1578395,0,1
1788837508,3157824033,1578900,0,1
1788837509,3158833506,1579405,0,1
1788837510,3159847988,1579912,0,1
1788837511,3160859911,1580418,0,1
1788837512,3161871322,1580924,0,1
1788837513,3162885297,1581431,0,1
1788837514,3163897290,1581937,0,1
1788837515,3164911514,1582444,0,1
1788837516,3165923066,1582950,0,1
1788837517,3166931569,1583454,0,1
1788837518,3167941396,1583959,0,1
1788837519,3168951120,1584464,0,1
1788837520,3169965342,1584971,0,1
1788837521,3170977428,1585477,0,1
1788837522,3171987602,1585982,0,1
1788837523,3172995976,1586486,0,1
1788837524,3174005575,1586991,0,1
1788837525,3175113941,1587545,0,1
1788837526,3176123075,1588050,0,1
1788837527,3177137313,1588557,0,1
1788837528,3178147177,1589062,0,1
1788837529,3179157847,1589567,0,1
1788837530,3180163911,1590070,0,1
1788837531,3181177955,1590577,0,1
1788837532,3182187965,1591082,0,1
1788837533,3183201628,1591589,0,1
1788837535,3184213376,1592095,0,1
1788837536,3185225162,1592601,0,1
1788837537,3186235672,1593106,0,1
1788837538,3187247384,1593612,0,1
1788837539,3188253347,1594115,0,1
1788837540,3189263317,1594620,0,1
1788837541,3190269908,1595123,0,1
1788837542,3191279322,1595628,0,1
1788837543,3192285661,1596131,0,1
1788837544,3193293401,1596635,0,1
1788837545,3194305312,1597141,0,1
1788837546,3195313199,1597645,0,1
1788837547,3196321263,1598149,0,1
1788837548,3197327964,1598652,0,1
1788837549,3198339190,1599158,0,1
1788837550,3199349673,1599663,0,1
1788837551,3200361327,1600169,0,1
1788837552,3201371355,1600674,0,1
1788837553,3202383883,1601180,0,1
1788837554,3203393131,1601685,0,1
1788837555,3204405608,1602191,0,1
1788837556,3205413082,1602695,0,1
1788837557,3206419753,1603198,0,1
1788837558,3207431561,1603704,0,1
1788837559,3208439576,1604208,0,1
1788837560,3209449221,1604713,0,1
1788837561,3210457752,1605217,0,1
1788837562,3211465523,1605721,0,1
1788837563,3212473382,1606225,0,1
1788837564,3213479640,1606728,0,1
1788837565,3214487837,1607232,0,1
1788837566,3215497200,1607737,0,1
1788837567,3216505328,1608241,0,1
1788837568,3217517127,1608747,0,1
1788837569,3218529127,1609253,0,1
1788837570,3219539783,1609758,0,1
1788837571,3220555452,1610266,0,1
1788837572,3221561581,1610769,0,1
1788837573,3222571620,1611274,0,1
1788837574,3223583797,1611780,0,1
1788837575,3224597831,1612287,0,1
1788837576,3225611528,1612794,0,1
1788837577,3226620001,1613298,0,1
1788837578,3227635514,1613806,0,1
1788837579,3228643643,1614310,0,1
1788837580,3229653607,1614815,0,1
1788837581,3230665105,1615321,0,1
1788837582,3231675090,1615826,0,1
1788837583,3232683290,1616330,0,1
1788837584,3233691387,1616834,0,1
1788837585,3234701247,1617339,0,1
1788837586,3235713713,1617845,0,1
1788837587,3236725583,1618351,0,1
1788837588,3237735962,1618856,0,1
1788837589,3238747139,1619362,0,1
1788837590,3239761442,1619869,0,1
1788837591,3240773052,1620375,0,1
1788837592,3241783130,1620880,0,1
1788837593,3242797473,1621387,0,1
1788837594,3243807964,1621892,0,1
1788837595,3244819257,1622398,0,1
1788837596,3245827826,1622902,0,1
1788837597,3246839765,1623408,0,1
1788837598,3247851085,1623914,0,1
1788837599,3248961860,1624469,0,1
1788837600,3249971456,1624974,0,1
1788837601,3250979610,1625478,0,1
1788837602,3251989056,1625983,0,1
1788837603,3252997838,1626487,0,1
1788837604,3254013229,1626995,0,1
1788837605,3255019839,1627498,0,1
1788837606,3256029482,1628003,0,1
1788837607,3257041590,1628509,0,1
1788837608,3258053186,1629015,0,1
1788837609,3259061651,1629519,0,1
1788837610,3260069579,1630023,0,1
1788837611,3261079510,1630528,0,1
1788837612,3262093949,1631035,0,1
1788837613,3263105561,1631541,0,1
1788837614,3264115404,1632046,0,1
1788837615,3265123788,1632550,0,1
1788837616,3266135909,1633056,0,1
1788837617,3267143771,1633560,0,1
1788837618,3268152054,1634064,0,1
1788837619,3269163126,1634570,0,1
1788837620,3270169747,1635073,0,1
1788837621,3271177451,1635577,0,1
1788837623,3272185208,1636081,0,1
1788837624,3273191127,1636584,0,1
1788837625,3274195718,1637086,0,1
1788837626,3275201697,1637589,0,1
1788837627,3276209378,1638093,0,1
1788837628,3277215513,1638596,0,1
1788837629,3278222064,1639099,0,1
1788837630,3279231323,1639604,0,1
1788837631,3280237727,1640107,0,1
1788837632,3281249576,1640613,0,1
1788837633,3282259683,1641118,0,1
1788837634,3283271679,1641624,0,1
1788837635,3284281947,1642129,0,1
1788837636,3285293520,1642635,0,1
1788837637,3286307846,1643142,0,1
1788837638,3287321509,1643649,0,1
1788837639,3288331614,1644154,0,1
1788837640,3289341393,1644659,0,1
1788837641,3290349708,1645163,0,1
1788837642,3291363341,1645670,0,1
1788837643,3292375188,1646176,0,1
1788837644,3293383660,1646680,0,1
1788837645,3294394015,1647185,0,1
1788837646,3295403945,1647690,0,1
1788837647,3296415866,1648196,0,1
1788837648,3297427321,1648702,0,1
1788837649,3298437662,1649207,0,1
1788837650,3299449504,1649713,0,1
1788837651,3300461722,1650219,0,1
1788837652,3301473884,1650725,0,1
1788837653,3302489771,1651233,0,1
1788837654,3303501657,1651739,0,1
1788837655,3304513378,1652245,0,1
1788837656,3305525241,1652751,0,1
1788837657,3306533738,1653255,0,1
1788837658,3307541195,1653759,0,1
1788837659,3308553188,1654265,0,1
1788837660,3309565204,1654771,0,1
1788837661,3310573910,1655275,0,1
1788837662,3311583448,1655780,0,1
1788837663,3312597566,1656287,0,1
1788837664,3313607107,1656792,0,1
1788837665,3314617936,1657297,0,1
1788837666,3315627224,1657802,0,1
1788837667,3316637457,1658307,0,1
1788837668,3317647819,1658812,0,1
1788837669,3318657534,1659317,0,1
1788837670,3319671377,1659824,0,1
1788837671,3320679064,1660328,0,1
1788837672,3321691420,1660834,0,1
1788837673,3322703127,1661340,0,1
1788837674,3323711860,1661844,0,1
1788837675,3324727348,1662352,0,1
1788837676,3325737125,1662857,0,1
1788837677,3326747834,1663362,0,1
1788837678,3327757292,1663867,0,1
1788837679,3328771052,1664374,0,1
1788837680,3329781313,1664879,0,1
1788837681,3330791273,1665384,0,1
1788837682,3331805426,1665891,0,1
1788837683,3332817396,1666397,0,1
1788837684,3333829567,1666903,0,1
1788837685,3334841973,1667409,0,1
1788837686,3335853339,1667915,0,1
1788837687,3336865201,1668421,0,1
1788837688,3337873764,1668925,0,1
1788837689,3338885170,1669431,0,1
1788837690,3339891516,1669934,0,1
1788837691,3340899896,1670438,0,1
1788837692,3341909512,1670943,0,1
1788837693,3342915689,1671446,0,1
1788837694,3343927471,1671952,0,1
1788837695,3344939625,1672458,0,1
1788837696,3345951822,1672964,0,1
1788837697,3346961285,1673469,0,1
1788837698,3348069853,1674023,0,1
1788837699,3349081791,1674529,0,1
1788837700,3350091840,1675034,0,1
1788837701,3351101934,1675539,0,1
1788837702,3352113104,1676045,0,1
1788837703,3353119978,1676548,0,1
1788837704,3354129634,1677053,0,1
1788837705,3355141367,1677559,0,1
1788837706,3356151936,1678064,0,1
1788837707,3357161898,1678569,0,1
1788837708,3358173317,1679075,0,1
1788837709,3359187189,1679582,0,1
1788837710,3360199460,1680088,0,1
1788837712,3361211260,1680594,0,1
1788837713,3362223715,1681100,0,1
1788837714,3363233979,1681605,0,1
1788837715,3364247075,1682112,0,1
1788837716,3365259310,1682618,0,1
1788837717,3366271324,1683124,0,1
1788837718,3367281233,1683629,0,1
1788837719,3368289512,1684133,0,1
1788837720,3369303339,1684640,0,1
1788837721,3370315713,1685146,0,1
1788837722,3371327918,1685652,0,1
1788837723,3372337419,1686157,0,1
1788837724,3373347231,1686662,0,1
1788837725,3374359453,1687168,0,1
1788837726,3375367191,1687672,0,1
1788837727,3376379273,1688178,0,1
1788837728,3377389913,1688683,0,1
1788837729,3378403273,1689190,0,1
1788837730,3379409760,1689693,0,1
1788837731,3380419368,1690198,0,1
1788837732,3381427794,1690702,0,1
1788837733,3382439096,1691208,0,1
1788837734,3383451330,1691714,0,1
1788837735,3384465215,1692221,0,1
1788837736,3385475763,1692726,0,1
1788837737,3386488026,1693232,0,1
1788837738,3387501151,1693739,0,1
1788837739,3388509973,1694243,0,1
1788837740,3389523520,1694750,0,1
1788837741,3390531584,1695254,0,1
1788837742,3391543261,1695760,0,1
1788837743,3392553192,1696265,0,1
1788837744,3393563323,1696770,0,1
1788837745,3394575314,1697276,0,1
1788837746,3395583773,1697780,0,1
1788837747,3396593997,1698285,0,1
1788837748,3397609732,1698793,0,1
1788837749,3398621429,1699299,0,1
1788837750,3399631709,1699804,0,1
1788837751,3400643976,1700310,0,1
1788837752,3401657528,1700817,0,1
1788837753,3402667179,1701322,0,1
1788837754,3403681150,1701829,0,1
1788837755,3404691362,1702334,0,1
1788837756,3405702011,1702839,0,1
1788837757,3406714001,1703345,0,1
1788837758,3407725322,1703851,0,1
1788837759,3408732007,1704354,0,1
1788837760,3409741799,1704859,0,1
1788837761,3410755853,1705366,0,1
1788837762,3411765100,1705871,0,1
1788837763,3412777128,1706377,0,1
1788837764,3413791486,1706884,0,1
1788837765,3414803193,1707390,0,1
1788837766,3415815414,1707896,0,1
1788837767,3416825066,1708401,0,1
1788837768,3417833778,1708905,0,1
1788837769,3418847305,1709412,0,1
1788837770,3419859687,1709918,0,1
1788837771,3420871459,1710424,0,1
1788837772,3421883135,1710930,0,1
1788837773,3422891762,1711434,0,1
1788837774,3423907503,1711942,0,1
1788837775,3424921536,1712449,0,1
1788837776,3425933048,1712955,0,1
1788837777,3426941125,1713459,0,1
1788837778,3427951435,1713964,0,1
1788837779,3428963382,1714470,0,1
1788837780,3429973601,1714975,0,1
1788837781,3430985581,1715481,0,1
1788837782,3431995247,1715986,0,1
1788837783,3433003571,1716490,0,1
1788837784,3434013284,1716995,0,1
1788837785,3435023293,1717500,0,1
1788837786,3436033633,1718005,0,1
1788837787,3437045097,1718511,0,1
1788837788,3438057810,1719017,0,1
1788837789,3439071683,1719524,0,1
1788837790,3440081450,1720029,0,1
1788837791,3441089119,1720533,0,1
1788837792,3442093961,1721035,0,1
1788837793,3443101328,1721539,0,1
1788837794,3444115427,1722046,0,1
1788837795,3445123440,1722550,0,1
1788837796,3446131026,1723054,0,1
1788837797,3447139997,1723558,0,1
1788837798,3448149350,1724063,0,1
1788837800,3449161218,1724569,0,1
1788837801,3450175368,1725076,0,1
1788837802,3451185893,1725581,0,1
1788837803,3452197603,1726087,0,1
1788837804,3453207919,1726592,0,1
1788837805,3454219358,1727098,0,1
1788837806,3455231259,1727604,0,1
1788837807,3456241948,1728109,0,1
1788837808,3457253318,1728615,0,1
1788837809,3458263251,1729120,0,1
1788837810,3459275433,1729626,0,1
1788837811,3460285476,1730131,0,1
1788837812,3461291332,1730634,0,1
1788837813,3462301631,1731139,0,1
1788837814,3463313778,1731645,0,1
1788837815,3464323887,1732150,0,1
1788837816,3465337594,1732657,0,1
1788837817,3466347735,1733162,0,1
1788837818,3467361213,1733669,0,1
1788837819,3468371506,1734174,0,1
1788837820,3469383124,1734680,0,1
1788837821,3470393738,1735185,0,1
1788837822,3471403155,1735690,0,1
1788837823,3472413762,1736195,0,1
1788837824,3473425253,1736701,0,1
1788837825,3474435244,1737206,0,1
1788837826,3475449341,1737713,0,1
1788837827,3476461583,1738219,0,1
1788837828,3477471352,1738724,0,1
1788837829,3478479445,1739228,0,1
1788837830,3479489277,1739733,0,1
1788837831,3480497571,1740237,0,1
1788837832,3481507725,1740742,0,1
1788837833,3482517737,1741247,0,1
1788837834,3483527315,1741752,0,1
1788837835,3484537675,1742257,0,1
1788837836,3485547482,1742762,0,1
1788837837,3486553570,1743265,0,1
1788837838,3487563255,1743770,0,1
1788837839,3488571739,1744274,0,1
1788837840,3489581224,1744779,0,1
1788837841,3490589702,1745283,0,1
1788837842,3491599218,1745788,0,1
1788837843,3492609511,1746293,0,1
1788837844,3493617831,1746797,0,1
1788837845,3494629844,1747303,0,1
1788837846,3495643192,1747810,0,1
1788837847,3496653127,1748315,0,1
1788837848,3497663628,1748820,0,1
1788837849,3498673189,1749325,0,1
1788837850,3499683394,1749830,0,1
1788837851,3500695499,1750336,0,1
1788837852,3501805862,1750891,0,1
1788837853,3502815719,1751396,0,1
1788837854,3503829376,1751903,0,1
1788837855,3504841196,1752409,0,1
1788837856,3505849716,1752913,0,1
1788837857,3506861713,1753419,0,1
1788837858,3507873589,1753925,0,1
1788837859,3508883561,1754430,0,1
1788837860,3509891880,1754934,0,1
1788837861,3510903406,1755440,0,1
1788837862,3511913564,1755945,0,1
1788837863,3512925760,1756451,0,1
1788837864,3513941516,1756959,0,1
1788837865,3514955658,1757466,0,1
1788837866,3515965841,1757971,0,1
1788837867,3516977383,1758477,0,1
1788837868,3517987428,1758982,0,1
1788837869,3518999491,1759488,0,1
1788837870,3520011089,1759994,0,1
1788837871,3521019538,1760498,0,1
1788837872,3522029717,1761003,0,1
1788837873,3523039992,1761508,0,1
1788837874,3524055573,1762016,0,1
1788837875,3525069863,1762523,0,1
1788837876,3526081938,1763029,0,1
1788837877,3526994010,1763485,0,1
1788837878,3528005764,1763991,0,1
1788837879,3529117953,1764547,0,1
1788837880,3530029664,1765003,0,1
1788837881,3531141935,1765559,0,1
1788837882,3532149503,1766063,0,1
1788837883,3533157107,1766567,0,1
1788837884,3534166022,1767071,0,1
1788837885,3535173854,1767575,0,1
1788837886,3536184015,1768080,0,1
1788837887,3537193882,1768585,0,1
1788837889,3538199657,1769088,0,1
1788837890,3539213460,1769595,0,1
1788837891,3540225218,1770101,0,1
1788837892,3541233807,1770605,0,1
1788837893,3542247675,1771112,0,1
1788837894,3543257944,1771617,0,1
1788837895,3544271969,1772124,0,1
1788837896,3545285579,1772631,0,1
1788837897,3546295832,1773136,0,1
1788837898,3547307495,1773642,0,1
1788837899,3548315623,1774146,0,1
1788837900,3549325579,1774651,0,1
1788837901,3550333415,1775155,0,1
1788837902,3551339567,1775658,0,1
1788837903,3552347668,1776162,0,1
1788837904,3553357915,1776667,0,1
1788837905,3554367573,1777172,0,1
1788837906,3555375465,1777676,0,1
1788837907,3556385189,1778181,0,1
1788837908,3557393844,1778685,0,1
1788837909,3558405729,1779191,0,1
1788837910,3559417903,1779697,0,1
1788837911,3560427188,1780202,0,1
1788837912,3561433519,1780705,0,1
1788837913,3562441259,1781209,0,1
1788837914,3563450001,1781713,0,1
1788837915,3564461754,1782219,0,1
1788837916,3565471447,1782724,0,1
1788837917,3566481424,1783229,0,1
1788837918,3567491777,1783734,0,1
1788837919,3568501278,1784239,0,1
1788837920,3569513962,1784745,0,1
1788837921,3570527067,1785252,0,1
1788837922,3571539502,1785758,0,1
1788837923,3572547730,1786262,0,1
1788837924,3573557450,1786767,0,1
1788837925,3574569856,1787273,0,1
1788837926,3575579738,1787778,0,1
1788837927,3576587581,1788282,0,1
1788837928,3577595712,1788786,0,1
1788837929,3578603359,1789290,0,1
1788837930,3579615213,1789796,0,1
1788837931,3580629548,1790303,0,1
1788837932,3581641576,1790809,0,1
1788837933,3582653508,1791315,0,1
1788837934,3583663325,1791820,0,1
1788837935,3584675841,1792326,0,1
1788837936,3585689717,1792833,0,1
1788837937,3586699321,1793338,0,1
1788837938,3587711558,1793844,0,1
1788837939,3588721878,1794349,0,1
1788837940,3589731449,1794854,0,1
1788837941,3590739707,1795358,0,1
1788837942,3591747858,1795862,0,1
1788837943,3592763175,1796370,0,1
1788837944,3593777580,1796877,0,1
1788837945,3594787215,1797382,0,1
1788837946,3595799212,1797888,0,1
1788837947,3596811563,1798394,0,1
1788837948,3597821540,1798899,0,1
1788837949,3598831880,1799404,0,1
1788837950,3599845572,1799911,0,1
1788837951,3600853041,1800415,0,1
1788837952,3601863745,1800920,0,1
1788837953,3602877535,1801427,0,1
1788837954,3603889513,1801933,0,1
1788837955,3604903682,1802440,0,1
1788837956,3605915450,1802946,0,1
1788837957,3606925912,1803451,0,1
1788837958,3607937627,1803957,0,1
1788837959,3608949413,1804463,0,1
1788837960,3609957760,1804967,0,1
1788837961,3610965579,1805471,0,1
1788837962,3611973583,1805975,0,1
1788837963,3612983818,1806480,0,1
1788837964,3613995790,1806986,0,1
1788837965,3615005303,1807491,0,1
1788837966,3616015774,1807996,0,1
1788837967,3617023234,1808500,0,1
1788837968,3618033146,1809005,0,1
1788837969,3619041592,1809509,0,1
1788837970,3620051332,1810014,0,1
1788837971,3621061149,1810519,0,1
1788837972,3622071777,1811024,0,1
1788837973,3623081451,1811529,0,1
1788837974,3624093649,1812035,0,1
1788837975,3625107505,1812542,0,1
1788837976,3626117449,1813047,0,1
1788837978,3627131346,1813554,0,1
1788837979,3628143494,1814060,0,1
1788837980,3629157833,1814567,0,1
1788837981,3630171616,1815074,0,1
1788837982,3631185795,1815581,0,1
1788837983,3632195824,1816086,0,1
1788837984,3633205739,1816591,0,1
1788837985,3634217752,1817097,0,1
1788837986,3635227703,1817602,0,1
1788837987,3636239812,1818108,0,1
1788837988,3637251910,1818614,0,1
1788837989,3638261786,1819119,0,1
1788837990,3639273894,1819625,0,1
1788837991,3640285382,1820131,0,1
1788837992,3641299575,1820638,0,1
1788837993,3642307629,1821142,0,1
1788837994,3643315227,1821646,0,1
1788837995,3644323092,1822150,0,1
1788837996,3645335378,1822656,0,1
1788837997,3646347287,1823162,0,1
1788837998,3647357661,1823667,0,1
1788837999,3648369436,1824173,0,1
1788838000,3649381130,1824679,0,1
1788838001,3650391220,1825184,0,1
1788838002,3651401195,1825689,0,1
1788838003,3652413351,1826195,0,1
1788838004,3653423819,1826700,0,1
1788838005,3654433768,1827205,0,1
1788838006,3655543896,1827760,0,1
1788838007,3656555324,1828266,0,1
1788838008,3657563600,1828770,0,1
1788838009,3658575517,1829276,0,1
1788838010,3659587255,1829782,0,1
1788838011,3660597779,1830287,0,1
1788838012,3661607827,1830792,0,1
1788838013,3662621194,1831299,0,1
1788838014,3663629805,1831803,0,1
1788838015,3664645094,1832311,0,1
1788838016,3665657271,1832817,0,1
1788838017,3666669860,1833323,0,1
1788838018,3667681497,1833829,0,1
1788838019,3668687892,1834332,0,1
1788838020,3669701582,1834839,0,1
1788838021,3670715539,1835346,0,1
1788838022,3671725715,1835851,0,1
1788838023,3672637303,1836307,0,1
1788838024,3673649197,1836813,0,1
1788838025,3674661424,1837319,0,1
1788838026,3675675411,1837826,0,1
1788838027,3676685634,1838331,0,1
1788838028,3677795061,1838886,0,1
1788838029,3678801889,1839389,0,1
1788838030,3679813195,1839895,0,1
1788838031,3680823441,1840400,0,1
1788838032,3681835200,1840906,0,1
1788838033,3682843340,1841410,0,1
1788838034,3683853352,1841915,0,1
1788838035,3684863537,1842420,0,1
1788838036,3685871574,1842924,0,1
1788838037,3686883235,1843430,0,1
1788838038,3687893769,1843935,0,1
1788838039,3688905926,1844441,0,1
1788838040,3689913375,1844945,0,1
1788838041,3690923935,1845450,0,1
1788838042,3691935154,1845956,0,1
1788838043,3692943593,1846460,0,1
1788838044,3693953292,1846965,0,1
1788838045,3694963788,1847470,0,1
1788838046,3695971903,1847974,0,1
1788838047,3696983701,1848480,0,1
1788838048,3697993414,1848985,0,1
1788838049,3699001904,1849489,0,1
1788838050,3700013555,1849995,0,1
1788838051,3701023747,1850500,0,1
1788838052,3702034021,1851005,0,1
1788838053,3703045319,1851511,0,1
1788838054,3704057360,1852017,0,1
1788838055,3705065233,1852521,0,1
1788838056,3706077848,1853027,0,1
1788838057,3707087603,1853532,0,1
1788838058,3708095202,1854036,0,1
1788838059,3709107581,1854542,0,1
1788838060,3710115590,1855046,0,1
1788838061,3711125613,1855551,0,1
1788838062,3712131823,1856054,0,1
1788838063,3713139770,1856558,0,1
1788838064,3714147385,1857062,0,1
1788838066,3715159110,1857568,0,1
1788838067,3716169502,1858073,0,1
1788838068,3717181320,1858579,0,1
1788838069,3718193754,1859085,0,1
1788838070,3719205088,1859591,0,1
1788838071,3720217577,1860097,0,1
1788838072,3721231075,1860604,0,1
1788838073,3722239423,1861108,0,1
1788838074,3723251319,1861614,0,1
1788838075,3724257940,1862117,0,1
1788838076,3725273644,1862625,0,1
1788838077,3726285078,1863131,0,1
1788838078,3727297738,1863637,0,1
1788838079,3728307951,1864142,0,1
1788838080,3729317091,1864647,0,1
1788838081,3730323755,1865150,0,1
1788838082,3731331892,1865654,0,1
1788838083,3732341436,1866159,0,1
1788838084,3733349528,1866663,0,1
1788838085,3734357103,1867167,0,1
1788838086,3735363779,1867670,0,1
1788838087,3736373163,1868175,0,1
1788838088,3737383632,1868680,0,1
1788838089,3738393591,1869185,0,1
1788838090,3739403176,1869690,0,1
1788838091,3740411353,1870194,0,1
1788838092,3741421361,1870699,0,1
1788838093,3742433449,1871205,0,1
1788838094,3743441427,1871709,0,1
1788838095,3744455834,1872216,0,1
1788838096,3745467728,1872722,0,1
1788838097,3746477544,1873227,0,1
1788838098,3747489765,1873733,0,1
1788838099,3748497281,1874237,0,1
1788838100,3749507567,1874742,0,1
1788838101,3750517582,1875247,0,1
1788838102,3751527940,1875752,0,1
1788838103,3752537276,1876257,0,1
1788838104,3753549556,1876763,0,1
1788838105,3754563291,1877270,0,1
1788838106,3755577283,1877777,0,1
1788838107,3756587422,1878282,0,1
1788838108,3757597584,1878787,0,1
1788838109,3758609657,1879293,0,1
1788838110,3759621954,1879799,0,1
1788838111,3760629960,1880303,0,1
1788838112,3761643634,1880810,0,1
1788838113,3762653727,1881315,0,1
1788838114,3763665057,1881821,0,1
1788838115,3764669937,1882323,0,1
1788838116,3765679100,1882828,0,1
1788838117,3766787686,1883382,0,1
1788838118,3767795977,1883886,0,1
1788838119,3768807566,1884392,0,1
1788838120,3769821470,1884899,0,1
1788838121,3770833473,1885405,0,1
1788838122,3771845435,1885911,0,1
1788838123,3772855585,1886416,0,1
1788838124,3773865393,1886921,0,1
1788838125,3774873510,1887425,0,1
1788838126,3775887362,1887932,0,1
1788838127,3776897736,1888437,0,1
1788838128,3777907898,1888942,0,1
1788838129,3778915761,1889446,0,1
1788838130,3779927124,1889952,0,1
1788838131,3780937499,1890457,0,1
1788838132,3781943629,1890960,0,1
1788838133,3782953729,1891465,0,1
1788838134,3783963592,1891970,0,1
1788838135,3784971882,1892474,0,1
1788838136,3785985529,1892981,0,1
1788838137,3786991761,1893484,0,1
1788838138,3788001861,1893989,0,1
1788838139,3789015315,1894496,0,1
1788838140,3790029791,1895003,0,1
1788838141,3791041207,1895509,0,1
1788838142,3792053214,1896015,0,1
1788838143,3793061828,1896519,0,1
1788838144,3794073316,1897025,0,1
1788838145,3795083722,1897530,0,1
1788838146,3796095086,1898036,0,1
1788838147,3797103423,1898540,0,1
1788838148,3798111185,1899044,0,1
1788838149,3799119124,1899548,0,1
1788838150,3800127881,1900052,0,1
1788838151,3801137687,1900557,0,1
1788838152,3802149960,1901063,0,1
1788838153,3803159256,1901568,0,1
1788838154,3804171791,1902074,0,1
1788838156,3805183606,1902580,0,1
1788838157,3806195620,1903086,0,1
1788838158,3807205470,1903591,0,1
1788838159,3808217904,1904097,0,1
1788838160,3809225503,1904601,0,1
1788838161,3810231931,1905104,0,1
1788838162,3811239485,1905608,0,1
1788838163,3812248035,1906112,0,1
1788838164,3813259480,1906618,0,1
1788838165,3814267384,1907122,0,1
1788838166,3815277349,1907627,0,1
1788838167,3816285983,1908131,0,1
1788838168,3817299506,1908638,0,1
1788838169,3818313218,1909145,0,1
1788838170,3819323976,1909650,0,1
1788838171,3820337290,1910157,0,1
1788838172,3821347307,1910662,0,1
1788838173,3822361190,1911169,0,1
1788838174,3823371887,1911674,0,1
1788838175,3824385670,1912181,0,1
1788838176,3825399717,1912688,0,1
1788838177,3826411691,1913194,0,1
1788838178,3827425385,1913701,0,1
1788838179,3828435324,1914206,0,1
1788838180,3829443308,1914710,0,1
1788838181,3830449462,1915213,0,1
1788838182,3831457507,1915717,0,1
1788838183,3832467970,1916222,0,1
1788838184,3833475680,1916726,0,1
1788838185,3834485097,1917231,0,1
1788838186,3835494008,1917735,0,1
1788838187,3836503837,1918240,0,1
1788838188,3837513535,1918745,0,1
1788838189,3838523237,1919250,0,1
1788838190,3839533225,1919755,0,1
1788838191,3840539970,1920258,0,1
1788838192,3841551978,1920764,0,1
1788838193,3842559900,1921268,0,1
1788838194,3843569302,1921773,0,1
1788838195,3844577450,1922277,0,1
1788838196,3845585279,1922781,0,1
1788838197,3846593593,1923285,0,1
1788838198,3847601516,1923789,0,1
1788838199,3848611694,1924294,0,1
1788838200,3849623941,1924800,0,1
1788838201,3850635560,1925306,0,1
1788838202,3851645749,1925811,0,1
1788838203,3852655436,1926316,0,1
1788838204,3853669410,1926823,0,1
1788838205,3854677984,1927327,0,1
1788838206,3855791460,1927884,0,1
1788838207,3856801868,1928389,0,1
1788838208,3857815216,1928896,0,1
1788838209,3858823827,1929400,0,1
1788838210,3859837207,1929907,0,1
1788838211,3860847426,1930412,0,1
1788838212,3861859492,1930918,0,1
1788838213,3862871073,1931424,0,1
1788838214,3863881923,1931929,0,1
1788838215,3864895781,1932436,0,1
1788838216,3865905778,1932941,0,1
1788838217,3866921530,1933449,0,1
1788838218,3867931697,1933954,0,1
1788838219,3868939887,1934458,0,1
1788838220,3869953192,1934965,0,1
1788838221,3870961447,1935469,0,1
1788838222,3871971078,1935974,0,1
1788838223,3872981588,1936479,0,1
1788838224,3873993618,1936985,0,1
1788838225,3875005529,1937491,0,1
1788838226,3876019308,1937998,0,1
1788838227,3877025980,1938501,0,1
1788838228,3878035311,1939006,0,1
1788838229,3879043529,1939510,0,1
1788838230,3880051383,1940014,0,1
1788838231,3881059505,1940518,0,1
1788838232,3882067459,1941022,0,1
1788838233,3883081385,1941529,0,1
1788838234,3884089729,1942033,0,1
1788838235,3885101378,1942539,0,1
1788838236,3886111832,1943044,0,1
1788838237,3887127351,1943552,0,1
1788838238,3888139255,1944058,0,1
1788838239,3889145497,1944561,0,1
1788838240,3890157422,1945067,0,1
1788838242,3891165452,1945571,0,1
1788838243,3892173082,1946075,0,1
1788838244,3893181713,1946579,0,1
1788838245,3894189731,1947083,0,1
1788838246,3895197829,1947587,0,1
1788838247,3896205947,1948091,0,1
1788838248,3897217249,1948597,0,1
1788838249,3898229583,1949103,0,1
1788838250,3899237865,1949607,0,1
1788838251,3900245751,1950111,0,1
1788838252,3901255355,1950616,0,1
1788838253,3902267477,1951122,0,1
1788838254,3903279440,1951628,0,1
1788838255,3904291636,1952134,0,1
1788838256,3905301395,1952639,0,1
1788838257,3906309830,1953143,0,1
1788838258,3907317944,1953647,0,1
1788838259,3908325573,1954151,0,1
1788838260,3909335878,1954656,0,1
1788838261,3910347283,1955162,0,1
1788838262,3911355805,1955666,0,1
1788838263,3912365588,1956171,0,1
1788838264,3913375129,1956676,0,1
1788838265,3914387595,1957182,0,1
1788838266,3915395650,1957686,0,1
1788838267,3916405256,1958191,0,1
1788838268,3917417876,1958697,0,1
1788838269,3918429156,1959203,0,1
1788838270,3919439966,1959708,0,1
1788838271,3920447781,1960212,0,1
1788838272,3921455874,1960716,0,1
1788838273,3922563919,1961270,0,1
1788838274,3923575467,1961776,0,1
1788838275,3924585891,1962281,0,1
1788838276,3925599155,1962788,0,1
1788838277,3926609811,1963293,0,1
1788838278,3927619010,1963798,0,1
1788838279,3928627292,1964302,0,1
1788838280,3929639113,1964808,0,1
1788838281,3930651317,1965314,0,1
1788838282,3931667192,1965822,0,1
1788838283,3932679453,1966328,0,1
1788838284,3933691413,1966834,0,1
1788838285,3934703686,1967340,0,1
1788838286,3935715477,1967846,0,1
1788838287,3936725145,1968351,0,1
1788838288,3937737777,1968857,0,1
1788838289,3938651463,1969314,0,1
1788838290,3939663279,1969820,0,1
1788838291,3940673784,1970325,0,1
1788838292,3941783276,1970880,0,1
1788838293,3942697888,1971337,0,1
1788838294,3943809770,1971893,0,1
1788838295,3944721484,1972349,0,1
1788838296,3945733100,1972855,0,1
1788838297,3946745718,1973361,0,1
1788838298,3947759690,1973868,0,1
1788838299,3948767928,1974372,0,1
1788838300,3949779903,1974878,0,1
1788838301,3950791587,1975384,0,1
1788838302,3951801424,1975889,0,1
1788838303,3952911464,1976444,0,1
1788838304,3953923904,1976950,0,1
1788838305,3954835362,1977406,0,1
1788838306,3955947977,1977962,0,1
1788838307,3956959932,1978468,0,1
1788838308,3957971524,1978974,0,1
1788838309,3958885695,1979431,0,1
1788838310,3959897324,1979937,0,1
1788838311,3961007392,1980492,0,1
1788838312,3962017411,1980997,0,1
1788838313,3963023512,1981500,0,1
1788838314,3964033313,1982005,0,1
1788838315,3965043780,1982510,0,1
1788838316,3966057333,1983017,0,1
1788838317,3967067812,1983522,0,1
1788838318,3968077513,1984027,0,1
1788838319,3969085384,1984531,0,1
1788838320,3970093961,1985035,0,1
1788838321,3971101607,1985539,0,1
1788838322,3972111687,1986044,0,1
1788838323,3973123776,1986550,0,1
1788838324,3974131479,1987054,0,1
1788838325,3975141651,1987559,0,1
1788838326,3976153593,1988065,0,1
1788838327,3977164014,1988570,0,1
1788838328,3978177880,1989077,0,1
1788838329,3979187551,1989582,0,1
1788838331,3980201414,1990089,0,1
1788838332,3981213618,1990595,0,1
1788838333,3982227295,1991102,0,1
1788838334,3983237695,1991607,0,1
1788838335,3984249521,1992113,0,1
1788838336,3985259320,1992618,0,1
1788838337,3986275059,1993126,0,1
1788838338,3987287206,1993632,0,1
1788838339,3988297160,1994137,0,1
1788838340,3989305889,1994641,0,1
1788838341,3990315645,1995146,0,1
1788838342,3991325580,1995651,0,1
1788838343,3992337265,1996157,0,1
1788838344,3993347739,1996662,0,1
1788838345,3994357772,1997167,0,1
1788838346,3995371764,1997674,0,1
1788838347,3996387158,1998182,0,1
1788838348,3997397307,1998687,0,1
1788838349,3998405254,1999191,0,1
1788838350,3999417320,1999697,0,1
1788838351,4000433277,2000205,0,1
1788838352,4001445164,2000711,0,1
1788838353,4002453646,2001215,0,1
1788838354,4003465650,2001721,0,1
1788838355,4004479511,2002228,0,1
1788838356,4005487628,2002732,0,1
1788838357,4006497707,2003237,0,1
1788838358,4007509318,2003743,0,1
1788838359,4008517284,2004247,0,1
1788838360,4009529112,2004753,0,1
1788838361,4010541744,2005259,0,1
1788838362,4011553949,2005765,0,1
1788838363,4012565550,2006271,0,1
1788838364,4013575904,2006776,0,1
1788838365,4014589339,2007283,0,1
1788838366,4015599646,2007788,0,1
1788838367,4016609683,2008293,0,1
1788838368,4017623385,2008800,0,1
1788838369,4018635892,2009306,0,1
1788838370,4019649553,2009813,0,1
1788838371,4020655987,2010316,0,1
1788838372,4021665688,2010821,0,1
1788838373,4022673431,2011325,0,1
1788838374,4023683191,2011830,0,1
1788838375,4024691984,2012334,0,1
1788838376,4025699098,2012838,0,1
1788838377,4026705160,2013341,0,1
1788838378,4027713352,2013845,0,1
1788838379,4028723708,2014350,0,1
1788838380,4029733808,2014855,0,1
1788838381,4030743684,2015360,0,1
1788838382,4031751377,2015864,0,1
1788838383,4032763319,2016370,0,1
1788838384,4033773127,2016875,0,1
1788838385,4034783452,2017380,0,1
1788838386,4035793630,2017885,0,1
1788838387,4036803389,2018390,0,1
1788838388,4037813193,2018895,0,1
1788838389,4038827497,2019402,0,1
1788838390,4039837077,2019907,0,1
1788838391,4040847227,2020412,0,1
1788838392,4041859572,2020918,0,1
1788838393,4042875359,2021426,0,1
1788838394,4043889256,2021933,0,1
1788838395,4044901327,2022439,0,1
1788838396,4045913654,2022945,0,1
1788838397,4046925403,2023451,0,1
1788838398,4047935791,2023956,0,1
1788838399,4048947393,2024462,0,1
1788838400,4049955941,2024966,0,1
1788838401,4050971966,2025474,0,1
1788838402,4051983573,2025980,0,1
1788838403,4052997326,2026487,0,1
1788838404,4054007922,2026992,0,1
1788838405,4055021235,2027499,0,1
1788838406,4056027965,2028002,0,1
1788838407,4057039636,2028508,0,1
1788838408,4058051190,2029014,0,1
1788838409,4059059680,2029518,0,1
1788838410,4060067615,2030022,0,1
1788838411,4061075593,2030526,0,1
1788838412,4062087327,2031032,0,1
1788838413,4063095815,2031536,0,1
1788838414,4064103883,2032040,0,1
1788838415,4065115769,2032546,0,1
1788838416,4066123316,2033050,0,1
1788838417,4067134065,2033555,0,1
1788838419,4068145782,2034061,0,1
1788838420,4069157410,2034567,0,1
1788838421,4070167198,2035072,0,1
1788838422,4071175977,2035576,0,1
1788838423,4072183864,2036080,0,1
1788838424,4073195781,2036586,0,1
1788838425,4074205870,2037091,0,1
1788838426,4075215660,2037596,0,1
1788838427,4076229077,2038103,0,1
1788838428,4077237723,2038607,0,1
1788838429,4078247967,2039112,0,1
1788838430,4079257959,2039617,0,1
1788838431,4080269828,2040123,0,1
1788838432,4081279744,2040628,0,1
1788838433,4082291453,2041134,0,1
1788838434,4083303753,2041640,0,1
1788838435,4084313195,2042145,0,1
1788838436,4085319975,2042648,0,1
1788838437,4086331899,2043154,0,1
1788838438,4087341421,2043659,0,1
1788838439,4088353337,2044165,0,1
1788838440,4089367534,2044672,0,1
1788838441,4090375573,2045176,0,1
1788838442,4091385769,2045681,0,1
1788838443,4092497404,2046237,0,1
1788838444,4093507893,2046742,0,1
1788838445,4094519482,2047248,0,1
1788838446,4095529477,2047753,0,1
1788838447,4096543244,2048260,0,1
1788838448,4097551596,2048764,0,1
1788838449,4098559583,2049268,0,1
1788838450,4099569913,2049773,0,1
1788838451,4100581077,2050279,0,1
1788838452,4101589574,2050783,0,1
1788838453,4102596044,2051286,0,1
1788838454,4103609110,2051793,0,1
1788838455,4104617833,2052297,0,1
1788838456,4105631273,2052804,0,1
1788838457,4106639781,2053308,0,1
1788838458,4107651920,2053814,0,1
1788838459,4108665478,2054321,0,1
1788838460,4109679760,2054828,0,1
1788838461,4110695540,2055336,0,1
1788838462,4111707710,2055842,0,1
1788838463,4112717072,2056347,0,1
1788838464,4113727780,2056852,0,1
1788838465,4114741144,2057359,0,1
1788838466,4115751586,2057864,0,1
1788838467,4116761654,2058369,0,1
1788838468,4117773819,2058875,0,1
1788838469,4118781451,2059379,0,1
1788838470,4119789169,2059883,0,1
1788838471,4120797798,2060387,0,1
1788838472,4121811825,2060894,0,1
1788838473,4122821656,2061399,0,1
1788838474,4123829405,2061903,0,1
1788838475,4124839672,2062408,0,1
1788838476,4125851570,2062914,0,1
1788838477,4126861422,2063419,0,1
1788838478,4127867215,2063922,0,1
1788838479,4128877857,2064427,0,1
1788838480,4129887688,2064932,0,1
1788838481,4130899928,2065438,0,1
1788838482,4131907633,2065942,0,1
1788838483,4132919648,2066448,0,1
1788838484,4133929853,2066953,0,1
1788838485,4134942035,2067459,0,1
1788838486,4135951757,2067964,0,1
1788838487,4136961950,2068469,0,1
1788838488,4137977896,2068977,0,1
1788838489,4138987582,2069482,0,1
1788838490,4140001411,2069989,0,1
1788838491,4141011128,2070494,0,1
1788838492,4142023425,2071000,0,1
1788838493,4143035202,2071506,0,1
1788838494,4144045575,2072011,0,1
1788838495,4145055949,2072516,0,1
1788838496,4146063624,2073020,0,1
1788838497,4147073119,2073525,0,1
1788838498,4148079933,2074028,0,1
1788838499,4149091253,2074534,0,1
1788838500,4150101577,2075039,0,1
1788838501,4151109773,2075543,0,1
1788838502,4152125246,2076051,0,1
1788838503,4153137443,2076557,0,1
1788838504,4154151933,2077064,0,1
1788838505,4155161419,2077569,0,1
1788838507,4156173341,2078075,0,1
1788838508,4157185184,2078581,0,1
1788838509,4158191427,2079084,0,1
1788838510,4159197803,2079587,0,1
1788838511,4160205317,2080091,0,1
1788838512,4161215096,2080596,0,1
1788838513,4162227315,2081102,0,1
1788838514,4163239280,2081608,0,1
1788838515,4164247543,2082112,0,1
1788838516,4165255101,2082616,0,1
1788838517,4166261367,2083119,0,1
1788838518,4167273524,2083625,0,1
1788838519,4168283432,2084130,0,1
1788838520,4169295816,2084636,0,1
1788838521,4170305914,2085141,0,1
1788838522,4171317482,2085647,0,1
1788838523,4172325837,2086151,0,1
1788838524,4173337722,2086657,0,1
1788838525,4174348036,2087162,0,1
1788838526,4175357899,2087667,0,1
1788838527,4176367511,2088172,0,1
1788838528,4177381619,2088679,0,1
1788838529,4178391562,2089184,0,1
1788838530,4179399412,2089688,0,1
1788838531,4180409978,2090193,0,1
1788838532,4181421833,2090699,0,1
1788838533,4182437802,2091207,0,1
1788838534,4183449153,2091713,0,1
1788838535,4184459885,2092218,0,1
1788838536,4185471543,2092724,0,1
1788838537,4186481536,2093229,0,1
1788838538,4187491706,2093734,0,1
1788838539,4188499625,2094238,0,1
1788838540,4189511482,2094744,0,1
1788838541,4190523948,2095250,0,1
1788838542,4191535795,2095756,0,1
1788838543,4192547927,2096262,0,1
1788838544,4193555797,2096766,0,1
1788838545,4194565323,2097271,0,1
1788838546,4195579781,2097778,0,1
1788838547,4196589826,2098283,0,1
1788838548,4197603705,2098790,0,1
1788838549,4198617220,2099297,0,1
1788838550,4199629514,2099803,0,1
1788838551,4200644006,2100310,0,1
1788838552,4201657371,2100817,0,1
1788838553,4202669381,2101323,0,1
1788838554,4203681714,2101829,0,1
1788838555,4204691541,2102334,0,1
1788838556,4205701062,2102839,0,1
1788838557,4206709595,2103343,0,1
1788838558,4207719127,2103848,0,1
1788838559,4208725878,2104351,0,1
1788838560,4209733805,2104855,0,1
1788838561,4210841778,2105409,0,1
1788838562,4211851127,2105914,0,1
1788838563,4212863928,2106420,0,1
1788838564,4213872017,2106924,0,1
1788838565,4214881157,2107429,0,1
1788838566,4215889513,2107933,0,1
1788838567,4216899717,2108438,0,1
1788838568,4217911894,2108944,0,1
1788838569,4218925312,2109451,0,1
1788838570,4219933590,2109955,0,1
1788838571,4220943414,2110460,0,1
1788838572,4221953253,2110965,0,1
1788838573,4222965437,2111471,0,1
1788838574,4223977728,2111977,0,1
1788838575,4224989805,2112483,0,1
1788838576,4226003597,2112990,0,1
1788838577,4227015895,2113496,0,1
1788838578,4228025752,2114001,0,1
1788838579,4229039373,2114508,0,1
1788838580,4230045941,2115011,0,1
1788838581,4231057387,2115517,0,1
1788838582,4232065841,2116021,0,1
1788838583,4233079301,2116528,0,1
1788838584,4234089845,2117033,0,1
1788838585,4235097865,2117537,0,1
1788838586,4236105757,2118041,0,1
1788838587,4237113843,2118545,0,1
1788838588,4238123055,2119050,0,1
1788838589,4239131969,2119554,0,1
1788838590,4240141425,2120059,0,1
1788838591,4241151410,2120564,0,1
1788838592,4242165636,2121071,0,1
1788838593,4243179965,2121578,0,1
1788838595,4244189307,2122083,0,1
1788838596,4245197444,2122587,0,1
1788838597,4246207867,2123092,0,1
1788838598,4247221608,2123599,0,1
1788838599,4248231922,2124104,0,1
1788838600,4249245806,2124611,0,1
1788838601,4250253953,2125115,0,1
1788838602,4251267029,2125622,0,1
1788838603,4252275645,2126126,0,1
1788838604,4253284048,2126630,0,1
1788838605,4254295622,2127136,0,1
1788838606,4255303125,2127640,0,1
1788838607,4256309974,2128143,0,1
1788838608,4257322026,2128649,0,1
1788838609,4258327951,2129152,0,1
1788838610,4259339646,2129658,0,1
1788838611,4260349450,2130163,0,1
1788838612,4261359533,2130668,0,1
1788838613,4262369349,2131173,0,1
1788838614,4263381595,2131679,0,1
1788838615,4264393687,2132185,0,1
1788838616,4265403440,2132690,0,1
1788838617,4266409250,2133193,0,1
1788838618,4267421376,2133699,0,1
1788838619,4268431377,2134204,0,1
1788838620,4269441125,2134709,0,1
1788838621,4270449544,2135213,0,1
1788838622,4271461452,2135719,0,1
1788838623,4272477250,2136227,0,1
1788838624,4273485105,2136731,0,1
1788838625,4274497182,2137237,0,1
1788838626,4275507821,2137742,0,1
1788838627,4276519552,2138248,0,1
1788838628,4277529510,2138753,0,1
1788838629,4278539519,2139258,0,1
1788838630,4279545838,2139761,0,1
1788838631,4280555325,2140266,0,1
1788838632,4281563516,2140770,0,1
1788838633,4282571128,2141274,0,1
1788838634,4283585447,2141781,0,1
1788838635,4284593506,2142285,0,1
1788838636,4285605689,2142791,0,1
1788838637,4286617654,2143297,0,1
1788838638,4287625924,2143801,0,1
1788838639,4288635262,2144306,0,1
1788838640,4289645290,2144811,0,1
1788838641,4290655720,2145316,0,1
1788838642,4291667509,2145822,0,1
1788838643,4292675757,2146326,0,1
1788838644,4293689361,2146833,0,1
1788838645,4294699380,2147338,0,1
1788838646,4295709741,2147843,0,1
1788838647,4296723929,2148350,0,1
1788838648,4297735101,2148856,0,1
1788838649,4298743899,2149360,0,1
1788838650,4299755441,2149866,0,1
1788838651,4300771723,2150374,0,1
1788838652,4301783643,2150880,0,1
1788838653,4302795857,2151386,0,1
1788838654,4303809733,2151893,0,1
1788838655,4304821512,2152399,0,1
1788838656,4305831588,2152904,0,1
1788838657,4306843831,2153410,0,1
1788838658,4307851088,2153914,0,1
1788838659,4308857674,2154417,0,1
1788838660,4309867478,2154922,0,1
1788838661,4310877651,2155427,0,1
1788838662,4311987439,2155982,0,1
1788838663,4312897750,2156437,0,1
1788838664,4314009801,2156993,0,1
1788838665,4315021238,2157499,0,1
1788838666,4315931703,2157954,0,1
1788838667,4316943873,2158460,0,1
1788838668,4317953973,2158965,0,1
1788838669,4318965725,2159471,0,1
1788838670,4319975421,2159976,0,1
1788838671,4320987159,2160482,0,1
1788838672,4322095604,2161036,0,1
1788838673,4323107152,2161542,0,1
1788838674,4324117709,2162047,0,1
1788838675,4325129670,2162553,0,1
1788838676,4326137350,2163057,0,1
1788838677,4327145965,2163561,0,1
1788838678,4328159588,2164068,0,1
1788838679,4329169759,2164573,0,1
1788838680,4330181470,2165079,0,1
1788838681,4331191723,2165584,0,1
1788838682,4332201660,2166089,0,1
1788838684,4333213629,2166595,0,1
1788838685,4334225367,2167101,0,1
1788838686,4335235806,2167606,0,1
1788838687,4336247959,2168112,0,1
1788838688,4337259447,2168618,0,1
1788838689,4338273014,2169125,0,1
1788838690,4339283434,2169630,0,1
1788838691,4340295484,2170136,0,1
1788838692,4341309595,2170643,0,1
1788838693,4342317666,2171147,0,1
1788838694,4343325871,2171651,0,1
1788838695,4344337521,2172157,0,1
1788838696,4345347346,2172662,0,1
1788838697,4346357426,2173167,0,1
1788838698,4347369447,2173673,0,1
1788838699,4348382009,2174179,0,1
1788838700,4349393188,2174685,0,1
1788838701,4350403298,2175190,0,1
1788838702,4351411894,2175694,0,1
1788838703,4352421863,2176199,0,1
1788838704,4353435670,2176706,0,1
1788838705,4354447515,2177212,0,1
1788838706,4355453581,2177715,0,1
1788838707,4356463191,2178220,0,1
1788838708,4357475414,2178726,0,1
1788838709,4358485322,2179231,0,1
1788838710,4359493582,2179735,0,1
1788838711,4360501092,2180239,0,1
1788838712,4361513909,2180745,0,1
1788838713,4362524068,2181250,0,1
1788838714,4363533215,2181755,0,1
1788838715,4364543588,2182260,0,1
1788838716,4365557775,2182767,0,1
1788838717,4366569581,2183273,0,1
1788838718,4367579791,2183778,0,1
1788838719,4368587882,2184282,0,1
1788838720,4369595636,2184786,0,1
1788838721,4370603230,2185290,0,1
1788838722,4371611769,2185794,0,1
1788838723,4372623091,2186300,0,1
1788838724,4373631186,2186804,0,1
1788838725,4374641966,2187309,0,1
1788838726,4375653904,2187815,0,1
1788838727,4376661227,2188319,0,1
1788838728,4377669588,2188823,0,1
1788838729,4378679342,2189328,0,1
1788838730,4379689712,2189833,0,1
1788838731,4380699696,2190338,0,1
1788838732,4381711575,2190844,0,1
1788838733,4382721391,2191349,0,1
1788838734,4383729898,2191853,0,1
1788838735,4384739192,2192358,0,1
1788838736,4385751925,2192864,0,1
1788838737,4386765666,2193371,0,1
1788838738,4387775731,2193876,0,1
1788838739,4388785707,2194381,0,1
1788838740,4389795634,2194886,0,1
1788838741,4390803360,2195390,0,1
1788838742,4391811581,2195894,0,1
1788838743,4392819999,2196398,0,1
1788838744,4393831913,2196904,0,1
1788838745,4394845726,2197411,0,1
1788838746,4395859509,2197918,0,1
1788838747,4396871210,2198424,0,1
1788838748,4397881090,2198929,0,1
1788838749,4398889192,2199433,0,1
1788838750,4399899208,2199938,0,1
1788838751,4400907857,2200442,0,1
1788838752,4401915057,2200946,0,1
1788838753,4402925659,2201451,0,1
1788838754,4403931763,2201954,0,1
1788838755,4404939043,2202458,0,1
1788838756,4405950007,2202963,0,1
1788838757,4407061749,2203519,0,1
1788838758,4407973320,2203975,0,1
1788838759,4408985882,2204481,0,1
1788838760,4409999600,2204988,0,1
1788838761,4411007704,2205492,0,1
1788838762,4412115876,2206046,0,1
1788838763,4413123868,2206550,0,1
1788838764,4414135123,2207056,0,1
1788838765,4415141281,2207559,0,1
1788838766,4416149156,2208063,0,1
1788838767,4417157905,2208567,0,1
1788838768,4418169455,2209073,0,1
1788838769,4419179906,2209578,0,1
1788838770,4420189381,2210083,0,1
1788838772,4421199465,2210588,0,1
1788838773,4422211607,2211094,0,1
1788838774,4423223328,2211600,0,1
1788838775,4424233867,2212105,0,1
1788838776,4425245997,2212611,0,1
1788838777,4426253495,2213115,0,1
1788838778,4427265814,2213621,0,1
1788838779,4428275261,2214126,0,1
1788838780,4429287256,2214632,0,1
1788838781,4430295276,2215136,0,1
1788838782,4431307822,2215642,0,1
1788838783,4432321633,2216149,0,1
1788838784,4433331989,2216654,0,1
1788838785,4434343338,2217160,0,1
1788838786,4435353341,2217665,0,1
1788838787,4436367060,2218172,0,1
1788838788,4437383325,2218680,0,1
1788838789,4438393379,2219185,0,1
1788838790,4439403478,2219690,0,1
1788838791,4440419450,2220198,0,1
1788838792,4441429641,2220703,0,1
1788838793,4442437726,2221207,0,1
1788838794,4443449681,2221713,0,1
1788838795,4444463871,2222220,0,1
1788838796,4445473533,2222725,0,1
1788838797,4446481937,2223229,0,1
1788838798,4447493910,2223735,0,1
1788838799,4448505999,2224241,0,1
1788838800,4449515502,2224746,0,1
1788838801,4450525357,2225251,0,1
1788838802,4451535950,2225756,0,1
1788838803,4452547824,2226262,0,1
1788838804,4453555513,2226766,0,1
1788838805,4454563970,2227270,0,1
1788838806,4455575126,2227776,0,1
1788838807,4456585969,2228281,0,1
1788838808,4457601762,2228789,0,1
1788838809,4458611509,2229294,0,1
1788838810,4459623439,2229800,0,1
1788838811,4460637331,2230307,0,1
1788838812,4461649635,2230813,0,1
1788838813,4462659095,2231318,0,1
1788838814,4463671493,2231824,0,1
1788838815,4464683079,2232330,0,1
1788838816,4465691188,2232834,0,1
1788838817,4466701355,2233339,0,1
1788838818,4467709391,2233843,0,1
1788838819,4468715063,2234346,0,1
1788838820,4469729583,2234853,0,1
1788838821,4470739610,2235358,0,1
1788838822,4471751421,2235864,0,1
1788838823,4472765804,2236371,0,1
1788838824,4473775662,2236876,0,1
1788838825,4474783523,2237380,0,1
1788838826,4475789747,2237883,0,1
1788838827,4476797854,2238387,0,1
1788838828,4477805546,2238891,0,1
1788838829,4478811695,2239394,0,1
1788838830,4479821829,2239899,0,1
1788838831,4480831929,2240404,0,1
1788838832,4481845638,2240911,0,1
1788838833,4482853645,2241415,0,1
1788838834,4483861387,2241919,0,1
1788838835,4484871501,2242424,0,1
1788838836,4485883863,2242930,0,1
1788838837,4486897383,2243437,0,1
1788838838,4487905785,2243941,0,1
1788838839,4488919868,2244448,0,1
1788838840,4489933374,2244955,0,1
1788838841,4490945105,2245461,0,1
1788838842,4491957137,2245967,0,1
1788838843,4492971145,2246474,0,1
1788838844,4493981763,2246979,0,1
1788838845,4494991465,2247484,0,1
1788838846,4496003186,2247990,0,1
1788838847,4497013693,2248495,0,1
1788838848,4498029337,2249003,0,1
1788838849,4499039922,2249508,0,1
1788838850,4500049129,2250013,0,1
1788838851,4501057437,2250517,0,1
1788838852,4502063770,2251020,0,1
1788838853,4503071379,2251524,0,1
1788838854,4504077998,2252027,0,1
1788838855,4505089469,2252533,0,1
1788838856,4506101178,2253039,0,1
1788838857,4507113060,2253545,0,1
1788838858,4508123437,2254050,0,1
1788838859,4509133625,2254555,0,1
1788838861,4510147234,2255062,0,1
1788838862,4511161516,2255569,0,1
1788838863,4512173126,2256075,0,1
1788838864,4513181861,2256579,0,1
1788838865,4514191967,2257084,0,1
1788838866,4515203952,2257590,0,1
1788838867,4516219404,2258098,0,1
1788838868,4517231316,2258604,0,1
1788838869,4518243874,2259110,0,1
1788838870,4519253647,2259615,0,1
1788838871,4520267716,2260122,0,1
1788838872,4521283585,2260630,0,1
1788838873,4522293646,2261135,0,1
1788838874,4523303904,2261640,0,1
1788838875,4524315435,2262146,0,1
1788838876,4525323595,2262650,0,1
1788838877,4526335350,2263156,0,1
1788838878,4527345097,2263661,0,1
1788838879,4528353956,2264165,0,1
1788838880,4529371192,2264674,0,1
1788838881,4530377641,2265177,0,1
1788838882,4531385420,2265681,0,1
1788838883,4532395222,2266186,0,1
1788838884,4533403577,2266690,0,1
1788838885,4534413537,2267195,0,1
1788838886,4535423575,2267700,0,1
1788838887,4536433527,2268205,0,1
1788838888,4537445759,2268711,0,1
1788838889,4538455672,2269216,0,1
1788838890,4539469129,2269723,0,1
1788838891,4540475903,2270226,0,1
1788838892,4541487060,2270732,0,1
1788838893,4542497065,2271237,0,1
1788838894,4543505197,2271741,0,1
1788838895,4544517946,2272247,0,1
1788838896,4545530994,2272754,0,1
1788838897,4546541393,2273259,0,1
1788838898,4547551408,2273764,0,1
1788838899,4548559728,2274268,0,1
1788838900,4549569275,2274773,0,1
1788838901,4550579679,2275278,0,1
1788838902,4551593787,2275785,0,1
1788838903,4552605672,2276291,0,1
1788838904,4553617903,2276797,0,1
1788838905,4554627575,2277302,0,1
1788838906,4555637314,2277807,0,1
1788838907,4556647204,2278312,0,1
1788838908,4557657305,2278817,0,1
1788838909,4558665367,2279321,0,1
1788838910,4559675047,2279826,0,1
1788838911,4560683113,2280330,0,1
1788838912,4561693151,2280835,0,1
1788838913,4562705893,2281341,0,1
1788838914,4563715947,2281846,0,1
1788838915,4564725379,2282351,0,1
1788838916,4565835719,2282906,0,1
1788838917,4566843431,2283410,0,1
1788838918,4567853392,2283915,0,1
1788838919,4568861639,2284419,0,1
1788838920,4569875223,2284926,0,1
1788838921,4570883167,2285430,0,1
1788838922,4571889638,2285933,0,1
1788838923,4572899963,2286438,0,1
1788838924,4573909365,2286943,0,1
1788838925,4574919315,2287448,0,1
1788838926,4575929445,2287953,0,1
1788838927,4576939059,2288458,0,1
1788838928,4577949986,2288963,0,1
1788838929,4578959774,2289468,0,1
1788838930,4579965824,2289971,0,1
1788838931,4580977737,2290477,0,1
1788838932,4581987095,2290982,0,1
1788838933,4582995296,2291486,0,1
1788838934,4584005468,2291991,0,1
1788838935,4585013851,2292495,0,1
1788838936,4586022017,2292999,0,1
1788838937,4587035715,2293506,0,1
1788838938,4588045713,2294011,0,1
1788838939,4589055851,2294516,0,1
1788838940,4590067231,2295022,0,1
1788838941,4591077484,2295527,0,1
1788838942,4592087841,2296032,0,1
1788838943,4593097620,2296537,0,1
1788838944,4594109739,2297043,0,1
1788838945,4595121190,2297549,0,1
1788838946,4596127381,2298052,0,1
1788838947,4597133898,2298555,0,1
1788838948,4598145711,2299061,0,1
1788838950,4599153584,2299565,0,1
1788838951,4600161532,2300069,0,1
1788838952,4601169832,2300573,0,1
1788838953,4602177574,2301077,0,1
1788838954,4603185127,2301581,0,1
1788838955,4604191827,2302084,0,1
1788838956,4605203064,2302590,0,1
1788838957,4606213727,2303095,0,1
1788838958,4607223916,2303600,0,1
1788838959,4608237112,2304107,0,1
1788838960,4609249593,2304613,0,1
1788838961,4610259695,2305118,0,1
1788838962,4611271676,2305624,0,1
1788838963,4612279091,2306128,0,1
1788838964,4613289754,2306633,0,1
1788838965,4614297780,2307137,0,1
1788838966,4615313875,2307645,0,1
1788838967,4616323628,2308150,0,1
1788838968,4617337317,2308657,0,1
1788838969,4618349701,2309163,0,1
1788838970,4619357837,2309667,0,1
1788838971,4620371841,2310174,0,1
1788838972,4621381066,2310679,0,1
1788838973,4622387971,2311182,0,1
1788838974,4623399917,2311688,0,1
1788838975,4624409322,2312193,0,1
1788838976,4625417577,2312697,0,1
1788838977,4626425775,2313201,0,1
1788838978,4627439063,2313708,0,1
1788838979,4628449953,2314213,0,1
1788838980,4629457771,2314717,0,1
1788838981,4630467094,2315222,0,1
1788838982,4631577655,2315777,0,1
1788838983,4632585928,2316281,0,1
1788838984,4633595745,2316786,0,1
1788838985,4634607143,2317292,0,1
1788838986,4635615650,2317796,0,1
1788838987,4636625817,2318301,0,1
1788838988,4637637397,2318807,0,1
1788838989,4638647745,2319312,0,1
1788838990,4639661832,2319819,0,1
1788838991,4640675708,2320326,0,1
1788838992,4641687183,2320832,0,1
1788838993,4642697072,2321337,0,1
1788838994,4643705591,2321841,0,1
1788838995,4644717632,2322347,0,1
1788838996,4645727495,2322852,0,1
1788838997,4646737307,2323357,0,1
1788838998,4647753110,2323865,0,1
1788838999,4648763177,2324370,0,1
1788839000,4649773291,2324875,0,1
1788839001,4650785268,2325381,0,1
1788839002,4651793527,2325885,0,1
1788839003,4652805244,2326391,0,1
1788839004,4653819469,2326898,0,1
1788839005,4654833900,2327405,0,1
1788839006,4655845147,2327911,0,1
1788839007,4656853186,2328415,0,1
1788839008,4657865200,2328921,0,1
1788839009,4658879601,2329428,0,1
1788839010,4659891484,2329934,0,1
1788839011,4660901398,2330439,0,1
1788839012,4661911398,2330944,0,1
1788839013,4662925904,2331451,0,1
1788839014,4663937380,2331957,0,1
1788839015,4664947571,2332462,0,1
1788839016,4665955311,2332966,0,1
1788839017,4666961838,2333469,0,1
1788839018,4667973253,2333975,0,1
1788839019,4668981642,2334479,0,1
1788839020,4669993385,2334985,0,1
1788839021,4671005389,2335491,0,1
1788839022,4672013379,2335995,0,1
1788839023,4673023602,2336500,0,1
1788839024,4674033277,2337005,0,1
1788839025,4675041659,2337509,0,1
1788839026,4676053445,2338015,0,1
1788839027,4677061824,2338519,0,1
1788839028,4678071836,2339024,0,1
1788839029,4679085082,2339531,0,1
1788839030,4680093446,2340035,0,1
1788839031,4681101502,2340539,0,1
1788839032,4682111906,2341044,0,1
1788839033,4683125473,2341551,0,1
1788839034,4684135569,2342056,0,1
1788839035,4685149239,2342563,0,1
1788839036,4686161452,2343069,0,1
1788839037,4687169213,2343573,0,1
1788839039,4688177374,2344077,0,1
1788839040,4689189274,2344583,0,1
1788839041,4690197539,2345087,0,1
1788839042,4691211110,2345594,0,1
1788839043,4692219728,2346098,0,1
1788839044,4693231257,2346604,0,1
1788839045,4694241322,2347109,0,1
1788839046,4695251062,2347614,0,1
1788839047,4696261569,2348119,0,1
1788839048,4697275418,2348626,0,1
1788839049,4698287353,2349132,0,1
1788839050,4699301732,2349639,0,1
1788839051,4700311959,2350144,0,1
1788839052,4701319393,2350648,0,1
1788839053,4702331352,2351154,0,1
1788839054,4703341905,2351659,0,1
1788839055,4704355620,2352166,0,1
1788839056,4705367335,2352672,0,1
1788839057,4706379527,2353178,0,1
1788839058,4707391547,2353684,0,1
1788839059,4708403125,2354190,0,1
1788839060,4709413976,2354695,0,1
1788839061,4710423775,2355200,0,1
1788839062,4711429816,2355703,0,1
1788839063,4712439078,2356208,0,1
1788839064,4713447844,2356712,0,1
1788839065,4714457911,2357217,0,1
1788839066,4715469682,2357723,0,1
1788839067,4716481449,2358229,0,1
1788839068,4717489698,2358733,0,1
1788839069,4718501569,2359239,0,1
1788839070,4719513094,2359745,0,1
1788839071,4720525086,2360251,0,1
1788839072,4721535350,2360756,0,1
1788839073,4722543746,2361260,0,1
1788839074,4723551876,2361764,0,1
1788839075,4724561775,2362269,0,1
1788839076,4725569911,2362773,0,1
1788839077,4726579429,2363278,0,1
1788839078,4727589051,2363783,0,1
1788839079,4728699287,2364338,0,1
1788839080,4729707293,2364842,0,1
1788839081,4730715334,2365346,0,1
1788839082,4731723771,2365850,0,1
1788839083,4732733776,2366355,0,1
1788839084,4733739759,2366858,0,1
1788839085,4734749705,2367363,0,1
1788839086,4735759697,2367868,0,1
1788839087,4736771558,2368374,0,1
1788839088,4737781864,2368879,0,1
1788839089,4738792078,2369384,0,1
1788839090,4739803620,2369890,0,1
1788839091,4740813372,2370395,0,1
1788839092,4741825190,2370901,0,1
1788839093,4742837721,2371407,0,1
1788839094,4743849556,2371913,0,1
1788839095,4744859605,2372418,0,1
1788839096,4745869901,2372923,0,1
1788839097,4746883496,2373430,0,1
1788839098,4747897352,2373937,0,1
1788839099,4748905335,2374441,0,1
1788839100,4749911791,2374944,0,1
1788839101,4750923458,2375450,0,1
1788839102,4751933351,2375955,0,1
1788839103,4752945765,2376461,0,1
1788839104,4753955962,2376966,0,1
1788839105,4754961972,2377469,0,1
1788839106,4755969396,2377973,0,1
1788839107,4756979733,2378478,0,1
1788839108,4757991352,2378984,0,1
1788839109,4759005060,2379491,0,1
1788839110,4760015955,2379996,0,1
1788839111,4761027844,2380502,0,1
1788839112,4762037727,2381007,0,1
1788839113,4763053588,2381515,0,1
1788839114,4764063859,2382020,0,1
1788839115,4765075936,2382526,0,1
1788839116,4766083777,2383030,0,1
1788839117,4767093195,2383535,0,1
1788839118,4768101657,2384039,0,1
1788839119,4769112012,2384544,0,1
1788839120,4770124063,2385050,0,1
1788839121,4771133423,2385555,0,1
1788839122,4772141137,2386059,0,1
1788839123,4773153168,2386565,0,1
1788839124,4774161099,2387069,0,1
1788839126,4775167380,2387572,0,1
1788839127,4776175410,2388076,0,1
1788839128,4777187702,2388582,0,1
1788839129,4778197450,2389087,0,1
1788839130,4779207384,2389592,0,1
1788839131,4780217788,2390097,0,1
1788839132,4781231653,2390604,0,1
1788839133,4782241830,2391109,0,1
1788839134,4783253884,2391615,0,1
1788839135,4784263194,2392120,0,1
1788839136,4785271718,2392624,0,1
1788839137,4786287307,2393132,0,1
1788839138,4787303471,2393640,0,1
1788839139,4788311902,2394144,0,1
1788839140,4789323830,2394650,0,1
1788839141,4790333898,2395155,0,1
1788839142,4791347315,2395662,0,1
1788839143,4792355767,2396166,0,1
1788839144,4793365574,2396671,0,1
1788839145,4794377299,2397177,0,1
1788839146,4795385790,2397681,0,1
1788839147,4796397083,2398187,0,1
1788839148,4797405859,2398691,0,1
1788839149,4798415076,2399196,0,1
1788839150,4799429084,2399703,0,1
1788839151,4800437820,2400207,0,1
1788839152,4801447867,2400712,0,1
1788839153,4802461508,2401219,0,1
1788839154,4803475127,2401726,0,1
1788839155,4804481489,2402229,0,1
1788839156,4805493630,2402735,0,1
1788839157,4806505276,2403241,0,1
1788839158,4807517185,2403747,0,1
1788839159,4808527281,2404252,0,1
1788839160,4809537324,2404757,0,1
1788839161,4810545139,2405261,0,1
1788839162,4811557588,2405767,0,1
1788839163,4812569083,2406273,0,1
1788839164,4813579188,2406778,0,1
1788839165,4814585916,2407281,0,1
1788839166,4815595255,2407786,0,1
1788839167,4816609050,2408293,0,1
1788839168,4817615450,2408796,0,1
1788839169,4818723772,2409350,0,1
1788839170,4819731720,2409854,0,1
1788839171,4820743129,2410360,0,1
1788839172,4821753620,2410865,0,1
1788839173,4822761783,2411369,0,1
1788839174,4823773477,2411875,0,1
1788839175,4824781125,2412379,0,1
1788839176,4825789317,2412883,0,1
1788839177,4826800030,2413388,0,1
1788839178,4827813534,2413895,0,1
1788839179,4828825894,2414401,0,1
1788839180,4829835968,2414906,0,1
1788839181,4830853756,2415415,0,1
1788839182,4831861288,2415919,0,1
1788839183,4832871400,2416424,0,1
1788839184,4833881191,2416929,0,1
1788839185,4834891629,2417434,0,1
1788839186,4835903960,2417940,0,1
1788839187,4836913488,2418445,0,1
1788839188,4837927206,2418952,0,1
1788839189,4838939169,2419458,0,1
1788839190,4839949541,2419963,0,1
1788839191,4840960027,2420468,0,1
1788839192,4841971184,2420974,0,1
1788839193,4842981203,2421479,0,1
1788839194,4843992007,2421984,0,1
1788839195,4845005335,2422491,0,1
1788839196,4846019852,2422998,0,1
1788839197,4847031473,2423504,0,1
1788839198,4848039900,2424008,0,1
1788839199,4849049867,2424513,0,1
1788839200,4850057409,2425017,0,1
1788839201,4851065788,2425521,0,1
1788839202,4852079428,2426028,0,1
1788839203,4853091647,2426534,0,1
1788839204,4854103396,2427040,0,1
1788839205,4855111957,2427544,0,1
1788839206,4856122033,2428049,0,1
1788839207,4857131884,2428554,0,1
1788839208,4858143457,2429060,0,1
1788839209,4859151604,2429564,0,1
1788839210,4860157506,2430067,0,1
1788839211,4861164002,2430570,0,1
1788839212,4862173846,2431075,0,1
1788839214,4863187188,2431582,0,1
1788839215,4864199761,2432088,0,1
1788839216,4865211555,2432593,0,1
1788839217,4866221206,2433098,0,1
1788839218,4867227754,2433601,0,1
1788839219,4868241928,2434108,0,1
1788839220,4869251679,2434613,0,1
1788839221,4870261943,2435118,0,1
1788839222,4871271704,2435623,0,1
1788839223,4872283833,2436129,0,1
1788839224,4873299305,2436637,0,1
1788839225,4874307963,2437141,0,1
1788839226,4875315963,2437645,0,1
1788839227,4876327474,2438151,0,1
1788839228,4877337593,2438656,0,1
1788839229,4878349321,2439162,0,1
1788839230,4879357049,2439666,0,1
1788839231,4880363713,2440169,0,1
1788839232,4881371493,2440673,0,1
1788839233,4882381321,2441178,0,1
1788839234,4883391334,2441683,0,1
1788839235,4884399113,2442187,0,1
1788839236,4885405770,2442690,0,1
1788839237,4886417951,2443196,0,1
1788839238,4887425960,2443700,0,1
1788839239,4888435605,2444205,0,1
1788839240,4889447578,2444711,0,1
1788839241,4890459948,2445217,0,1
1788839242,4891471748,2445723,0,1
1788839243,4892485705,2446230,0,1
1788839244,4893495319,2446735,0,1
1788839245,4894505918,2447240,0,1
1788839246,4895519320,2447747,0,1
1788839247,4896527482,2448251,0,1
1788839248,4897537592,2448756,0,1
1788839249,4898549501,2449262,0,1
1788839250,4899557841,2449766,0,1
1788839251,4900565966,2450270,0,1
1788839252,4901575680,2450775,0,1
1788839253,4902585684,2451280,0,1
1788839254,4903595540,2451785,0,1
1788839255,4904605763,2452290,0,1
1788839256,4905615687,2452795,0,1
1788839257,4906631889,2453303,0,1
1788839258,4907645565,2453810,0,1
1788839259,4908657503,2454316,0,1
1788839260,4909665602,2454820,0,1
1788839261,4910673137,2455324,0,1
1788839262,4911679380,2455827,0,1
1788839263,4912689256,2456332,0,1
1788839264,4913797394,2456886,0,1
1788839265,4914807543,2457391,0,1
1788839266,4915817566,2457896,0,1
1788839267,4916827779,2458401,0,1
1788839268,4917835254,2458905,0,1
1788839269,4918843827,2459409,0,1
1788839270,4919851451,2459913,0,1
1788839271,4920859073,2460417,0,1
1788839272,4921865509,2460920,0,1
1788839273,4922875527,2461425,0,1
1788839274,4923881956,2461928,0,1
1788839275,4924893800,2462434,0,1
1788839276,4925903187,2462939,0,1
1788839277,4926909189,2463442,0,1
1788839278,4927919124,2463947,0,1
1788839279,4928929981,2464452,0,1
1788839280,4929943077,2464959,0,1
1788839281,4930953598,2465464,0,1
1788839282,4931965248,2465970,0,1
1788839283,4932979500,2466477,0,1
1788839284,4933991580,2466983,0,1
1788839285,4935003506,2467489,0,1
1788839286,4936013214,2467994,0,1
1788839287,4937023082,2468499,0,1
1788839288,4938029833,2469002,0,1
1788839289,4939041643,2469508,0,1
1788839290,4940049108,2470012,0,1
1788839291,4941055133,2470515,0,1
1788839292,4942061727,2471018,0,1
1788839293,4943071511,2471523,0,1
1788839294,4944082017,2472028,0,1
1788839295,4945091251,2472533,0,1
1788839296,4946099588,2473037,0,1
1788839297,4947113790,2473544,0,1
1788839298,4948123143,2474049,0,1
1788839299,4949131261,2474553,0,1
1788839300,4950143551,2475059,0,1
1788839302,4951155770,2475565,0,1
1788839303,4952165702,2476070,0,1
1788839304,4953175308,2476575,0,1
1788839305,4954183987,2477079,0,1
1788839306,4955195975,2477585,0,1
1788839307,4956210069,2478092,0,1
1788839308,4957219151,2478597,0,1
1788839309,4958232007,2479103,0,1
1788839310,4959245738,2479610,0,1
1788839311,4960257127,2480116,0,1
1788839312,4961269384,2480622,0,1
1788839313,4962279790,2481127,0,1
1788839314,4963291510,2481633,0,1
1788839315,4964305331,2482140,0,1
1788839316,4965315833,2482645,0,1
1788839317,4966323959,2483149,0,1
1788839318,4967333892,2483654,0,1
1788839319,4968345744,2484160,0,1
1788839320,4969353385,2484664,0,1
1788839321,4970363346,2485169,0,1
1788839322,4971373966,2485674,0,1
1788839323,4972385156,2486180,0,1
1788839324,4973397174,2486686,0,1
1788839325,4974407793,2487191,0,1
1788839326,4975421259,2487698,0,1
1788839327,4976429171,2488202,0,1
1788839328,4977439258,2488707,0,1
1788839329,4978447318,2489211,0,1
1788839330,4979455642,2489715,0,1
1788839331,4980465523,2490220,0,1
1788839332,4981475389,2490725,0,1
1788839333,4982483406,2491229,0,1
1788839334,4983491265,2491733,0,1
1788839335,4984499285,2492237,0,1
1788839336,4985507466,2492741,0,1
1788839337,4986519350,2493247,0,1
1788839338,4987529768,2493752,0,1
1788839339,4988543456,2494259,0,1
1788839340,4989553566,2494764,0,1
1788839341,4990661139,2495318,0,1
1788839342,4991671983,2495823,0,1
1788839343,4992683198,2496329,0,1
1788839344,4993691941,2496833,0,1
1788839345,4994699931,2497337,0,1
1788839346,4995707172,2497841,0,1
1788839347,4996719980,2498347,0,1
1788839348,4997731798,2498853,0,1
1788839349,4998745421,2499360,0,1
1788839350,4999757157,2499866,0,1
1788839351,5000769641,2500372,0,1
1788839352,5001779688,2500877,0,1
1788839353,5002791268,2501383,0,1
1788839354,5003803717,2501889,0,1
1788839355,5004813253,2502394,0,1
1788839356,5005821412,2502898,0,1
1788839357,5006833572,2503404,0,1
1788839358,5007845976,2503910,0,1
1788839359,5008853223,2504414,0,1
1788839360,5009861168,2504918,0,1
1788839361,5010869100,2505422,0,1
1788839362,5011879965,2505927,0,1
1788839363,5012891377,2506433,0,1
1788839364,5013899858,2506937,0,1
1788839365,5014911564,2507443,0,1
1788839366,5015921759,2507948,0,1
1788839367,5016933136,2508454,0,1
1788839368,5017943832,2508959,0,1
1788839369,5018953996,2509464,0,1
1788839370,5019967127,2509971,0,1
1788839371,5020973932,2510474,0,1
1788839372,5021985161,2510980,0,1
1788839373,5022995693,2511485,0,1
1788839374,5024003318,2511989,0,1
1788839375,5025013328,2512494,0,1
1788839376,5026023802,2512999,0,1
1788839377,5027039412,2513507,0,1
1788839378,5028049822,2514012,0,1
1788839379,5029059424,2514517,0,1
1788839380,5030073275,2515024,0,1
1788839381,5031085778,2515530,0,1
1788839382,5032097258,2516036,0,1
1788839383,5033109392,2516542,0,1
1788839384,5034119806,2517047,0,1
1788839385,5035133858,2517554,0,1
1788839386,5036145714,2518060,0,1
1788839387,5037159318,2518567,0,1
1788839388,5038171060,2519073,0,1
1788839389,5039181813,2519578,0,1
1788839391,5040191597,2520083,0,1
1788839392,5041201539,2520588,0,1
1788839393,5042213379,2521094,0,1
1788839394,5043223553,2521599,0,1
1788839395,5044229862,2522102,0,1
1788839396,5045239958,2522607,0,1
1788839397,5046251375,2523113,0,1
1788839398,5047259316,2523617,0,1
1788839399,5048269427,2524122,0,1
1788839400,5049283921,2524629,0,1
1788839401,5050293634,2525134,0,1
1788839402,5051303959,2525639,0,1
1788839403,5052313081,2526144,0,1
1788839404,5053319750,2526647,0,1
1788839405,5054327577,2527151,0,1
1788839406,5055337077,2527656,0,1
1788839407,5056347170,2528161,0,1
1788839408,5057355450,2528665,0,1
1788839409,5058365317,2529170,0,1
1788839410,5059377840,2529676,0,1
1788839411,5060387673,2530181,0,1
1788839412,5061395361,2530685,0,1
1788839413,5062403016,2531189,0,1
1788839414,5063413664,2531694,0,1
1788839415,5064423501,2532199,0,1
1788839416,5065431892,2532703,0,1
1788839417,5066441128,2533208,0,1
1788839418,5067447897,2533711,0,1
1788839419,5068453573,2534214,0,1
1788839420,5069461771,2534718,0,1
1788839421,5070468036,2535221,0,1
1788839422,5071579577,2535777,0,1
1788839423,5072591487,2536283,0,1
1788839424,5073601394,2536788,0,1
1788839425,5074611544,2537293,0,1
1788839426,5075621856,2537798,0,1
1788839427,5076633466,2538304,0,1
1788839428,5077641664,2538808,0,1
1788839429,5078655191,2539315,0,1
1788839430,5079665411,2539820,0,1
1788839431,5080675832,2540325,0,1
1788839432,5081687355,2540831,0,1
1788839433,5082697200,2541336,0,1
1788839434,5083705099,2541840,0,1
1788839435,5084713127,2542344,0,1
1788839436,5085725161,2542850,0,1
1788839437,5086735412,2543355,0,1
1788839438,5087744059,2543859,0,1
1788839439,5088753635,2544364,0,1
1788839440,5089767523,2544871,0,1
1788839441,5090773827,2545374,0,1
1788839442,5091781558,2545878,0,1
1788839443,5092789514,2546382,0,1
1788839444,5093799601,2546887,0,1
1788839445,5094807967,2547391,0,1
1788839446,5095819858,2547897,0,1
1788839447,5096831420,2548403,0,1
1788839448,5097843926,2548909,0,1
1788839449,5098853906,2549414,0,1
1788839450,5099867811,2549921,0,1
1788839451,5100879867,2550427,0,1
1788839452,5101895188,2550935,0,1
1788839453,5102905818,2551440,0,1
1788839454,5103917336,2551946,0,1
1788839455,5104927852,2552451,0,1
1788839456,5105939601,2552957,0,1
1788839457,5106949798,2553462,0,1
1788839458,5107957684,2553966,0,1
1788839459,5108971774,2554473,0,1
1788839460,5109981782,2554978,0,1
1788839461,5110993727,2555484,0,1
1788839462,5112007686,2555991,0,1
1788839463,5113020034,2556497,0,1
1788839464,5114031251,2557003,0,1
1788839465,5115043488,2557509,0,1
1788839466,5116053484,2558014,0,1
1788839467,5117067379,2558521,0,1
1788839468,5118079297,2559027,0,1
1788839469,5119093189,2559534,0,1
1788839470,5120105772,2560040,0,1
1788839471,5121117459,2560546,0,1
1788839472,5122127076,2561051,0,1
1788839473,5123135487,2561555,0,1
1788839474,5124147835,2562061,0,1
1788839475,5125155696,2562565,0,1
1788839476,5126163969,2563069,0,1
1788839477,5127175711,2563575,0,1
1788839479,5128187765,2564081,0,1
1788839480,5129199320,2564587,0,1
1788839481,5130207776,2565091,0,1
1788839482,5131219381,2565597,0,1
1788839483,5132227430,2566101,0,1
1788839484,5133237164,2566606,0,1
1788839485,5134247170,2567111,0,1
1788839486,5135257631,2567616,0,1
1788839487,5136267794,2568121,0,1
1788839488,5137279058,2568627,0,1
1788839489,5138289258,2569132,0,1
1788839490,5139301835,2569638,0,1
1788839491,5140317650,2570146,0,1
1788839492,5141331478,2570653,0,1
1788839493,5142341225,2571158,0,1
1788839494,5143353635,2571664,0,1
1788839495,5144365640,2572170,0,1
1788839496,5145373516,2572674,0,1
1788839497,5146383425,2573179,0,1
1788839498,5147391741,2573683,0,1
1788839499,5148405426,2574190,0,1
1788839500,5149413774,2574694,0,1
1788839501,5150423425,2575199,0,1
1788839502,5151435619,2575705,0,1
1788839503,5152447625,2576211,0,1
1788839504,5153455894,2576715,0,1
1788839505,5154469108,2577222,0,1
1788839506,5155479557,2577727,0,1
1788839507,5156489572,2578232,0,1
1788839508,5157499192,2578737,0,1
1788839509,5158510018,2579242,0,1
1788839510,5159521232,2579748,0,1
1788839511,5160529068,2580252,0,1
1788839512,5161537329,2580756,0,1
1788839513,5162549411,2581262,0,1
1788839514,5163559347,2581767,0,1
1788839515,5164567239,2582271,0,1
1788839516,5165577387,2582776,0,1
1788839517,5166589471,2583282,0,1
1788839518,5167599193,2583787,0,1
1788839519,5168607344,2584291,0,1
1788839520,5169617507,2584796,0,1
1788839521,5170631308,2585303,0,1
1788839522,5171645224,2585810,0,1
1788839523,5172655454,2586315,0,1
1788839524,5173663245,2586819,0,1
1788839525,5174673267,2587324,0,1
1788839526,5175685272,2587830,0,1
1788839527,5176697377,2588336,0,1
1788839528,5177703924,2588839,0,1
1788839529,5178713594,2589344,0,1
1788839530,5179723619,2589849,0,1
1788839531,5180736040,2590355,0,1
1788839532,5181745384,2590860,0,1
1788839533,5182759561,2591367,0,1
1788839534,5183769660,2591872,0,1
1788839535,5184777829,2592376,0,1
1788839536,5185787470,2592881,0,1
1788839537,5186795552,2593385,0,1
1788839538,5187805801,2593890,0,1
1788839539,5188915323,2594445,0,1
1788839540,5189925722,2594950,0,1
1788839541,5190835817,2595405,0,1
1788839542,5191847373,2595911,0,1
1788839543,5192955883,2596465,0,1
1788839544,5193966009,2596970,0,1
1788839545,5194973585,2597474,0,1
1788839546,5195983445,2597979,0,1
1788839547,5196995214,2598485,0,1
1788839548,5198007263,2598991,0,1
1788839549,5199019477,2599497,0,1
1788839550,5200029451,2600002,0,1
1788839551,5201043420,2600509,0,1
1788839552,5202055203,2601015,0,1
1788839553,5203067463,2601521,0,1
1788839554,5204081425,2602028,0,1
1788839555,5205089575,2602532,0,1
1788839556,5206099584,2603037,0,1
1788839557,5207109565,2603542,0,1
1788839558,5208117441,2604046,0,1
1788839559,5209129326,2604552,0,1
1788839560,5210137716,2605056,0,1
1788839561,5211151537,2605563,0,1
1788839562,5212161374,2606068,0,1
1788839563,5213171383,2606573,0,1
1788839564,5214177961,2607076,0,1
1788839565,5215187353,2607581,0,1
1788839567,5216197291,2608086,0,1
1788839568,5217207474,2608591,0,1
1788839569,5218221263,2609098,0,1
1788839570,5219231444,2609603,0,1
1788839571,5220237687,2610106,0,1
1788839572,5221249418,2610612,0,1
1788839573,5222257670,2611116,0,1
1788839574,5223269809,2611622,0,1
1788839575,5224277754,2612126,0,1
1788839576,5225285729,2612630,0,1
1788839577,5226299584,2613137,0,1
1788839578,5227309632,2613642,0,1
1788839579,5228321929,2614148,0,1
1788839580,5229331745,2614653,0,1
1788839581,5230344010,2615159,0,1
1788839582,5231351940,2615663,0,1
1788839583,5232364014,2616169,0,1
1788839584,5233375430,2616675,0,1
1788839585,5234383744,2617179,0,1
1788839586,5235395260,2617685,0,1
1788839587,5236407875,2618191,0,1
1788839588,5237423386,2618699,0,1
1788839589,5238433974,2619204,0,1
1788839590,5239443431,2619709,0,1
1788839591,5240453112,2620214,0,1
1788839592,5241463511,2620719,0,1
1788839593,5242469758,2621222,0,1
1788839594,5243479123,2621727,0,1
1788839595,5244489906,2622232,0,1
1788839596,5245499912,2622737,0,1
1788839597,5246509682,2623242,0,1
1788839598,5247521809,2623748,0,1
1788839599,5248533269,2624254,0,1
1788839600,5249543860,2624759,0,1
1788839601,5250553143,2625264,0,1
1788839602,5251563711,2625769,0,1
1788839603,5252577324,2626276,0,1
1788839604,5253589913,2626782,0,1
1788839605,5254601500,2627288,0,1
1788839606,5255611098,2627793,0,1
1788839607,5256623952,2628299,0,1
1788839608,5257639454,2628807,0,1
1788839609,5258651933,2629313,0,1
1788839610,5259661609,2629818,0,1
1788839611,5260673862,2630324,0,1
1788839612,5261683721,2630829,0,1
1788839613,5262691851,2631333,0,1
1788839614,5263699360,2631837,0,1
1788839615,5264707090,2632341,0,1
1788839616,5265713774,2632844,0,1
1788839617,5266723354,2633349,0,1
1788839618,5267731857,2633853,0,1
1788839619,5268745636,2634360,0,1
1788839620,5269755823,2634865,0,1
1788839621,5270769917,2635372,0,1
1788839622,5271784033,2635879,0,1
1788839623,5272797581,2636386,0,1
1788839624,5273807776,2636891,0,1
1788839625,5274817340,2637396,0,1
1788839626,5275825438,2637900,0,1
1788839627,5276833173,2638404,0,1
1788839628,5277845227,2638910,0,1
1788839629,5278853671,2639414,0,1
1788839630,5279865810,2639920,0,1
1788839631,5280877660,2640426,0,1
1788839632,5281887455,2640931,0,1
1788839633,5282899188,2641437,0,1
1788839634,5283909303,2641942,0,1
1788839635,5284921293,2642448,0,1
1788839636,5285933150,2642954,0,1
1788839637,5286943908,2643459,0,1
1788839638,5287951574,2643963,0,1
1788839639,5288961582,2644468,0,1
1788839640,5289975701,2644975,0,1
1788839641,5290987607,2645481,0,1
1788839642,5291995831,2645985,0,1
1788839643,5293009284,2646492,0,1
1788839644,5294017766,2646996,0,1
1788839645,5295027445,2647501,0,1
1788839646,5296037825,2648006,0,1
1788839647,5297049771,2648512,0,1
1788839648,5298057431,2649016,0,1
1788839649,5299065653,2649520,0,1
1788839650,5300071820,2650023,0,1
1788839651,5301079368,2650527,0,1
1788839652,5302087318,2651031,0,1
1788839653,5303097253,2651536,0,1
1788839654,5304109533,2652042,0,1
1788839656,5305119961,2652547,0,1
1788839657,5306231868,2653103,0,1
1788839658,5307239358,2653607,0,1
1788839659,5308249107,2654112,0,1
1788839660,5309255602,2654615,0,1
1788839661,5310263729,2655119,0,1
1788839662,5311271187,2655623,0,1
1788839663,5312281153,2656128,0,1
1788839664,5313287665,2656631,0,1
1788839665,5314295774,2657135,0,1
1788839666,5315305542,2657640,0,1
1788839667,5316313770,2658144,0,1
1788839668,5317325567,2658650,0,1
1788839669,5318337765,2659156,0,1
1788839670,5319345818,2659660,0,1
1788839671,5320357729,2660166,0,1
1788839672,5321363959,2660669,0,1
1788839673,5322377522,2661176,0,1
1788839674,5323389967,2661682,0,1
1788839675,5324397801,2662186,0,1
1788839676,5325405526,2662690,0,1
1788839677,5326415635,2663195,0,1
1788839678,5327427706,2663701,0,1
1788839679,5328437165,2664206,0,1
1788839680,5329443798,2664709,0,1
1788839681,5330457389,2665216,0,1
1788839682,5331465384,2665720,0,1
1788839683,5332473955,2666224,0,1
1788839684,5333487450,2666731,0,1
1788839685,5334495974,2667235,0,1
1788839686,5335505923,2667740,0,1
1788839687,5336517943,2668246,0,1
1788839688,5337527872,2668751,0,1
1788839689,5338537073,2669256,0,1
1788839690,5339541882,2669758,0,1
1788839691,5340551128,2670263,0,1
1788839692,5341565546,2670770,0,1
1788839693,5342575425,2671275,0,1
1788839694,5343581841,2671778,0,1
1788839695,5344595745,2672285,0,1
1788839696,5345605899,2672790,0,1
1788839697,5346619421,2673297,0,1
1788839698,5347631456,2673803,0,1
1788839699,5348637327,2674306,0,1
1788839700,5349649958,2674812,0,1
1788839701,5350659710,2675317,0,1
1788839702,5351669781,2675822,0,1
1788839703,5352679944,2676327,0,1
1788839704,5353689195,2676832,0,1
1788839705,5354699332,2677337,0,1
1788839706,5355707842,2677841,0,1
1788839707,5356717602,2678346,0,1
1788839708,5357725795,2678850,0,1
1788839709,5358737194,2679356,0,1
1788839710,5359751510,2679863,0,1
1788839711,5360767346,2680371,0,1
1788839712,5361779830,2680877,0,1
1788839713,5362789695,2681382,0,1
1788839714,5363801959,2681888,0,1
1788839715,5364809194,2682392,0,1
1788839716,5365815872,2682895,0,1
1788839717,5366825231,2683400,0,1
1788839718,5367835280,2683905,0,1
1788839719,5368847817,2684411,0,1
1788839720,5369861075,2684918,0,1
1788839721,5370869674,2685422,0,1
1788839722,5371877974,2685926,0,1
1788839723,5372885332,2686430,0,1
1788839724,5373897491,2686936,0,1
1788839725,5374909251,2687442,0,1
1788839726,5375919622,2687947,0,1
1788839727,5377031637,2688503,0,1
1788839728,5378041897,2689008,0,1
1788839729,5379051772,2689513,0,1
1788839730,5380061594,2690018,0,1
1788839731,5380973919,2690474,0,1
1788839732,5382083253,2691029,0,1
1788839733,5383095261,2691535,0,1
1788839734,5384105836,2692040,0,1
1788839735,5385119146,2692547,0,1
1788839736,5386129199,2693052,0,1
1788839737,5387137598,2693556,0,1
1788839738,5388145946,2694060,0,1
1788839739,5389155068,2694565,0,1
1788839740,5390163128,2695069,0,1
1788839741,5391173893,2695574,0,1
1788839742,5392183692,2696079,0,1
1788839743,5393191215,2696583,0,1
1788839745,5394201668,2697088,0,1
1788839746,5395209579,2697592,0,1
1788839747,5396217971,2698096,0,1
1788839748,5397227573,2698601,0,1
1788839749,5398237401,2699106,0,1
1788839750,5399245970,2699610,0,1
1788839751,5400255637,2700115,0,1
1788839752,5401263571,2700619,0,1
1788839753,5402271379,2701123,0,1
1788839754,5403279507,2701627,0,1
1788839755,5404285435,2702130,0,1
1788839756,5405291704,2702633,0,1
1788839757,5406301641,2703138,0,1
1788839758,5407311890,2703643,0,1
1788839759,5408325210,2704150,0,1
1788839760,5409335384,2704655,0,1
1788839761,5410347364,2705161,0,1
1788839762,5411355191,2705665,0,1
1788839763,5412364037,2706169,0,1
1788839764,5413375717,2706675,0,1
1788839765,5414387264,2707181,0,1
1788839766,5415393964,2707684,0,1
1788839767,5416401932,2708188,0,1
1788839768,5417411510,2708693,0,1
1788839769,5418425759,2709200,0,1
1788839770,5419437189,2709706,0,1
1788839771,5420447519,2710211,0,1
1788839772,5421457707,2710716,0,1
1788839773,5422469920,2711222,0,1
1788839774,5423483227,2711729,0,1
1788839775,5424491966,2712233,0,1
1788839776,5425503716,2712739,0,1
1788839777,5426513220,2713244,0,1
1788839778,5427525572,2713750,0,1
1788839779,5428537527,2714256,0,1
1788839780,5429551188,2714763,0,1
1788839781,5430557815,2715266,0,1
1788839782,5431567580,2715771,0,1
1788839783,5432579671,2716277,0,1
1788839784,5433589288,2716782,0,1
1788839785,5434595402,2717285,0,1
1788839786,5435603126,2717789,0,1
1788839787,5436615562,2718295,0,1
1788839788,5437625768,2718800,0,1
1788839789,5438635886,2719305,0,1
1788839790,5439645651,2719810,0,1
1788839791,5440659387,2720317,0,1
1788839792,5441669204,2720822,0,1
1788839793,5442681439,2721328,0,1
1788839794,5443691674,2721833,0,1
1788839795,5444703938,2722339,0,1
1788839796,5445715824,2722845,0,1
1788839797,5446723937,2723349,0,1
1788839798,5447733320,2723854,0,1
1788839799,5448741202,2724358,0,1
1788839800,5449753440,2724864,0,1
1788839801,5450761674,2725368,0,1
1788839802,5451771626,2725873,0,1
1788839803,5452785470,2726380,0,1
1788839804,5453797699,2726886,0,1
1788839805,5454807317,2727391,0,1
1788839806,5455815897,2727895,0,1
1788839807,5456825382,2728400,0,1
1788839808,5457937841,2728956,0,1
1788839809,5458849600,2729412,0,1
1788839810,5459863446,2729919,0,1
1788839811,5460971903,2730473,0,1
1788839812,5461981783,2730978,0,1
1788839813,5462991327,2731483,0,1
1788839814,5463997383,2731986,0,1
1788839815,5465007259,2732491,0,1
1788839816,5466013817,2732994,0,1
1788839817,5467021191,2733498,0,1
1788839818,5468029386,2734002,0,1
1788839819,5469041634,2734508,0,1
1788839820,5470049858,2735012,0,1
1788839821,5471057511,2735516,0,1
1788839822,5472063852,2736019,0,1
1788839823,5473073716,2736524,0,1
1788839824,5474087253,2737031,0,1
1788839825,5475093560,2737534,0,1
1788839826,5476103415,2738039,0,1
1788839827,5477115082,2738545,0,1
1788839828,5478121456,2739048,0,1
1788839829,5479129322,2739552,0,1
1788839830,5480135544,2740055,0,1
1788839831,5481145186,2740560,0,1
1788839832,5482153188,2741064,0,1
1788839834,5483161225,2741568,0,1
1788839835,5484171779,2742073,0,1
1788839836,5485177582,2742576,0,1
1788839837,5486187453,2743081,0,1
1788839838,5487197649,2743586,0,1
1788839839,5488203187,2744089,0,1
1788839840,5489207441,2744591,0,1
1788839841,5490213088,2745094,0,1
1788839842,5491223602,2745599,0,1
1788839843,5492235232,2746105,0,1
1788839844,5493245320,2746610,0,1
1788839845,5494253906,2747114,0,1
1788839846,5495267275,2747621,0,1
1788839847,5496282030,2748128,0,1
1788839848,5497291915,2748633,0,1
1788839849,5498299737,2749137,0,1
1788839850,5499311695,2749643,0,1
1788839851,5500325688,2750150,0,1
1788839852,5501335227,2750655,0,1
1788839853,5502347719,2751161,0,1
1788839854,5503359971,2751667,0,1
1788839855,5504375734,2752175,0,1
1788839856,5505383861,2752679,0,1
1788839857,5506395314,2753185,0,1
1788839858,5507407538,2753691,0,1
1788839859,5508421440,2754198,0,1
1788839860,5509429751,2754702,0,1
1788839861,5510437745,2755206,0,1
1788839862,5511447462,2755711,0,1
1788839863,5512461272,2756218,0,1
1788839864,5513471794,2756723,0,1
1788839865,5514483933,2757229,0,1
1788839866,5515493858,2757734,0,1
1788839867,5516505390,2758240,0,1
1788839868,5517517998,2758746,0,1
1788839869,5518527740,2759251,0,1
1788839870,5519537639,2759756,0,1
1788839871,5520547615,2760261,0,1
1788839872,5521561090,2760768,0,1
1788839873,5522571128,2761273,0,1
1788839874,5523577953,2761776,0,1
1788839875,5524587442,2762281,0,1
1788839876,5525601070,2762788,0,1
1788839877,5526613214,2763294,0,1
1788839878,5527625751,2763800,0,1
1788839879,5528637348,2764306,0,1
1788839880,5529647059,2764811,0,1
1788839881,5530655907,2765315,0,1
1788839882,5531669782,2765822,0,1
1788839883,5532677086,2766326,0,1
1788839884,5533785603,2766880,0,1
1788839885,5534797714,2767386,0,1
1788839886,5535807600,2767891,0,1
1788839887,5536717467,2768346,0,1
1788839888,5537729813,2768852,0,1
1788839889,5538839410,2769407,0,1
1788839890,5539847514,2769911,0,1
1788839891,5540859283,2770417,0,1
1788839892,5541869472,2770922,0,1
1788839893,5542881269,2771428,0,1
1788839894,5543891409,2771933,0,1
1788839895,5544901200,2772438,0,1
1788839896,5545915349,2772945,0,1
1788839897,5546923380,2773449,0,1
1788839898,5547935439,2773955,0,1
1788839899,5548949512,2774462,0,1
1788839900,5549959493,2774967,0,1
1788839901,5550975263,2775475,0,1
1788839902,5551985745,2775980,0,1
1788839903,5552991950,2776483,0,1
1788839904,5553999895,2776987,0,1
1788839905,5555007122,2777491,0,1
1788839906,5556015851,2777995,0,1
1788839907,5557023899,2778499,0,1
1788839908,5558033793,2779004,0,1
1788839909,5559047605,2779511,0,1
1788839910,5560055824,2780015,0,1
1788839911,5561063590,2780519,0,1
1788839912,5562069569,2781022,0,1
1788839913,5563075634,2781525,0,1
1788839914,5564083233,2782029,0,1
1788839915,5565089319,2782532,0,1
1788839916,5566097383,2783036,0,1
1788839917,5567104076,2783539,0,1
1788839918,5568113443,2784044,0,1
1788839919,5569125194,2784550,0,1
1788839920,5570135547,2785055,0,1
1788839921,5571147461,2785561,0,1
1788839923,5572159613,2786067,0,1
1788839924,5573167353,2786571,0,1
1788839925,5574175573,2787075,0,1
1788839926,5575187285,2787581,0,1
1788839927,5576197223,2788086,0,1
1788839928,5577211720,2788593,0,1
1788839929,5578221417,2789098,0,1
1788839930,5579233193,2789604,0,1
1788839931,5580245188,2790110,0,1
1788839932,5581259374,2790617,0,1
1788839933,5582271631,2791123,0,1
1788839934,5583283282,2791629,0,1
1788839935,5584295810,2792135,0,1
1788839936,5585305924,2792640,0,1
1788839937,5586313252,2793144,0,1
1788839938,5587319379,2793647,0,1
1788839939,5588331703,2794153,0,1
1788839940,5589341893,2794658,0,1
1788839941,5590349317,2795162,0,1
1788839942,5591357800,2795666,0,1
1788839943,5592367415,2796171,0,1
1788839944,5593377294,2796676,0,1
1788839945,5594387708,2797181,0,1
1788839946,5595395555,2797685,0,1
1788839947,5596403192,2798189,0,1
1788839948,5597413836,2798694,0,1
1788839949,5598425593,2799200,0,1
1788839950,5599435357,2799705,0,1
1788839951,5600447110,2800211,0,1
1788839952,5601555919,2800765,0,1
1788839953,5602567978,2801271,0,1
1788839954,5603577953,2801776,0,1
1788839955,5604589543,2802282,0,1
1788839956,5605599890,2802787,0,1
1788839957,5606609516,2803292,0,1
1788839958,5607619531,2803797,0,1
1788839959,5608631567,2804303,0,1
1788839960,5609643545,2804809,0,1
1788839961,5610653072,2805314,0,1
1788839962,5611661961,2805818,0,1
1788839963,5612671363,2806323,0,1
1788839964,5613679613,2806827,0,1
1788839965,5614689287,2807332,0,1
1788839966,5615699619,2807837,0,1
1788839967,5616709925,2808342,0,1
1788839968,5617723620,2808849,0,1
1788839969,5618733291,2809354,0,1
1788839970,5619747411,2809861,0,1
1788839971,5620759360,2810367,0,1
1788839972,5621773917,2810874,0,1
1788839973,5622780015,2811377,0,1
1788839974,5623791732,2811883,0,1
1788839975,5624799538,2812387,0,1
1788839976,5625809936,2812892,0,1
1788839977,5626821254,2813398,0,1
1788839978,5627829103,2813902,0,1
1788839979,5628839222,2814407,0,1
1788839980,5629849485,2814912,0,1
1788839981,5630857522,2815416,0,1
1788839982,5631869308,2815922,0,1
1788839983,5632879851,2816427,0,1
1788839984,5633885790,2816930,0,1
1788839985,5634897385,2817436,0,1
1788839986,5635909093,2817942,0,1
1788839987,5636917703,2818446,0,1
1788839988,5637931955,2818953,0,1
1788839989,5638941809,2819458,0,1
1788839990,5639958081,2819966,0,1
1788839991,5640967431,2820471,0,1
1788839992,5641975869,2820975,0,1
1788839993,5642985619,2821480,0,1
1788839994,5643995828,2821985,0,1
1788839995,5645005509,2822490,0,1
1788839996,5646013518,2822994,0,1
1788839997,5647023645,2823499,0,1
1788839998,5648037255,2824006,0,1
1788839999,5649047595,2824511,0,1
1788840000,5650061441,2825018,0,1
1788840001,5651069345,2825522,0,1
1788840002,5652081743,2826028,0,1
1788840003,5653095683,2826535,0,1
1788840004,5654101575,2827038,0,1
1788840005,5655109819,2827542,0,1
1788840006,5656119768,2828047,0,1
1788840007,5657127914,2828551,0,1
1788840008,5658139789,2829057,0,1
1788840009,5659151732,2829563,0,1
1788840011,5660165241,2830070,0,1
1788840012,5661173839,2830574,0,1
1788840013,5662183998,2831079,0,1
1788840014,5663193355,2831584,0,1
1788840015,5664203505,2832089,0,1
1788840016,5665217304,2832596,0,1
1788840017,5666227333,2833101,0,1
1788840018,5667233775,2833604,0,1
1788840019,5668243680,2834109,0,1
1788840020,5669253128,2834614,0,1
1788840021,5670265670,2835120,0,1
1788840022,5671277195,2835626,0,1
1788840023,5672283759,2836129,0,1
1788840024,5673295085,2836635,0,1
1788840025,5674303608,2837139,0,1
1788840026,5675317269,2837646,0,1
1788840027,5676329279,2838152,0,1
1788840028,5677341831,2838658,0,1
1788840029,5678353338,2839164,0,1
1788840030,5679361586,2839668,0,1
1788840031,5680371664,2840173,0,1
1788840032,5681379578,2840677,0,1
1788840033,5682391682,2841183,0,1
1788840034,5683401731,2841688,0,1
1788840035,5684411177,2842193,0,1
1788840036,5685421635,2842698,0,1
1788840037,5686431865,2843203,0,1
1788840038,5687443961,2843709,0,1
1788840039,5688455078,2844215,0,1
1788840040,5689467361,2844721,0,1
1788840041,5690475280,2845225,0,1
1788840042,5691483796,2845729,0,1
1788840043,5692497761,2846236,0,1
1788840044,5693509050,2846742,0,1
1788840045,5694517326,2847246,0,1
1788840046,5695525807,2847750,0,1
1788840047,5696537775,2848256,0,1
1788840048,5697549316,2848762,0,1
1788840049,5698565393,2849270,0,1
1788840050,5699575614,2849775,0,1
1788840051,5700585353,2850280,0,1
1788840052,5701595607,2850785,0,1
1788840053,5702604022,2851289,0,1
1788840054,5703617795,2851796,0,1
1788840055,5704629945,2852302,0,1
1788840056,5705643271,2852809,0,1
1788840057,5706649955,2853312,0,1
1788840058,5707663519,2853819,0,1
1788840059,5708671714,2854323,0,1
1788840060,5709683476,2854829,0,1
1788840061,5710691779,2855333,0,1
1788840062,5711705697,2855840,0,1
1788840063,5712719055,2856347,0,1
1788840064,5713727456,2856851,0,1
1788840065,5714735445,2857355,0,1
1788840066,5715841907,2857908,0,1
1788840067,5716851540,2858413,0,1
1788840068,5717861205,2858918,0,1
1788840069,5718871496,2859423,0,1
1788840070,5719885529,2859930,0,1
1788840071,5720893895,2860434,0,1
1788840072,5721905521,2860940,0,1
1788840073,5722917823,2861446,0,1
1788840074,5723931675,2861953,0,1
1788840075,5724941822,2862458,0,1
1788840076,5725954012,2862964,0,1
1788840077,5726967312,2863471,0,1
1788840078,5727975921,2863975,0,1
1788840079,5728989630,2864482,0,1
1788840080,5729999849,2864987,0,1
1788840081,5731011145,2865493,0,1
1788840082,5732019785,2865997,0,1
1788840083,5733031155,2866503,0,1
1788840084,5734041304,2867008,0,1
1788840085,5735053524,2867514,0,1
1788840086,5736065282,2868020,0,1
1788840087,5737083058,2868529,0,1
1788840088,5738093334,2869034,0,1
1788840089,5739103123,2869539,0,1
1788840090,5740115092,2870045,0,1
1788840091,5741125152,2870550,0,1
1788840092,5742131754,2871053,0,1
1788840093,5743143981,2871559,0,1
1788840094,5744151444,2872063,0,1
1788840095,5745159639,2872567,0,1
1788840096,5746167529,2873071,0,1
1788840097,5747173837,2873574,0,1
1788840098,5748183163,2874079,0,1
1788840100,5749193397,2874584,0,1
1788840101,5750201666,2875088,0,1
1788840102,5751215124,2875595,0,1
1788840103,5752225389,2876100,0,1
1788840104,5753233646,2876604,0,1
1788840105,5754245468,2877110,0,1
1788840106,5755255345,2877615,0,1
1788840107,5756263157,2878119,0,1
1788840108,5757273729,2878624,0,1
1788840109,5758281386,2879128,0,1
1788840110,5759293347,2879634,0,1
1788840111,5760307545,2880141,0,1
1788840112,5761315770,2880645,0,1
1788840113,5762323539,2881149,0,1
1788840114,5763333722,2881654,0,1
1788840115,5764349968,2882162,0,1
1788840116,5765357928,2882666,0,1
1788840117,5766367331,2883171,0,1
1788840118,5767375419,2883675,0,1
1788840119,5768387381,2884181,0,1
1788840120,5769395414,2884685,0,1
1788840121,5770403397,2885189,0,1
1788840122,5771415725,2885695,0,1
1788840123,5772429091,2886202,0,1
1788840124,5773441669,2886708,0,1
1788840125,5774453046,2887214,0,1
1788840126,5775461664,2887718,0,1
1788840127,5776469303,2888222,0,1
1788840128,5777477321,2888726,0,1
1788840129,5778491732,2889233,0,1
1788840130,5779505129,2889740,0,1
1788840131,5780513822,2890244,0,1
1788840132,5781527409,2890751,0,1
1788840133,5782537119,2891256,0,1
1788840134,5783547826,2891761,0,1
1788840135,5784559360,2892267,0,1
1788840136,5785567905,2892771,0,1
1788840137,5786585193,2893280,0,1
1788840138,5787595067,2893785,0,1
1788840139,5788601227,2894288,0,1
1788840140,5789613573,2894794,0,1
1788840141,5790625381,2895300,0,1
1788840142,5791639953,2895807,0,1
1788840143,5792651508,2896313,0,1
1788840144,5793663277,2896819,0,1
1788840145,5794675500,2897325,0,1
1788840146,5795685146,2897830,0,1
1788840147,5796695064,2898335,0,1
1788840148,5797703900,2898839,0,1
1788840149,5798719824,2899347,0,1
1788840150,5799729994,2899852,0,1
1788840151,5800743578,2900359,0,1
1788840152,5801755562,2900865,0,1
1788840153,5802765789,2901370,0,1
1788840154,5803775319,2901875,0,1
1788840155,5804785256,2902380,0,1
1788840156,5805799135,2902887,0,1
1788840157,5806811467,2903393,0,1
1788840158,5807825313,2903900,0,1
1788840159,5808835688,2904405,0,1
1788840160,5809845864,2904910,0,1
1788840161,5810857775,2905416,0,1
1788840162,5811869188,2905922,0,1
1788840163,5812881830,2906428,0,1
1788840164,5813891648,2906933,0,1
1788840165,5814904017,2907439,0,1
1788840166,5815915606,2907945,0,1
1788840167,5816931255,2908453,0,1
1788840168,5817941258,2908958,0,1
1788840169,5818949481,2909462,0,1
1788840170,5819959473,2909967,0,1
1788840171,5820969540,2910472,0,1
1788840172,5821979522,2910977,0,1
1788840173,5822991457,2911483,0,1
1788840174,5824003547,2911989,0,1
1788840175,5825012013,2912493,0,1
1788840176,5826023845,2912999,0,1
1788840177,5827033515,2913504,0,1
1788840178,5828045211,2914010,0,1
1788840179,5829051842,2914513,0,1
1788840180,5830061392,2915018,0,1
1788840181,5831069385,2915522,0,1
1788840182,5832079938,2916027,0,1
1788840183,5833089340,2916532,0,1
1788840184,5834099640,2917037,0,1
1788840185,5835109288,2917542,0,1
1788840186,5836117440,2918046,0,1
1788840187,5837127950,2918551,0,1
1788840189,5838137108,2919056,0,1
1788840190,5839143127,2919559,0,1
1788840191,5840153182,2920064,0,1
1788840192,5841161124,2920568,0,1
1788840193,5842171949,2921073,0,1
1788840194,5843183264,2921579,0,1
1788840195,5844194018,2922084,0,1
1788840196,5845205333,2922590,0,1
1788840197,5846213916,2923094,0,1
1788840198,5847229313,2923602,0,1
1788840199,5848237318,2924106,0,1
1788840200,5849249840,2924612,0,1
1788840201,5850259832,2925117,0,1
1788840202,5851269378,2925622,0,1
1788840203,5852279286,2926127,0,1
1788840204,5853287057,2926631,0,1
1788840205,5854295365,2927135,0,1
1788840206,5855307627,2927641,0,1
1788840207,5856317316,2928146,0,1
1788840208,5857329896,2928652,0,1
1788840209,5858343595,2929159,0,1
1788840210,5859355252,2929665,0,1
1788840211,5860463428,2930219,0,1
1788840212,5861471692,2930723,0,1
1788840213,5862477943,2931226,0,1
1788840214,5863491197,2931733,0,1
1788840215,5864501735,2932238,0,1
1788840216,5865517807,2932746,0,1
1788840217,5866527538,2933251,0,1
1788840218,5867537126,2933756,0,1
1788840219,5868545442,2934260,0,1
1788840220,5869557523,2934766,0,1
1788840221,5870569255,2935272,0,1
1788840222,5871579512,2935777,0,1
1788840223,5872589831,2936282,0,1
1788840224,5873599417,2936787,0,1
1788840225,5874611606,2937293,0,1
1788840226,5875623515,2937799,0,1
1788840227,5876631838,2938303,0,1
1788840228,5877645449,2938810,0,1
1788840229,5878654080,2939314,0,1
1788840230,5879665327,2939820,0,1
1788840231,5880677461,2940326,0,1
1788840232,5881687262,2940831,0,1
1788840233,5882697127,2941336,0,1
1788840234,5883707605,2941841,0,1
1788840235,5884715621,2942345,0,1
1788840236,5885727806,2942851,0,1
1788840237,5886737944,2943356,0,1
1788840238,5887749119,2943862,0,1
1788840239,5888759754,2944367,0,1
1788840240,5889771708,2944873,0,1
1788840241,5890779901,2945377,0,1
1788840242,5891789260,2945882,0,1
1788840243,5892799256,2946387,0,1
1788840244,5893809707,2946892,0,1
1788840245,5894825262,2947400,0,1
1788840246,5895837315,2947906,0,1
1788840247,5896845418,2948410,0,1
1788840248,5897857638,2948916,0,1
1788840249,5898871090,2949423,0,1
1788840250,5899877284,2949926,0,1
1788840251,5900885330,2950430,0,1
1788840252,5901895317,2950935,0,1
1788840253,5902907605,2951441,0,1
1788840254,5903919393,2951947,0,1
1788840255,5904929738,2952452,0,1
1788840256,5905941881,2952958,0,1
1788840257,5906955634,2953465,0,1
1788840258,5907969970,2953972,0,1
1788840259,5908983293,2954479,0,1
1788840260,5909997452,2954986,0,1
1788840261,5911009846,2955492,0,1
1788840262,5912025700,2956000,0,1
1788840263,5913035684,2956505,0,1
1788840264,5914045621,2957010,0,1
1788840265,5915055882,2957515,0,1
1788840266,5916063660,2958019,0,1
1788840267,5917076019,2958525,0,1
1788840268,5918087050,2959031,0,1
1788840269,5919099656,2959537,0,1
1788840270,5920109485,2960042,0,1
1788840271,5921125738,2960550,0,1
1788840272,5922133451,2961054,0,1
1788840273,5923143134,2961559,0,1
1788840274,5924155183,2962065,0,1
1788840275,5925163291,2962569,0,1
1788840277,5926175276,2963075,0,1
1788840278,5927185433,2963580,0,1
1788840279,5928195626,2964085,0,1
1788840280,5929205576,2964590,0,1
1788840281,5930213841,2965094,0,1
1788840282,5931223836,2965599,0,1
1788840283,5932231884,2966103,0,1
1788840284,5933239830,2966607,0,1
1788840285,5934252022,2967113,0,1
1788840286,5935259969,2967617,0,1
1788840287,5936267449,2968121,0,1
1788840288,5937279440,2968627,0,1
1788840289,5938285815,2969130,0,1
1788840290,5939299825,2969637,0,1
1788840291,5940309645,2970142,0,1
1788840292,5941317253,2970646,0,1
1788840293,5942325682,2971150,0,1
1788840294,5943333127,2971654,0,1
1788840295,5944341750,2972158,0,1
1788840296,5945351400,2972663,0,1
1788840297,5946363533,2973169,0,1
1788840298,5947373722,2973674,0,1
1788840299,5948381822,2974178,0,1
1788840300,5949393481,2974684,0,1
1788840301,5950405560,2975190,0,1
1788840302,5951413568,2975694,0,1
1788840303,5952421657,2976198,0,1
1788840304,5953429528,2976702,0,1
1788840305,5954439131,2977207,0,1
1788840306,5955547844,2977761,0,1
1788840307,5956559145,2978267,0,1
1788840308,5957571262,2978773,0,1
1788840309,5958581647,2979278,0,1
1788840310,5959593963,2979784,0,1
1788840311,5960605472,2980290,0,1
1788840312,5961611687,2980793,0,1
1788840313,5962623544,2981299,0,1
1788840314,5963635537,2981805,0,1
1788840315,5964643366,2982309,0,1
1788840316,5965653761,2982814,0,1
1788840317,5966663823,2983319,0,1
1788840318,5967671705,2983823,0,1
1788840319,5968683461,2984329,0,1
1788840320,5969693554,2984834,0,1
1788840321,5970707302,2985341,0,1
1788840322,5971713772,2985844,0,1
1788840323,5972723514,2986349,0,1
1788840324,5973735333,2986855,0,1
1788840325,5974747380,2987361,0,1
1788840326,5975761193,2987868,0,1
1788840327,5976773770,2988374,0,1
1788840328,5977785164,2988880,0,1
1788840329,5978797636,2989386,0,1
1788840330,5979805815,2989890,0,1
1788840331,5980817109,2990396,0,1
1788840332,5981825200,2990900,0,1
1788840333,5982837316,2991406,0,1
1788840334,5983849280,2991912,0,1
1788840335,5984859189,2992417,0,1
1788840336,5985867553,2992921,0,1
1788840337,5986877737,2993426,0,1
1788840338,5987887166,2993931,0,1
1788840339,5988893715,2994434,0,1
1788840340,5989901672,2994938,0,1
1788840341,5990909681,2995442,0,1
1788840342,5991925555,2995950,0,1
1788840343,5992936003,2996455,0,1
1788840344,5993947394,2996961,0,1
1788840345,5994955125,2997465,0,1
1788840346,5995963602,2997969,0,1
1788840347,5996971464,2998473,0,1
1788840348,5997981898,2998978,0,1
1788840349,5998989193,2999482,0,1
1788840350,5999997713,2999986,0,1
1788840351,6001007525,3000491,0,1
1788840352,6002019350,3000997,0,1
1788840353,6003033190,3001504,0,1
1788840354,6004041434,3002008,0,1
1788840355,6005055053,3002515,0,1
1788840356,6006065181,3003020,0,1
1788840357,6007075086,3003525,0,1
1788840358,6008085586,3004030,0,1
1788840359,6009093985,3004534,0,1
1788840360,6010101806,3005038,0,1
1788840361,6011113877,3005544,0,1
1788840362,6012125387,3006050,0,1
1788840363,6013141120,3006558,0,1
1788840365,6014147726,3007061,0,1
1788840366,6015159436,3007567,0,1
1788840367,6016173506,3008074,0,1
1788840368,6017187573,3008581,0,1
1788840369,6018197438,3009086,0,1
1788840370,6019210010,3009592,0,1
1788840371,6020223971,3010099,0,1
1788840372,6021233927,3010604,0,1
1788840373,6022243952,3011109,0,1
1788840374,6023251503,3011613,0,1
1788840375,6024265383,3012120,0,1
1788840376,6025273801,3012624,0,1
1788840377,6026287097,3013131,0,1
1788840378,6027295428,3013635,0,1
1788840379,6028309605,3014142,0,1
1788840380,6029321060,3014648,0,1
1788840381,6030331520,3015153,0,1
1788840382,6031343726,3015659,0,1
1788840383,6032353873,3016164,0,1
1788840384,6033363952,3016669,0,1
1788840385,6034371631,3017173,0,1
1788840386,6035383818,3017679,0,1
1788840387,6036395331,3018185,0,1
1788840388,6037405854,3018690,0,1
1788840389,6038413776,3019194,0,1
1788840390,6039419824,3019697,0,1
1788840391,6040427124,3020201,0,1
1788840392,6041435569,3020705,0,1
1788840393,6042447704,3021211,0,1
1788840394,6043459421,3021717,0,1
1788840395,6044471435,3022223,0,1
1788840396,6045481759,3022728,0,1
1788840397,6046493197,3023234,0,1
1788840398,6047503729,3023739,0,1
1788840399,6048515856,3024245,0,1
1788840400,6049525491,3024750,0,1
1788840401,6050533825,3025254,0,1
1788840402,6051543531,3025759,0,1
1788840403,6052555082,3026265,0,1
1788840404,6053563228,3026769,0,1
1788840405,6054571237,3027273,0,1
1788840406,6055579191,3027777,0,1
1788840407,6056591471,3028283,0,1
1788840408,6057699974,3028837,0,1
1788840409,6058709459,3029342,0,1
1788840410,6059717287,3029846,0,1
1788840411,6060725743,3030350,0,1
1788840412,6061737208,3030856,0,1
1788840413,6062747274,3031361,0,1
1788840414,6063757126,3031866,0,1
1788840415,6064763318,3032369,0,1
1788840416,6065769581,3032872,0,1
1788840417,6066779394,3033377,0,1
1788840418,6067787274,3033881,0,1
1788840419,6068791874,3034383,0,1
1788840420,6069805379,3034890,0,1
1788840421,6070815691,3035395,0,1
1788840422,6071824069,3035899,0,1
1788840423,6072835705,3036405,0,1
1788840424,6073847702,3036911,0,1
1788840425,6074857866,3037416,0,1
1788840426,6075873085,3037924,0,1
1788840427,6076881819,3038428,0,1
1788840428,6077889536,3038932,0,1
1788840429,6078903771,3039439,0,1
1788840430,6079915509,3039945,0,1
1788840431,6080925497,3040450,0,1
1788840432,6081935828,3040955,0,1
1788840433,6082943449,3041459,0,1
1788840434,6083949839,3041962,0,1
1788840435,6084957459,3042466,0,1
1788840436,6085965434,3042970,0,1
1788840437,6086976943,3043476,0,1
1788840438,6087985125,3043980,0,1
1788840439,6088993329,3044484,0,1
1788840440,6089999858,3044987,0,1
1788840441,6091009615,3045492,0,1
1788840442,6092021097,3045998,0,1
1788840443,6093029713,3046502,0,1
1788840444,6094039453,3047007,0,1
1788840445,6095049728,3047512,0,1
1788840446,6096061705,3048018,0,1
1788840447,6097072001,3048523,0,1
1788840448,6098083195,3049029,0,1
1788840449,6099092986,3049534,0,1
1788840450,6100101373,3050038,0,1
1788840451,6101113533,3050544,0,1
1788840452,6102125449,3051050,0,1
1788840453,6103139501,3051557,0,1
1788840455,6104151866,3052063,0,1
1788840456,6105161257,3052568,0,1
1788840457,6106171857,3053073,0,1
1788840458,6107185340,3053580,0,1
1788840459,6108193732,3054084,0,1
1788840460,6109205423,3054590,0,1
1788840461,6110215271,3055095,0,1
1788840462,6111225931,3055600,0,1
1788840463,6112237805,3056106,0,1
1788840464,6113249378,3056612,0,1
1788840465,6114263047,3057119,0,1
1788840466,6115273443,3057624,0,1
1788840467,6116285581,3058130,0,1
1788840468,6117297318,3058636,0,1
1788840469,6118303783,3059139,0,1
1788840470,6119315514,3059645,0,1
1788840471,6120325839,3060150,0,1
1788840472,6121335455,3060655,0,1
1788840473,6122345328,3061160,0,1
1788840474,6123353404,3061664,0,1
1788840475,6124363987,3062169,0,1
1788840476,6125375969,3062675,0,1
1788840477,6126391502,3063183,0,1
1788840478,6127405437,3063690,0,1
1788840479,6128415903,3064195,0,1
1788840480,6129427702,3064701,0,1
1788840481,6130437955,3065206,0,1
1788840482,6131445346,3065710,0,1
1788840483,6132451615,3066213,0,1
1788840484,6133463983,3066719,0,1
1788840485,6134473125,3067224,0,1
1788840486,6135483188,3067729,0,1
1788840487,6136495097,3068235,0,1
1788840488,6137503853,3068739,0,1
1788840489,6138511631,3069243,0,1
1788840490,6139623185,3069799,0,1
1788840491,6140633466,3070304,0,1
1788840492,6141643645,3070809,0,1
1788840493,6142655332,3071315,0,1
1788840494,6143667456,3071821,0,1
1788840495,6144675778,3072325,0,1
1788840496,6145685826,3072830,0,1
1788840497,6146695603,3073335,0,1
1788840498,6147709392,3073842,0,1
1788840499,6148715725,3074345,0,1
1788840500,6149721970,3074848,0,1
1788840501,6150731255,3075353,0,1
1788840502,6151741398,3075858,0,1
1788840503,6152749911,3076362,0,1
1788840504,6153761669,3076868,0,1
1788840505,6154773072,3077374,0,1
1788840506,6155781310,3077878,0,1
1788840507,6156791897,3078383,0,1
1788840508,6157801840,3078888,0,1
1788840509,6158815930,3079395,0,1
1788840510,6159825591,3079900,0,1
1788840511,6160835880,3080405,0,1
1788840512,6161847454,3080911,0,1
1788840513,6162859125,3081417,0,1
1788840514,6163869598,3081922,0,1
1788840515,6164881331,3082428,0,1
1788840516,6165891574,3082933,0,1
1788840517,6166903357,3083439,0,1
1788840518,6167911328,3083943,0,1
1788840519,6168925644,3084450,0,1
1788840520,6169939924,3084957,0,1
1788840521,6170949504,3085462,0,1
1788840522,6171961448,3085968,0,1
1788840523,6172971260,3086473,0,1
1788840524,6173979756,3086977,0,1
1788840525,6174987326,3087481,0,1
1788840526,6175999527,3087987,0,1
1788840527,6177011836,3088493,0,1
1788840528,6178023340,3088999,0,1
1788840529,6179037827,3089506,0,1
1788840530,6180049566,3090012,0,1
1788840531,6181059652,3090517,0,1
1788840532,6182071721,3091023,0,1
1788840533,6183081415,3091528,0,1
1788840534,6184094023,3092034,0,1
1788840535,6185105943,3092540,0,1
1788840536,6186117314,3093046,0,1
1788840537,6187127961,3093551,0,1
1788840538,6188139280,3094057,0,1
1788840539,6189149305,3094562,0,1
1788840540,6190163999,3095069,0,1
1788840541,6191179945,3095577,0,1
1788840543,6192195186,3096085,0,1
1788840544,6193209098,3096592,0,1
1788840545,6194219380,3097097,0,1
1788840546,6195231613,3097603,0,1
1788840547,6196243738,3098109,0,1
1788840548,6197257317,3098616,0,1
1788840549,6198271160,3099123,0,1
1788840550,6199281451,3099628,0,1
1788840551,6200291137,3100133,0,1
1788840552,6201303368,3100639,0,1
1788840553,6202315549,3101145,0,1
1788840554,6203323628,3101649,0,1
1788840555,6204333637,3102154,0,1
1788840556,6205341843,3102658,0,1
1788840557,6206353716,3103164,0,1
1788840558,6207367354,3103671,0,1
1788840559,6208379574,3104177,0,1
1788840560,6209395077,3104685,0,1
1788840561,6210407757,3105191,0,1
1788840562,6211417641,3105696,0,1
1788840563,6212427817,3106201,0,1
1788840564,6213439617,3106707,0,1
1788840565,6214449704,3107212,0,1
1788840566,6215465803,3107720,0,1
1788840567,6216479499,3108227,0,1
1788840568,6217489771,3108732,0,1
1788840569,6218499647,3109237,0,1
1788840570,6219511302,3109743,0,1
1788840571,6220519580,3110247,0,1
1788840572,6221533507,3110754,0,1
1788840573,6222541872,3111258,0,1
1788840574,6223553849,3111764,0,1
1788840575,6224565719,3112270,0,1
1788840576,6225575493,3112775,0,1
1788840577,6226589386,3113282,0,1
1788840578,6227600051,3113787,0,1
1788840579,6228613287,3114294,0,1
1788840580,6229627541,3114801,0,1
1788840581,6230633715,3115304,0,1
1788840582,6231643425,3115809,0,1
1788840583,6232655386,3116315,0,1
1788840584,6233667724,3116821,0,1
1788840585,6234683937,3117329,0,1
1788840586,6235697422,3117836,0,1
1788840587,6236709389,3118342,0,1
1788840588,6237721522,3118848,0,1
1788840589,6238735106,3119355,0,1
1788840590,6239745698,3119860,0,1
1788840591,6240753972,3120364,0,1
1788840592,6241761964,3120868,0,1
1788840593,6242777583,3121376,0,1
1788840594,6243789124,3121882,0,1
1788840595,6244801377,3122388,0,1
1788840596,6245811926,3122893,0,1
1788840597,6246823600,3123399,0,1
1788840598,6247835526,3123905,0,1
1788840599,6248845916,3124410,0,1
1788840600,6249855420,3124915,0,1
1788840601,6250867529,3125421,0,1
1788840602,6251877959,3125926,0,1
1788840603,6252893160,3126434,0,1
1788840604,6253901336,3126938,0,1
1788840605,6254911315,3127443,0,1
1788840606,6255921198,3127948,0,1
1788840607,6256929901,3128452,0,1
1788840608,6257941607,3128958,0,1
1788840609,6258955625,3129465,0,1
1788840610,6259967437,3129971,0,1
1788840611,6260975494,3130475,0,1
1788840612,6261983962,3130979,0,1
1788840613,6262993449,3131484,0,1
1788840614,6264005609,3131990,0,1
1788840615,6265021188,3132498,0,1
1788840616,6266030003,3133002,0,1
1788840617,6267043179,3133509,0,1
1788840618,6268053728,3134014,0,1
1788840619,6269063465,3134519,0,1
1788840620,6270077526,3135026,0,1
1788840621,6271089959,3135532,0,1
1788840622,6272097560,3136036,0,1
1788840623,6273107948,3136541,0,1
1788840624,6274115601,3137045,0,1
1788840625,6275124007,3137549,0,1
1788840626,6276137570,3138056,0,1
1788840627,6277147766,3138561,0,1
1788840628,6278155900,3139065,0,1
1788840630,6279165319,3139570,0,1
1788840631,6280177480,3140076,0,1
1788840632,6281185576,3140580,0,1
1788840633,6282193710,3141084,0,1
1788840634,6283201445,3141588,0,1
1788840635,6284209095,3142092,0,1
1788840636,6285223156,3142599,0,1
1788840637,6286233371,3143104,0,1
1788840638,6287243644,3143609,0,1
1788840639,6288257538,3144116,0,1
1788840640,6289269383,3144622,0,1
1788840641,6290279895,3145127,0,1
1788840642,6291293563,3145634,0,1
1788840643,6292305446,3146140,0,1
1788840644,6293315498,3146645,0,1
1788840645,6294327190,3147151,0,1
1788840646,6295339781,3147657,0,1
1788840647,6296349586,3148162,0,1
1788840648,6297361370,3148668,0,1
1788840649,6298371095,3149173,0,1
1788840650,6299381439,3149678,0,1
1788840651,6300393785,3150184,0,1
1788840652,6301405525,3150690,0,1
1788840653,6302417072,3151196,0,1
1788840654,6303427015,3151701,0,1
1788840655,6304435788,3152205,0,1
1788840656,6305453176,3152714,0,1
1788840657,6306463161,3153219,0,1
1788840658,6307473216,3153724,0,1
1788840659,6308487574,3154231,0,1
1788840660,6309499288,3154737,0,1
1788840661,6310511670,3155243,0,1
1788840662,6311525321,3155750,0,1
1788840663,6312537253,3156256,0,1
1788840664,6313543980,3156759,0,1
1788840665,6314559796,3157267,0,1
1788840666,6315571916,3157773,0,1
1788840667,6316585798,3158280,0,1
1788840668,6317597384,3158786,0,1
1788840669,6318607121,3159291,0,1
1788840670,6319619834,3159797,0,1
1788840671,6320627749,3160301,0,1
1788840672,6321639916,3160807,0,1
1788840673,6322651226,3161313,0,1
1788840674,6323659904,3161817,0,1
1788840675,6324671522,3162323,0,1
1788840676,6325683125,3162829,0,1
1788840677,6326691031,3163333,0,1
1788840678,6327697475,3163836,0,1
1788840679,6328707421,3164341,0,1
1788840680,6329717440,3164846,0,1
1788840681,6330725212,3165350,0,1
1788840682,6331733624,3165854,0,1
1788840683,6332745064,3166360,0,1
1788840684,6333757124,3166866,0,1
1788840685,6334765762,3167370,0,1
1788840686,6335773617,3167874,0,1
1788840687,6336785516,3168380,0,1
1788840688,6337791808,3168883,0,1
1788840689,6338799138,3169387,0,1
1788840690,6339805877,3169890,0,1
1788840691,6340813866,3170394,0,1
1788840692,6341825747,3170900,0,1
1788840693,6342835561,3171405,0,1
1788840694,6343843197,3171909,0,1
1788840695,6344951089,3172463,0,1
1788840696,6345959586,3172967,0,1
1788840697,6346971711,3173473,0,1
1788840698,6347983125,3173979,0,1
1788840699,6348993936,3174484,0,1
1788840700,6350001578,3174988,0,1
1788840701,6351011182,3175493,0,1
1788840702,6352015689,3175995,0,1
1788840703,6353023198,3176499,0,1
1788840704,6354033893,3177004,0,1
1788840705,6355045770,3177510,0,1
1788840706,6356055449,3178015,0,1
1788840707,6357065206,3178520,0,1
1788840708,6358075235,3179025,0,1
1788840709,6359087495,3179531,0,1
1788840710,6360097356,3180036,0,1
1788840711,6361107262,3180541,0,1
1788840712,6362121579,3181048,0,1
1788840713,6363129515,3181552,0,1
1788840714,6364141208,3182058,0,1
1788840715,6365149385,3182562,0,1
1788840716,6366159453,3183067,0,1
1788840717,6367173401,3183574,0,1
1788840719,6368187313,3184081,0,1
1788840720,6369195769,3184585,0,1
1788840721,6370205208,3185090,0,1
1788840722,6371217291,3185596,0,1
1788840723,6372223595,3186099,0,1
1788840724,6373233325,3186604,0,1
1788840725,6374241828,3187108,0,1
1788840726,6375251219,3187613,0,1
1788840727,6376261833,3188118,0,1
1788840728,6377273913,3188624,0,1
1788840729,6378291627,3189133,0,1
1788840730,6379302038,3189638,0,1
1788840731,6380311575,3190143,0,1
1788840732,6381325472,3190650,0,1
1788840733,6382339088,3191157,0,1
1788840734,6383345453,3191660,0,1
1788840735,6384353461,3192164,0,1
1788840736,6385363092,3192669,0,1
1788840737,6386371246,3193173,0,1
1788840738,6387381340,3193678,0,1
1788840739,6388389464,3194182,0,1
1788840740,6389403377,3194689,0,1
1788840741,6390415826,3195195,0,1
1788840742,6391427743,3195701,0,1
1788840743,6392437524,3196206,0,1
1788840744,6393445986,3196710,0,1
1788840745,6394458029,3197216,0,1
1788840746,6395469473,3197722,0,1
1788840747,6396477103,3198226,0,1
1788840748,6397487839,3198731,0,1
1788840749,6398499526,3199237,0,1
1788840750,6399509234,3199742,0,1
1788840751,6400517533,3200246,0,1
1788840752,6401527842,3200751,0,1
1788840753,6402537108,3201256,0,1
1788840754,6403547298,3201761,0,1
1788840755,6404557640,3202266,0,1
1788840756,6405569723,3202772,0,1
1788840757,6406581996,3203278,0,1
1788840758,6407593492,3203784,0,1
1788840759,6408603538,3204289,0,1
1788840760,6409613412,3204794,0,1
1788840761,6410631268,3205303,0,1
1788840762,6411639392,3205807,0,1
1788840763,6412649617,3206312,0,1
1788840764,6413661531,3206818,0,1
1788840765,6414669193,3207322,0,1
1788840766,6415679326,3207827,0,1
1788840767,6416687579,3208331,0,1
1788840768,6417701847,3208838,0,1
1788840769,6418709432,3209342,0,1
1788840770,6419717914,3209846,0,1
1788840771,6420727874,3210351,0,1
1788840772,6421737263,3210856,0,1
1788840773,6422749564,3211362,0,1
1788840774,6423761379,3211868,0,1
1788840775,6424775442,3212375,0,1
1788840776,6425787310,3212881,0,1
1788840777,6426797607,3213386,0,1
1788840778,6427805855,3213890,0,1
1788840779,6428817695,3214396,0,1
1788840780,6429829872,3214902,0,1
1788840781,6430842027,3215408,0,1
1788840782,6431853418,3215914,0,1
1788840783,6432863604,3216419,0,1
1788840784,6433873191,3216924,0,1
1788840785,6434883763,3217429,0,1
1788840786,6435893144,3217934,0,1
1788840787,6436901722,3218438,0,1
1788840788,6437915404,3218945,0,1
1788840789,6438925314,3219450,0,1
1788840790,6439933921,3219954,0,1
1788840791,6440943936,3220459,0,1
1788840792,6442051893,3221013,0,1
1788840793,6443059446,3221517,0,1
1788840794,6444069198,3222022,0,1
1788840795,6445077846,3222526,0,1
1788840796,6446089633,3223032,0,1
1788840797,6447097500,3223536,0,1
1788840798,6448109894,3224042,0,1
1788840799,6449124030,3224549,0,1
1788840800,6450135587,3225055,0,1
1788840801,6451143828,3225559,0,1
1788840802,6452153327,3226064,0,1
1788840803,6453163052,3226569,0,1
1788840804,6454173543,3227074,0,1
1788840805,6455185328,3227580,0,1
1788840806,6456195250,3228085,0,1
1788840808,6457205192,3228590,0,1
1788840809,6458217844,3229096,0,1
1788840810,6459227706,3229601,0,1
1788840811,6460235266,3230105,0,1
1788840812,6461245446,3230610,0,1
1788840813,6462251321,3231113,0,1
1788840814,6463257314,3231616,0,1
1788840815,6464265192,3232120,0,1
1788840816,6465271468,3232623,0,1
1788840817,6466277413,3233126,0,1
1788840818,6467281875,3233628,0,1
1788840819,6468289313,3234132,0,1
1788840820,6469295589,3234635,0,1
1788840821,6470305755,3235140,0,1
1788840822,6471313189,3235644,0,1
1788840823,6472327552,3236151,0,1
1788840824,6473335256,3236655,0,1
1788840825,6474343388,3237159,0,1
1788840826,6475351449,3237663,0,1
1788840827,6476363701,3238169,0,1
1788840828,6477371803,3238673,0,1
1788840829,6478379706,3239177,0,1
1788840830,6479388089,3239681,0,1
1788840831,6480395786,3240185,0,1
1788840832,6481407487,3240691,0,1
1788840833,6482419331,3241197,0,1
1788840834,6483431867,3241703,0,1
1788840835,6484437121,3242206,0,1
1788840836,6485547085,3242761,0,1
1788840837,6486558025,3243266,0,1
1788840838,6487569636,3243772,0,1
1788840839,6488581895,3244278,0,1
1788840840,6489591900,3244783,0,1
1788840841,6490601271,3245288,0,1
1788840842,6491609894,3245792,0,1
1788840843,6492623309,3246299,0,1
1788840844,6493631585,3246803,0,1
1788840845,6494639642,3247307,0,1
1788840846,6495651413,3247813,0,1
1788840847,6496665196,3248320,0,1
1788840848,6497673603,3248824,0,1
1788840849,6498685509,3249330,0,1
1788840850,6499697838,3249836,0,1
1788840851,6500709543,3250342,0,1
1788840852,6501721230,3250848,0,1
1788840853,6502733493,3251354,0,1
1788840854,6503746024,3251860,0,1
1788840855,6504761388,3252368,0,1
1788840856,6505775790,3252875,0,1
1788840857,6506785387,3253380,0,1
1788840858,6507795717,3253885,0,1
1788840859,6508809316,3254392,0,1
1788840860,6509821526,3254898,0,1
1788840861,6510833129,3255404,0,1
1788840862,6511841469,3255908,0,1
1788840863,6512849824,3256412,0,1
1788840864,6513859020,3256917,0,1
1788840865,6514869607,3257422,0,1
1788840866,6515879578,3257927,0,1
1788840867,6516891602,3258433,0,1
1788840868,6517901184,3258938,0,1
1788840869,6518911320,3259443,0,1
1788840870,6519924032,3259949,0,1
1788840871,6520937690,3260456,0,1
1788840872,6521947671,3260961,0,1
1788840873,6522957323,3261466,0,1
1788840874,6523965233,3261970,0,1
1788840875,6524975778,3262475,0,1
1788840876,6525987759,3262981,0,1
1788840877,6527001972,3263488,0,1
1788840878,6528015567,3263995,0,1
1788840879,6529025930,3264500,0,1
1788840880,6530039695,3265007,0,1
1788840881,6531045768,3265510,0,1
1788840882,6532057318,3266016,0,1
1788840883,6533065849,3266520,0,1
1788840884,6534079133,3267027,0,1
1788840885,6535089137,3267532,0,1
1788840886,6536099551,3268037,0,1
1788840887,6537107572,3268541,0,1
1788840888,6538119139,3269047,0,1
1788840889,6539125502,3269550,0,1
1788840890,6540139257,3270057,0,1
1788840891,6541149082,3270562,0,1
1788840892,6542155250,3271065,0,1
1788840893,6543167626,3271571,0,1
1788840894,6544177769,3272076,0,1
1788840896,6545185765,3272580,0,1
1788840897,6546197805,3273086,0,1
1788840898,6547211047,3273593,0,1
1788840899,6548223587,3274099,0,1
1788840900,6549233525,3274604,0,1
1788840901,6550245237,3275110,0,1
1788840902,6551255236,3275615,0,1
1788840903,6552267117,3276121,0,1
1788840904,6553275606,3276625,0,1
1788840905,6554285128,3277130,0,1
1788840906,6555293789,3277634,0,1
1788840907,6556307272,3278141,0,1
1788840908,6557319413,3278647,0,1
1788840909,6558329760,3279152,0,1
1788840910,6559339043,3279657,0,1
1788840911,6560349375,3280162,0,1
1788840912,6561355664,3280665,0,1
1788840913,6562363479,3281169,0,1
1788840914,6563371642,3281673,0,1
1788840915,6564381319,3282178,0,1
1788840916,6565391128,3282683,0,1
1788840917,6566399614,3283187,0,1
1788840918,6567407654,3283691,0,1
1788840919,6568419803,3284197,0,1
1788840920,6569431289,3284703,0,1
1788840921,6570441532,3285208,0,1
1788840922,6571455159,3285715,0,1
1788840923,6572465635,3286220,0,1
1788840924,6573475962,3286725,0,1
1788840925,6574483837,3287229,0,1
1788840926,6575493966,3287734,0,1
1788840927,6576507316,3288241,0,1
1788840928,6577519436,3288747,0,1
1788840929,6578531434,3289253,0,1
1788840930,6579541556,3289758,0,1
1788840931,6580551923,3290263,0,1
1788840932,6581563769,3290769,0,1
1788840933,6582575599,3291275,0,1
1788840934,6583583253,3291779,0,1
1788840935,6584595310,3292285,0,1
1788840936,6585601635,3292788,0,1
1788840937,6586613242,3293294,0,1
1788840938,6587623550,3293799,0,1
1788840939,6588631655,3294303,0,1
1788840940,6589643598,3294809,0,1
1788840941,6590651839,3295313,0,1
1788840942,6591663217,3295819,0,1
1788840943,6592675058,3296325,0,1
1788840944,6593683125,3296829,0,1
1788840945,6594693570,3297334,0,1
1788840946,6595703669,3297839,0,1
1788840947,6596715288,3298345,0,1
1788840948,6597725535,3298850,0,1
1788840949,6598735873,3299355,0,1
1788840950,6599747854,3299861,0,1
1788840951,6600755744,3300365,0,1
1788840952,6601767614,3300871,0,1
1788840953,6602777719,3301376,0,1
1788840954,6603791469,3301883,0,1
1788840955,6604803185,3302389,0,1
1788840956,6605813825,3302894,0,1
1788840957,6606825069,3303400,0,1
1788840958,6607833759,3303904,0,1
1788840959,6608843618,3304409,0,1
1788840960,6609851510,3304913,0,1
1788840961,6610959903,3305467,0,1
1788840962,6611971188,3305973,0,1
1788840963,6612979616,3306477,0,1
1788840964,6613989748,3306982,0,1
1788840965,6615001558,3307488,0,1
1788840966,6616013320,3307994,0,1
1788840967,6617025186,3308500,0,1
1788840968,6618033094,3309004,0,1
1788840969,6619039552,3309507,0,1
1788840970,6620051851,3310013,0,1
1788840971,6621061088,3310518,0,1
1788840972,6622069698,3311022,0,1
1788840973,6623077450,3311526,0,1
1788840974,6624087277,3312031,0,1
1788840975,6625097092,3312536,0,1
1788840976,6626105235,3313040,0,1
1788840977,6627115791,3313545,0,1
1788840978,6628123616,3314049,0,1
1788840979,6629133627,3314554,0,1
1788840980,6630141571,3315058,0,1
1788840981,6631151785,3315563,0,1
1788840982,6632157705,3316066,0,1
1788840983,6633167578,3316571,0,1
1788840985,6634175768,3317075,0,1
1788840986,6635181702,3317578,0,1
1788840987,6636190016,3318082,0,1
1788840988,6637201518,3318588,0,1
1788840989,6638213075,3319094,0,1
1788840990,6639225317,3319600,0,1
1788840991,6640235363,3320105,0,1
1788840992,6641241383,3320608,0,1
1788840993,6642247501,3321111,0,1
1788840994,6643258002,3321616,0,1
1788840995,6644267701,3322121,0,1
1788840996,6645275188,3322625,0,1
1788840997,6646281505,3323128,0,1
1788840998,6647291664,3323633,0,1
1788840999,6648301708,3324138,0,1
1788841000,6649311388,3324643,0,1
1788841001,6650319125,3325147,0,1
1788841002,6651323410,3325649,0,1
1788841003,6652331969,3326153,0,1
1788841004,6653439395,3326707,0,1
1788841005,6654449421,3327212,0,1
1788841006,6655361516,3327668,0,1
1788841007,6656473755,3328224,0,1
1788841008,6657385726,3328680,0,1
1788841009,6658495676,3329235,0,1
1788841010,6659507220,3329741,0,1
1788841011,6660515921,3330245,0,1
1788841012,6661523812,3330749,0,1
1788841013,6662535538,3331255,0,1
1788841014,6663547938,3331761,0,1
1788841015,6664557584,3332266,0,1
1788841016,6665567323,3332771,0,1
1788841017,6666579854,3333277,0,1
1788841018,6667591711,3333783,0,1
1788841019,6668599969,3334287,0,1
1788841020,6669609361,3334792,0,1
1788841021,6670623125,3335299,0,1
1788841022,6671631801,3335803,0,1
1788841023,6672643256,3336309,0,1
1788841024,6673653284,3336814,0,1
1788841025,6674665253,3337320,0,1
1788841026,6675675232,3337825,0,1
1788841027,6676685524,3338330,0,1
1788841028,6677699406,3338837,0,1
1788841029,6678711448,3339343,0,1
1788841030,6679725518,3339850,0,1
1788841031,6680737206,3340356,0,1
1788841032,6681749237,3340862,0,1
1788841033,6682759696,3341367,0,1
1788841034,6683769813,3341872,0,1
1788841035,6684783513,3342379,0,1
1788841036,6685791615,3342883,0,1
1788841037,6686801428,3343388,0,1
1788841038,6687811129,3343893,0,1
1788841039,6688823421,3344399,0,1
1788841040,6689833743,3344904,0,1
1788841041,6690843821,3345409,0,1
1788841042,6691851996,3345913,0,1
1788841043,6692863501,3346419,0,1
1788841044,6693875874,3346925,0,1
1788841045,6694887563,3347431,0,1
1788841046,6695899553,3347937,0,1
1788841047,6696907920,3348441,0,1
1788841048,6697915163,3348945,0,1
1788841049,6698925106,3349450,0,1
1788841050,6699933355,3349954,0,1
1788841051,6700945487,3350460,0,1
1788841052,6701961582,3350968,0,1
1788841053,6702973519,3351474,0,1
1788841054,6703981343,3351978,0,1
1788841055,6704989642,3352482,0,1
1788841056,6705997958,3352986,0,1
1788841057,6707009694,3353492,0,1
1788841058,6708017946,3353996,0,1
1788841059,6709029468,3354502,0,1
1788841060,6710037127,3355006,0,1
1788841061,6711045254,3355510,0,1
1788841062,6712055158,3356015,0,1
1788841063,6713065864,3356520,0,1
1788841064,6714079760,3357027,0,1
1788841065,6715091573,3357533,0,1
1788841066,6716103916,3358039,0,1
1788841067,6717113964,3358544,0,1
1788841068,6718127280,3359051,0,1
1788841069,6719139470,3359557,0,1
1788841070,6720147348,3360061,0,1
1788841071,6721155438,3360565,0,1
1788841073,6722163669,3361069,0,1
1788841074,6723175648,3361575,0,1
1788841075,6724187622,3362081,0,1
1788841076,6725201637,3362588,0,1
1788841077,6726215189,3363095,0,1
1788841078,6727225860,3363600,0,1
1788841079,6728237871,3364106,0,1
1788841080,6729251193,3364613,0,1
1788841081,6730261359,3365118,0,1
1788841082,6731275812,3365625,0,1
1788841083,6732283978,3366129,0,1
1788841084,6733295226,3366635,0,1
1788841085,6734305640,3367140,0,1
1788841086,6735321295,3367648,0,1
1788841087,6736333843,3368154,0,1
1788841088,6737345726,3368660,0,1
1788841089,6738356092,3369165,0,1
1788841090,6739367646,3369671,0,1
1788841091,6740378014,3370176,0,1
1788841092,6741389701,3370682,0,1
1788841093,6742401461,3371188,0,1
1788841094,6743409672,3371692,0,1
1788841095,6744417826,3372196,0,1
1788841096,6745425941,3372700,0,1
1788841097,6746435809,3373205,0,1
1788841098,6747445460,3373710,0,1
1788841099,6748457933,3374216,0,1
1788841100,6749469311,3374722,0,1
1788841101,6750479696,3375227,0,1
1788841102,6751487430,3375731,0,1
1788841103,6752495646,3376235,0,1
1788841104,6753503953,3376739,0,1
1788841105,6754515771,3377245,0,1
1788841106,6755527129,3377751,0,1
1788841107,6756535823,3378255,0,1
1788841108,6757545454,3378760,0,1
1788841109,6758551307,3379263,0,1
1788841110,6759561258,3379768,0,1
1788841111,6760575378,3380275,0,1
1788841112,6761585771,3380780,0,1
1788841113,6762597219,3381286,0,1
1788841114,6763607315,3381791,0,1
1788841115,6764619591,3382297,0,1
1788841116,6765631804,3382803,0,1
1788841117,6766639890,3383307,0,1
1788841118,6767653027,3383814,0,1
1788841119,6768663929,3384319,0,1
1788841120,6769674006,3384824,0,1
1788841121,6770685489,3385330,0,1
1788841122,6771697383,3385836,0,1
1788841123,6772705404,3386340,0,1
1788841124,6773719577,3386847,0,1
1788841125,6774729530,3387352,0,1
1788841126,6775743507,3387859,0,1
1788841127,6776753113,3388364,0,1
1788841128,6777765390,3388870,0,1
1788841129,6778775370,3389375,0,1
1788841130,6779785681,3389880,0,1
1788841131,6780797567,3390386,0,1
1788841132,6781807702,3390891,0,1
1788841133,6782819501,3391397,0,1
1788841134,6783831254,3391903,0,1
1788841135,6784839843,3392407,0,1
1788841136,6785851128,3392913,0,1
1788841137,6786860032,3393417,0,1
1788841138,6787871503,3393923,0,1
1788841139,6788879753,3394427,0,1
1788841140,6789889657,3394932,0,1
1788841141,6791001247,3395488,0,1
1788841142,6792013079,3395994,0,1
1788841143,6793019602,3396497,0,1
1788841144,6794027257,3397001,0,1
1788841145,6795035258,3397505,0,1
1788841146,6796043134,3398009,0,1
1788841147,6797055727,3398515,0,1
1788841148,6798067808,3399021,0,1
1788841149,6799079327,3399527,0,1
1788841150,6800087352,3400031,0,1
1788841151,6801097670,3400536,0,1
1788841152,6802111621,3401043,0,1
1788841153,6803121513,3401548,0,1
1788841154,6804133194,3402054,0,1
1788841155,6805141372,3402558,0,1
1788841156,6806149954,3403062,0,1
1788841157,6807159885,3403567,0,1
1788841158,6808169870,3404072,0,1
1788841159,6809181719,3404578,0,1
1788841161,6810191442,3405083,0,1
1788841162,6811197933,3405586,0,1
1788841163,6812211538,3406093,0,1
1788841164,6813223610,3406599,0,1
1788841165,6814231669,3407103,0,1
1788841166,6815243489,3407609,0,1
1788841167,6816255421,3408115,0,1
1788841168,6817269058,3408622,0,1
1788841169,6818277303,3409126,0,1
1788841170,6819289728,3409632,0,1
1788841171,6820299827,3410137,0,1
1788841172,6821307475,3410641,0,1
1788841173,6822315786,3411145,0,1
1788841174,6823326030,3411650,0,1
1788841175,6824339283,3412157,0,1
1788841176,6825351055,3412663,0,1
1788841177,6826357977,3413166,0,1
1788841178,6827371425,3413673,0,1
1788841179,6828377913,3414176,0,1
1788841180,6829391749,3414683,0,1
1788841181,6830406003,3415190,0,1
1788841182,6831417390,3415696,0,1
1788841183,6832429824,3416202,0,1
1788841184,6833439423,3416707,0,1
1788841185,6834451553,3417213,0,1
1788841186,6835463895,3417719,0,1
1788841187,6836475195,3418225,0,1
1788841188,6837481562,3418728,0,1
1788841189,6838491816,3419233,0,1
1788841190,6839499712,3419737,0,1
1788841191,6840509947,3420242,0,1
1788841192,6841519684,3420747,0,1
1788841193,6842529252,3421252,0,1
1788841194,6843535440,3421755,0,1
1788841195,6844541987,3422258,0,1
1788841196,6845551918,3422763,0,1
1788841197,6846559576,3423267,0,1
1788841198,6847565377,3423770,0,1
1788841199,6848573942,3424274,0,1
1788841200,6849585508,3424780,0,1
1788841201,6850599398,3425287,0,1
1788841202,6851607448,3425791,0,1
1788841203,6852615586,3426295,0,1
1788841204,6853627391,3426801,0,1
1788841205,6854635617,3427305,0,1
1788841206,6855645715,3427810,0,1
1788841207,6856657673,3428316,0,1
1788841208,6857671730,3428823,0,1
1788841209,6858681793,3429328,0,1
1788841210,6859693540,3429834,0,1
1788841211,6860705413,3430340,0,1
1788841212,6861721276,3430848,0,1
1788841213,6862733435,3431354,0,1
1788841214,6863741573,3431858,0,1
1788841215,6864753712,3432364,0,1
1788841216,6865767147,3432871,0,1
1788841217,6866777878,3433376,0,1
1788841218,6867787183,3433881,0,1
1788841219,6868795970,3434385,0,1
1788841220,6869805360,3434890,0,1
1788841221,6870817520,3435396,0,1
1788841222,6871827816,3435901,0,1
1788841223,6872835686,3436405,0,1
1788841224,6873843516,3436909,0,1
1788841225,6874955913,3437465,0,1
1788841226,6875965968,3437970,0,1
1788841227,6876973800,3438474,0,1
1788841228,6877985574,3438980,0,1
1788841229,6878995212,3439485,0,1
1788841230,6880005352,3439990,0,1
1788841231,6881013584,3440494,0,1
1788841232,6882025668,3441000,0,1
1788841233,6883035278,3441505,0,1
1788841234,6884047785,3442011,0,1
1788841235,6885059687,3442517,0,1
1788841236,6886071590,3443023,0,1
1788841237,6887085174,3443530,0,1
1788841238,6888097306,3444036,0,1
1788841239,6889109850,3444542,0,1
1788841240,6890125191,3445050,0,1
1788841241,6891135686,3445555,0,1
1788841242,6892149695,3446062,0,1
1788841243,6893165267,3446570,0,1
1788841244,6894175833,3447075,0,1
1788841245,6895187044,3447581,0,1
1788841247,6896199088,3448087,0,1
1788841248,6897211632,3448593,0,1
1788841249,6898221975,3449098,0,1
1788841250,6899232057,3449603,0,1
1788841251,6900243710,3450109,0,1
1788841252,6901259981,3450617,0,1
1788841253,6902271649,3451123,0,1
1788841254,6903281480,3451628,0,1
1788841255,6904289304,3452132,0,1
1788841256,6905301103,3452638,0,1
1788841257,6906313258,3453144,0,1
1788841258,6907329182,3453652,0,1
1788841259,6908341224,3454158,0,1
1788841260,6909351900,3454663,0,1
1788841261,6910361789,3455168,0,1
1788841262,6911369807,3455672,0,1
1788841263,6912377862,3456176,0,1
1788841264,6913393182,3456684,0,1
1788841265,6914401574,3457188,0,1
1788841266,6915407587,3457691,0,1
1788841267,6916419922,3458197,0,1
1788841268,6917435358,3458705,0,1
1788841269,6918447522,3459211,0,1
1788841270,6919453542,3459714,0,1
1788841271,6920467188,3460221,0,1
1788841272,6921477186,3460726,0,1
1788841273,6922489529,3461232,0,1
1788841274,6923497930,3461736,0,1
1788841275,6924505510,3462240,0,1
1788841276,6925511798,3462743,0,1
1788841277,6926521259,3463248,0,1
1788841278,6927533615,3463754,0,1
1788841279,6928543316,3464259,0,1
1788841280,6929553828,3464764,0,1
1788841281,6930565904,3465270,0,1
1788841282,6931579335,3465777,0,1
1788841283,6932585949,3466280,0,1
1788841284,6933599367,3466787,0,1
1788841285,6934607829,3467291,0,1
1788841286,6935617688,3467796,0,1
1788841287,6936623965,3468299,0,1
1788841288,6937635350,3468805,0,1
1788841289,6938645187,3469310,0,1
1788841290,6939655746,3469815,0,1
1788841291,6940663613,3470319,0,1
1788841292,6941675172,3470825,0,1
1788841293,6942687145,3471331,0,1
1788841294,6943699525,3471837,0,1
1788841295,6944707038,3472341,0,1
1788841296,6945715794,3472845,0,1
1788841297,6946725831,3473350,0,1
1788841298,6947735991,3473855,0,1
1788841299,6948745265,3474360,0,1
1788841300,6949753511,3474864,0,1
1788841301,6950761397,3475368,0,1
1788841302,6951771450,3475873,0,1
1788841303,6952783013,3476379,0,1
1788841304,6953795822,3476885,0,1
1788841305,6954807722,3477391,0,1
1788841306,6955819458,3477897,0,1
1788841307,6956927830,3478451,0,1
1788841308,6957939965,3478957,0,1
1788841309,6958950008,3479462,0,1
1788841310,6959958062,3479966,0,1
1788841311,6960971902,3480473,0,1
1788841312,6961981392,3480978,0,1
1788841313,6962989391,3481482,0,1
1788841314,6963999907,3481987,0,1
1788841315,6965015578,3482495,0,1
1788841316,6966027936,3483001,0,1
1788841317,6967037921,3483506,0,1
1788841318,6968047943,3484011,0,1
1788841319,6969059450,3484517,0,1
1788841320,6970069791,3485022,0,1
1788841321,6971077255,3485526,0,1
1788841322,6972087760,3486031,0,1
1788841323,6973099518,3486537,0,1
1788841324,6974113454,3487044,0,1
1788841325,6975123582,3487549,0,1
1788841326,6976135841,3488055,0,1
1788841327,6977145357,3488560,0,1
1788841328,6978155386,3489065,0,1
1788841329,6979167632,3489571,0,1
1788841330,6980179168,3490077,0,1
1788841331,6981189511,3490582,0,1
1788841333,6982201151,3491088,0,1
1788841334,6983209824,3491592,0,1
1788841335,6984217030,3492096,0,1
1788841336,6985223735,3492599,0,1
1788841337,6986233527,3493104,0,1
1788841338,6987241126,3493608,0,1
1788841339,6988250072,3494112,0,1
1788841340,6989259481,3494617,0,1
1788841341,6990269314,3495122,0,1
1788841342,6991277639,3495626,0,1
1788841343,6992285574,3496130,0,1
1788841344,6993293725,3496634,0,1
1788841345,6994309339,3497142,0,1
1788841346,6995323561,3497649,0,1
1788841347,6996333483,3498154,0,1
1788841348,6997343938,3498659,0,1
1788841349,6998353589,3499164,0,1
1788841350,6999365063,3499670,0,1
1788841351,7000375189,3500175,0,1
1788841352,7001385336,3500680,0,1
1788841353,7002397275,3501186,0,1
1788841354,7003405570,3501690,0,1
1788841355,7004417621,3502196,0,1
1788841356,7005427565,3502701,0,1
1788841357,7006439939,3503207,0,1
1788841358,7007453575,3503714,0,1
1788841359,7008469964,3504222,0,1
1788841360,7009477916,3504726,0,1
1788841361,7010485886,3505230,0,1
1788841362,7011499994,3505737,0,1
1788841363,7012511911,3506243,0,1
1788841364,7013523372,3506749,0,1
1788841365,7014536013,3507255,0,1
1788841366,7015549257,3507762,0,1
1788841367,7016561438,3508268,0,1
1788841368,7017569573,3508772,0,1
1788841369,7018583707,3509279,0,1
1788841370,7019593204,3509784,0,1
1788841371,7020601773,3510288,0,1
1788841372,7021609467,3510792,0,1
1788841373,7022615599,3511295,0,1
1788841374,7023625309,3511800,0,1
1788841375,7024635377,3512305,0,1
1788841376,7025643486,3512809,0,1
1788841377,7026653418,3513314,0,1
1788841378,7027661391,3513818,0,1
1788841379,7028669451,3514322,0,1
1788841380,7029677526,3514826,0,1
1788841381,7030691192,3515333,0,1
1788841382,7031703711,3515839,0,1
1788841383,7032715902,3516345,0,1
1788841384,7033727084,3516851,0,1
1788841385,7034737450,3517356,0,1
1788841386,7035749113,3517862,0,1
1788841387,7036759384,3518367,0,1
1788841388,7037767166,3518871,0,1
1788841389,7038775036,3519375,0,1
1788841390,7039785698,3519880,0,1
1788841391,7040797306,3520386,0,1
1788841392,7041807399,3520891,0,1
1788841393,7042815258,3521395,0,1
1788841394,7043826025,3521900,0,1
1788841395,7044841265,3522408,0,1
1788841396,7045853406,3522914,0,1
1788841397,7046863852,3523419,0,1
1788841398,7047871836,3523923,0,1
1788841399,7048881349,3524428,0,1
1788841400,7049893256,3524934,0,1
1788841401,7050899753,3525437,0,1
1788841402,7051913528,3525944,0,1
1788841403,7052927456,3526451,0,1
1788841404,7053939398,3526957,0,1
1788841405,7054951507,3527463,0,1
1788841406,7055963759,3527969,0,1
1788841407,7056973571,3528474,0,1
1788841408,7057987585,3528981,0,1
1788841409,7058995953,3529485,0,1
1788841410,7060005595,3529990,0,1
1788841411,7061011710,3530493,0,1
1788841412,7062019098,3530997,0,1
1788841413,7063027198,3531501,0,1
1788841414,7064035321,3532005,0,1
1788841415,7065143600,3532559,0,1
1788841416,7066153748,3533064,0,1
1788841417,7067163962,3533569,0,1
1788841418,7068175880,3534075,0,1
1788841419,7069185316,3534580,0,1
1788841420,7070193355,3535084,0,1
1788841422,7071201797,3535588,0,1
1788841423,7072213351,3536094,0,1
1788841424,7073225196,3536600,0,1
1788841425,7074233840,3537104,0,1
1788841426,7075247891,3537611,0,1
1788841427,7076257269,3538116,0,1
1788841428,7077269250,3538622,0,1
1788841429,7078279200,3539127,0,1
1788841430,7079287434,3539631,0,1
1788841431,7080301305,3540138,0,1
1788841432,7081309934,3540642,0,1
1788841433,7082319666,3541147,0,1
1788841434,7083332036,3541653,0,1
1788841435,7084343451,3542159,0,1
1788841436,7085355595,3542665,0,1
1788841437,7086369574,3543172,0,1
1788841438,7087381448,3543678,0,1
1788841439,7088395328,3544185,0,1
1788841440,7089405349,3544690,0,1
1788841441,7090421213,3545198,0,1
1788841442,7091432036,3545703,0,1
1788841443,7092441707,3546208,0,1
1788841444,7093453799,3546714,0,1
1788841445,7094463814,3547219,0,1
1788841446,7095477150,3547726,0,1
1788841447,7096489387,3548232,0,1
1788841448,7097495995,3548735,0,1
1788841449,7098507611,3549241,0,1
1788841450,7099519269,3549747,0,1
1788841451,7100529507,3550252,0,1
1788841452,7101539068,3550757,0,1
1788841453,7102547773,3551261,0,1
1788841454,7103555418,3551765,0,1
1788841455,7104564017,3552269,0,1
1788841456,7105573287,3552774,0,1
1788841457,7106583515,3553279,0,1
1788841458,7107591856,3553783,0,1
1788841459,7108603763,3554289,0,1
1788841460,7109615472,3554795,0,1
1788841461,7110623892,3555299,0,1
1788841462,7111635577,3555805,0,1
1788841463,7112645868,3556310,0,1
1788841464,7113659670,3556817,0,1
1788841465,7114673377,3557324,0,1
1788841466,7115681802,3557828,0,1
1788841467,7116697484,3558336,0,1
1788841468,7117703212,3558839,0,1
1788841469,7118715320,3559345,0,1
1788841470,7119723327,3559849,0,1
1788841471,7120731835,3560353,0,1
1788841472,7121737625,3560856,0,1
1788841473,7122747317,3561361,0,1
1788841474,7123755287,3561865,0,1
1788841475,7124763845,3562369,0,1
1788841476,7125773339,3562874,0,1
1788841477,7126785696,3563380,0,1
1788841478,7127797320,3563886,0,1
1788841479,7128805255,3564390,0,1
1788841480,7129815431,3564895,0,1
1788841481,7130823324,3565399,0,1
1788841482,7131833359,3565904,0,1
1788841483,7132841102,3566408,0,1
1788841484,7133849712,3566912,0,1
1788841485,7134857441,3567416,0,1
1788841486,7135867125,3567921,0,1
1788841487,7136873832,3568424,0,1
1788841488,7137885783,3568930,0,1
1788841489,7138897422,3569436,0,1
1788841490,7139910054,3569942,0,1
1788841491,7140919535,3570447,0,1
1788841492,7141931394,3570953,0,1
1788841493,7142941088,3571458,0,1
1788841494,7143949412,3571962,0,1
1788841495,7144959448,3572467,0,1
1788841496,7145971550,3572973,0,1
1788841497,7146983167,3573479,0,1
1788841498,7147993289,3573984,0,1
1788841499,7149001557,3574488,0,1
1788841500,7150011852,3574993,0,1
1788841501,7151023898,3575499,0,1
1788841502,7152035457,3576005,0,1
1788841503,7153045451,3576510,0,1
1788841504,7154053825,3577014,0,1
1788841505,7155063894,3577519,0,1
1788841506,7156071848,3578023,0,1
1788841507,7157081517,3578528,0,1
1788841508,7158091766,3579033,0,1
1788841509,7159103584,3579539,0,1
1788841510,7160113545,3580044,0,1
1788841512,7161125684,3580550,0,1
1788841513,7162133736,3581054,0,1
1788841514,7163147521,3581561,0,1
1788841515,7164155427,3582065,0,1
1788841516,7165163542,3582569,0,1
1788841517,7166173894,3583074,0,1
1788841518,7167183686,3583579,0,1
1788841519,7168195814,3584085,0,1
1788841520,7169209157,3584592,0,1
1788841521,7170220005,3585097,0,1
1788841522,7171235289,3585605,0,1
1788841523,7172247072,3586111,0,1
1788841524,7173259738,3586617,0,1
1788841525,7174273484,3587124,0,1
1788841526,7175283934,3587629,0,1
1788841527,7176291375,3588133,0,1
1788841528,7177305598,3588640,0,1
1788841529,7178317889,3589146,0,1
1788841530,7179329508,3589652,0,1
1788841531,7180341282,3590158,0,1
1788841532,7181351316,3590663,0,1
1788841533,7182363381,3591169,0,1
1788841534,7183375979,3591675,0,1
1788841535,7184387751,3592181,0,1
1788841536,7185401261,3592688,0,1
1788841537,7186411646,3593193,0,1
1788841538,7187421772,3593698,0,1
1788841539,7188431883,3594203,0,1
1788841540,7189441965,3594708,0,1
1788841541,7190453473,3595214,0,1
1788841542,7191465124,3595720,0,1
1788841543,7192473773,3596224,0,1
1788841544,7193485385,3596730,0,1
1788841545,7194495891,3597235,0,1
1788841546,7195509866,3597742,0,1
1788841547,7196521646,3598248,0,1
1788841548,7197533406,3598754,0,1
1788841549,7198543279,3599259,0,1
1788841550,7199551910,3599763,0,1
1788841551,7200563237,3600269,0,1
1788841552,7201573559,3600774,0,1
1788841553,7202587425,3601281,0,1
1788841554,7203597699,3601786,0,1
1788841555,7204609376,3602292,0,1
1788841556,7205617303,3602796,0,1
1788841557,7206625709,3603300,0,1
1788841558,7207635939,3603805,0,1
1788841559,7208647192,3604311,0,1
1788841560,7209757122,3604866,0,1
1788841561,7210767436,3605371,0,1
1788841562,7211775133,3605875,0,1
1788841563,7212785307,3606380,0,1
1788841564,7213799193,3606887,0,1
1788841565,7214811194,3607393,0,1
1788841566,7215823703,3607899,0,1
1788841567,7216829962,3608402,0,1
1788841568,7217837332,3608906,0,1
1788841569,7218845045,3609410,0,1
1788841570,7219859272,3609917,0,1
1788841571,7220869434,3610422,0,1
1788841572,7221879287,3610927,0,1
1788841573,7222885412,3611430,0,1
1788841574,7223893770,3611934,0,1
1788841575,7224901713,3612438,0,1
1788841576,7225911755,3612943,0,1
1788841577,7226921650,3613448,0,1
1788841578,7227934008,3613954,0,1
1788841579,7228943568,3614459,0,1
1788841580,7229953511,3614964,0,1
1788841581,7230965416,3615470,0,1
1788841582,7231973845,3615974,0,1
1788841583,7232985989,3616480,0,1
1788841584,7233999255,3616987,0,1
1788841585,7235009796,3617492,0,1
1788841586,7236017934,3617996,0,1
1788841587,7237025904,3618500,0,1
1788841588,7238039320,3619007,0,1
1788841589,7239047826,3619511,0,1
1788841590,7240059472,3620017,0,1
1788841591,7241071964,3620523,0,1
1788841592,7242085047,3621030,0,1
1788841593,7243091551,3621533,0,1
1788841594,7244099592,3622037,0,1
1788841595,7245111722,3622543,0,1
1788841596,7246123915,3623049,0,1
1788841597,7247133977,3623554,0,1
1788841598,7248143605,3624059,0,1
1788841599,7249155188,3624565,0,1
1788841601,7250166004,3625070,0,1
1788841602,7251177900,3625576,0,1
1788841603,7252187378,3626081,0,1
1788841604,7253197694,3626586,0,1
1788841605,7254205110,3627090,0,1
1788841606,7255215126,3627595,0,1
1788841607,7256225306,3628100,0,1
1788841608,7257233469,3628604,0,1
1788841609,7258243066,3629109,0,1
1788841610,7259253835,3629614,0,1
1788841611,7260263441,3630119,0,1
1788841612,7261273298,3630624,0,1
1788841613,7262283453,3631129,0,1
1788841614,7263291254,3631633,0,1
1788841615,7264301600,3632138,0,1
1788841616,7265315528,3632645,0,1
1788841617,7266325677,3633150,0,1
1788841618,7267337606,3633656,0,1
1788841619,7268355561,3634165,0,1
1788841620,7269365565,3634670,0,1
1788841621,7270375734,3635175,0,1
1788841622,7271387539,3635681,0,1
1788841623,7272399868,3636187,0,1
1788841624,7273409596,3636692,0,1
1788841625,7274419485,3637197,0,1
1788841626,7275429517,3637702,0,1
1788841627,7276437450,3638206,0,1
1788841628,7277447664,3638711,0,1
1788841629,7278457910,3639216,0,1
1788841630,7279467968,3639721,0,1
1788841631,7280481107,3640228,0,1
1788841632,7281487872,3640731,0,1
1788841633,7282499130,3641237,0,1
1788841634,7283509932,3641742,0,1
1788841635,7284521674,3642248,0,1
1788841636,7285533327,3642754,0,1
1788841637,7286545298,3643260,0,1
1788841638,7287553971,3643764,0,1
1788841639,7288561019,3644268,0,1
1788841640,7289567833,3644771,0,1
1788841641,7290579173,3645277,0,1
1788841642,7291589254,3645782,0,1
1788841643,7292599259,3646287,0,1
1788841644,7293607759,3646791,0,1
1788841645,7294619467,3647297,0,1
1788841646,7295631332,3647803,0,1
1788841647,7296739963,3648357,0,1
1788841648,7297653576,3648814,0,1
1788841649,7298663476,3649319,0,1
1788841650,7299673246,3649824,0,1
1788841651,7300785231,3650380,0,1
1788841652,7301793476,3650884,0,1
1788841653,7302801385,3651388,0,1
1788841654,7303809555,3651892,0,1
1788841655,7304817723,3652396,0,1
1788841656,7305825849,3652900,0,1
1788841657,7306835701,3653405,0,1
1788841658,7307846022,3653910,0,1
1788841659,7308857440,3654416,0,1
1788841660,7309865287,3654920,0,1
1788841661,7310875291,3655425,0,1
1788841662,7311887580,3655931,0,1
1788841663,7312895821,3656435,0,1
1788841664,7313905329,3656940,0,1
1788841665,7314915892,3657445,0,1
1788841666,7315927693,3657951,0,1
1788841667,7316937714,3658456,0,1
1788841668,7317951120,3658963,0,1
1788841669,7318959740,3659467,0,1
1788841670,7319967865,3659971,0,1
1788841671,7320979104,3660477,0,1
1788841672,7321989118,3660982,0,1
1788841673,7323001384,3661488,0,1
1788841674,7324011056,3661993,0,1
1788841675,7325019310,3662497,0,1
1788841676,7326031260,3663003,0,1
1788841677,7327041400,3663508,0,1
1788841678,7328049725,3664012,0,1
1788841679,7329061867,3664518,0,1
1788841680,7330071837,3665023,0,1
1788841681,7331083257,3665529,0,1
1788841682,7332093836,3666034,0,1
1788841683,7333105059,3666540,0,1
1788841684,7334115690,3667045,0,1
1788841685,7335123579,3667549,0,1
1788841686,7336131078,3668053,0,1
1788841687,7337139639,3668557,0,1
1788841688,7338149797,3669062,0,1
1788841689,7339159850,3669567,0,1
1788841691,7340171292,3670073,0,1
1788841692,7341179659,3670577,0,1
1788841693,7342189909,3671082,0,1
1788841694,7343199658,3671587,0,1
1788841695,7344213822,3672094,0,1
1788841696,7345223491,3672599,0,1
1788841697,7346235001,3673105,0,1
1788841698,7347243875,3673609,0,1
1788841699,7348251852,3674113,0,1
1788841700,7349264099,3674619,0,1
1788841701,7350277253,3675126,0,1
1788841702,7351285576,3675630,0,1
1788841703,7352297882,3676136,0,1
1788841704,7353310005,3676642,0,1
1788841705,7354323692,3677149,0,1
1788841706,7355337482,3677656,0,1
1788841707,7356349688,3678162,0,1
1788841708,7357362019,3678668,0,1
1788841709,7358371381,3679173,0,1
1788841710,7359383068,3679679,0,1
1788841711,7360393814,3680184,0,1
1788841712,7361405690,3680690,0,1
1788841713,7362415863,3681195,0,1
1788841714,7363425126,3681700,0,1
1788841715,7364431457,3682203,0,1
1788841716,7365445315,3682710,0,1
1788841717,7366459188,3683217,0,1
1788841718,7367471407,3683723,0,1
1788841719,7368481301,3684228,0,1
1788841720,7369487568,3684731,0,1
1788841721,7370497786,3685236,0,1
1788841722,7371511446,3685743,0,1
1788841723,7372521349,3686248,0,1
1788841724,7373529715,3686752,0,1
1788841725,7374541629,3687258,0,1
1788841726,7375557840,3687766,0,1
1788841727,7376567338,3688271,0,1
1788841728,7377579064,3688777,0,1
1788841729,7378589065,3689282,0,1
1788841730,7379603288,3689789,0,1
1788841731,7380613770,3690294,0,1
1788841732,7381621651,3690798,0,1
1788841733,7382629771,3691302,0,1
1788841734,7383643318,3691809,0,1
1788841735,7384655946,3692315,0,1
1788841736,7385667145,3692821,0,1
1788841737,7386681499,3693328,0,1
1788841738,7387691698,3693833,0,1
1788841739,7388705788,3694340,0,1
1788841740,7389719758,3694847,0,1
1788841741,7390731541,3695353,0,1
1788841742,7391743674,3695859,0,1
1788841743,7392755094,3696365,0,1
1788841744,7393765945,3696870,0,1
1788841745,7394779753,3697377,0,1
1788841746,7395789641,3697882,0,1
1788841747,7396799969,3698387,0,1
1788841748,7397810024,3698892,0,1
1788841749,7398825354,3699400,0,1
1788841750,7399835356,3699905,0,1
1788841751,7400845416,3700410,0,1
1788841752,7401855299,3700915,0,1
1788841753,7402865748,3701420,0,1
1788841754,7403877191,3701926,0,1
1788841755,7404891321,3702433,0,1
1788841756,7405901343,3702938,0,1
1788841757,7406913547,3703444,0,1
1788841758,7407925456,3703950,0,1
1788841759,7408934084,3704454,0,1
1788841760,7409947379,3704961,0,1
1788841761,7410959637,3705467,0,1
1788841762,7411971956,3705973,0,1
1788841763,7412979956,3706477,0,1
1788841764,7413991331,3706983,0,1
1788841765,7415001070,3707488,0,1
1788841766,7416011894,3707993,0,1
1788841767,7417021646,3708498,0,1
1788841768,7418035534,3709005,0,1
1788841769,7419049908,3709512,0,1
1788841770,7420065905,3710020,0,1
1788841771,7421075372,3710525,0,1
1788841772,7422085505,3711030,0,1
1788841773,7423091898,3711533,0,1
1788841774,7424099189,3712037,0,1
1788841775,7425111653,3712543,0,1
1788841776,7426117969,3713046,0,1
1788841777,7427127942,3713551,0,1
1788841779,7428137127,3714056,0,1
1788841780,7429143708,3714559,0,1
1788841781,7430153127,3715064,0,1
1788841782,7431165128,3715570,0,1
1788841783,7432175128,3716075,0,1
1788841784,7433183529,3716579,0,1
1788841785,7434195414,3717085,0,1
1788841786,7435209273,3717592,0,1
1788841787,7436219771,3718097,0,1
1788841788,7437233162,3718604,0,1
1788841789,7438247753,3719111,0,1
1788841790,7439257413,3719616,0,1
1788841791,7440269775,3720122,0,1
1788841792,7441279961,3720627,0,1
1788841793,7442285758,3721130,0,1
1788841794,7443291762,3721633,0,1
1788841795,7444303503,3722139,0,1
1788841796,7445413442,3722694,0,1
1788841797,7446419392,3723197,0,1
1788841798,7447429136,3723702,0,1
1788841799,7448437220,3724206,0,1
1788841800,7449450036,3724712,0,1
1788841801,7450459156,3725217,0,1
1788841802,7451469512,3725722,0,1
1788841803,7452479959,3726227,0,1
1788841804,7453493190,3726734,0,1
1788841805,7454505521,3727240,0,1
1788841806,7455519367,3727747,0,1
1788841807,7456533799,3728254,0,1
1788841808,7457547297,3728761,0,1
1788841809,7458557589,3729266,0,1
1788841810,7459571764,3729773,0,1
1788841811,7460482983,3730229,0,1
1788841812,7461495169,3730735,0,1
1788841813,7462507789,3731241,0,1
1788841814,7463521402,3731748,0,1
1788841815,7464533957,3732254,0,1
1788841816,7465551305,3732763,0,1
1788841817,7466565655,3733270,0,1
1788841818,7467575941,3733775,0,1
1788841819,7468591073,3734283,0,1
1788841820,7469599231,3734787,0,1
1788841821,7470613186,3735294,0,1
1788841822,7471623355,3735799,0,1
1788841823,7472635146,3736305,0,1
1788841824,7473643937,3736809,0,1
1788841825,7474655282,3737315,0,1
1788841826,7475663970,3737819,0,1
1788841827,7476671384,3738323,0,1
1788841828,7477681336,3738828,0,1
1788841829,7478695563,3739335,0,1
1788841830,7479709855,3739842,0,1
1788841831,7480721095,3740348,0,1
1788841832,7481731299,3740853,0,1
1788841833,7482743186,3741359,0,1
1788841834,7483755647,3741865,0,1
1788841835,7484765642,3742370,0,1
1788841836,7485777468,3742876,0,1
1788841837,7486789076,3743382,0,1
1788841838,7487797954,3743886,0,1
1788841839,7488807537,3744391,0,1
1788841840,7489816007,3744895,0,1
1788841841,7490927559,3745451,0,1
1788841842,7491933999,3745954,0,1
1788841843,7492945481,3746460,0,1
1788841844,7493951348,3746963,0,1
1788841845,7494963983,3747469,0,1
1788841846,7495975712,3747975,0,1
1788841847,7496985677,3748480,0,1
1788841848,7497995589,3748985,0,1
1788841849,7499007125,3749491,0,1
1788841850,7500021903,3749998,0,1
1788841851,7501033682,3750504,0,1
1788841852,7502043159,3751009,0,1
1788841853,7503051834,3751513,0,1
1788841854,7504061769,3752018,0,1
1788841855,7505073388,3752524,0,1
1788841856,7506083102,3753029,0,1
1788841857,7507095342,3753535,0,1
1788841858,7508103884,3754039,0,1
1788841859,7509117767,3754546,0,1
1788841860,7510127814,3755051,0,1
1788841861,7511137999,3755556,0,1
1788841862,7512149798,3756062,0,1
1788841863,7513163453,3756569,0,1
1788841864,7514175710,3757075,0,1
1788841865,7515183640,3757579,0,1
1788841867,7516191098,3758083,0,1
1788841868,7517199735,3758587,0,1
1788841869,7518211576,3759093,0,1
1788841870,7519221814,3759598,0,1
1788841871,7520231184,3760103,0,1
1788841872,7521241116,3760608,0,1
1788841873,7522249722,3761112,0,1
1788841874,7523257772,3761616,0,1
1788841875,7524269748,3762122,0,1
1788841876,7525277747,3762626,0,1
1788841877,7526289951,3763132,0,1
1788841878,7527301279,3763638,0,1
1788841879,7528309590,3764142,0,1
1788841880,7529321215,3764648,0,1
1788841881,7530331414,3765153,0,1
1788841882,7531345449,3765660,0,1
1788841883,7532359685,3766167,0,1
1788841884,7533367972,3766671,0,1
1788841885,7534379265,3767177,0,1
1788841886,7535387212,3767681,0,1
1788841887,7536397256,3768186,0,1
1788841888,7537409398,3768692,0,1
1788841889,7538421204,3769198,0,1
1788841890,7539429529,3769702,0,1
1788841891,7540437196,3770206,0,1
1788841892,7541443864,3770709,0,1
1788841893,7542455494,3771215,0,1
1788841894,7543463701,3771719,0,1
1788841895,7544471371,3772223,0,1
1788841896,7545477631,3772726,0,1
1788841897,7546485509,3773230,0,1
1788841898,7547497638,3773736,0,1
1788841899,7548505219,3774240,0,1
1788841900,7549517251,3774746,0,1
1788841901,7550527438,3775251,0,1
1788841902,7551537475,3775756,0,1
1788841903,7552549384,3776262,0,1
1788841904,7553561309,3776768,0,1
1788841905,7554571770,3777273,0,1
1788841906,7555681443,3777828,0,1
1788841907,7556691593,3778333,0,1
1788841908,7557701858,3778838,0,1
1788841909,7558713526,3779344,0,1
1788841910,7559727204,3779851,0,1
1788841911,7560736007,3780355,0,1
1788841912,7561743381,3780859,0,1
1788841913,7562751382,3781363,0,1
1788841914,7563763101,3781869,0,1
1788841915,7564773130,3782374,0,1
1788841916,7565779949,3782877,0,1
1788841917,7566793775,3783384,0,1
1788841918,7567809774,3783892,0,1
1788841919,7568823648,3784399,0,1
1788841920,7569833215,3784904,0,1
1788841921,7570843254,3785409,0,1
1788841922,7571853097,3785914,0,1
1788841923,7572861873,3786418,0,1
1788841924,7573877291,3786926,0,1
1788841925,7574889737,3787432,0,1
1788841926,7575901387,3787938,0,1
1788841927,7576907615,3788441,0,1
1788841928,7577917852,3788946,0,1
1788841929,7578929217,3789452,0,1
1788841930,7579941190,3789958,0,1
1788841931,7580951560,3790463,0,1
1788841932,7581967478,3790971,0,1
1788841933,7582977862,3791476,0,1
1788841934,7583983894,3791979,0,1
1788841935,7584993084,3792484,0,1
1788841936,7586003970,3792989,0,1
1788841937,7587013837,3793494,0,1
1788841938,7588021844,3793998,0,1
1788841939,7589031207,3794503,0,1
1788841940,7590039963,3795007,0,1
1788841941,7591049932,3795512,0,1
1788841942,7592057774,3796016,0,1
1788841943,7593069281,3796522,0,1
1788841944,7594081640,3797028,0,1
1788841945,7595089317,3797532,0,1
1788841946,7596101606,3798038,0,1
1788841947,7597115884,3798545,0,1
1788841948,7598125196,3799050,0,1
1788841949,7599137314,3799556,0,1
1788841950,7600149958,3800062,0,1
1788841951,7601157855,3800566,0,1
1788841953,7602168025,3801071,0,1
1788841954,7603179718,3801577,0,1
1788841955,7604191908,3802083,0,1
1788841956,7605201850,3802588,0,1
1788841957,7606213414,3803094,0,1
1788841958,7607223640,3803599,0,1
1788841959,7608233936,3804104,0,1
1788841960,7609245387,3804610,0,1
1788841961,7610253510,3805114,0,1
1788841962,7611263332,3805619,0,1
1788841963,7612271071,3806123,0,1
1788841964,7613277462,3806626,0,1
1788841965,7614283898,3807129,0,1
1788841966,7615291644,3807633,0,1
1788841967,7616299995,3808137,0,1
1788841968,7617311986,3808643,0,1
1788841969,7618321647,3809148,0,1
1788841970,7619331651,3809653,0,1
1788841971,7620339557,3810157,0,1
1788841972,7621349736,3810662,0,1
1788841973,7622361569,3811168,0,1
1788841974,7623371942,3811673,0,1
1788841975,7624383843,3812179,0,1
1788841976,7625393642,3812684,0,1
1788841977,7626405190,3813190,0,1
1788841978,7627415668,3813695,0,1
1788841979,7628427839,3814201,0,1
1788841980,7629437831,3814706,0,1
1788841981,7630451279,3815213,0,1
1788841982,7631461713,3815718,0,1
1788841983,7632471958,3816223,0,1
1788841984,7633485498,3816730,0,1
1788841985,7634495825,3817235,0,1
1788841986,7635509195,3817742,0,1
1788841987,7636519581,3818247,0,1
1788841988,7637529784,3818752,0,1
1788841989,7638543764,3819259,0,1
1788841990,7639555142,3819765,0,1
1788841991,7640565342,3820270,0,1
1788841992,7641575614,3820775,0,1
1788841993,7642587743,3821281,0,1
1788841994,7643601337,3821788,0,1
1788841995,7644611948,3822293,0,1
1788841996,7645619737,3822797,0,1
1788841997,7646629299,3823302,0,1
1788841998,7647639643,3823807,0,1
1788841999,7648647682,3824311,0,1
1788842000,7649657845,3824816,0,1
1788842001,7650765915,3825370,0,1
1788842002,7651777357,3825876,0,1
1788842003,7652787284,3826381,0,1
1788842004,7653799535,3826887,0,1
1788842005,7654811908,3827393,0,1
1788842006,7655823131,3827899,0,1
1788842007,7656835403,3828405,0,1
1788842008,7657845622,3828910,0,1
1788842009,7658857527,3829416,0,1
1788842010,7659867862,3829921,0,1
1788842011,7660881934,3830428,0,1
1788842012,7661891083,3830933,0,1
1788842013,7662897494,3831436,0,1
1788842014,7663909535,3831942,0,1
1788842015,7664919700,3832447,0,1
1788842016,7665927970,3832951,0,1
1788842017,7666937571,3833456,0,1
1788842018,7667945865,3833960,0,1
1788842019,7668955955,3834465,0,1
1788842020,7669967210,3834971,0,1
1788842021,7670977489,3835476,0,1
1788842022,7671985223,3835980,0,1
1788842023,7672997550,3836486,0,1
1788842024,7674011907,3836993,0,1
1788842025,7675021719,3837498,0,1
1788842026,7676033309,3838004,0,1
1788842027,7677041677,3838508,0,1
1788842028,7678053639,3839014,0,1
1788842029,7679063286,3839519,0,1
1788842030,7680073127,3840024,0,1
1788842031,7681081580,3840528,0,1
1788842032,7682089638,3841032,0,1
1788842033,7683097594,3841536,0,1
1788842034,7684103799,3842039,0,1
1788842035,7685119709,3842547,0,1
1788842036,7686127707,3843051,0,1
1788842037,7687141473,3843558,0,1
1788842039,7688153906,3844064,0,1
1788842040,7689165694,3844570,0,1
1788842041,7690179926,3845077,0,1
1788842042,7691191902,3845583,0,1
1788842043,7692205576,3846090,0,1
1788842044,7693217977,3846596,0,1
1788842045,7694227386,3847101,0,1
1788842046,7695237800,3847606,0,1
1788842047,7696247836,3848111,0,1
1788842048,7697255514,3848615,0,1
1788842049,7698265783,3849120,0,1
1788842050,7699277247,3849626,0,1
1788842051,7700285601,3850130,0,1
1788842052,7701293146,3850634,0,1
1788842053,7702299584,3851137,0,1
1788842054,7703307600,3851641,0,1
1788842055,7704319507,3852147,0,1
1788842056,7705331454,3852653,0,1
1788842057,7706341802,3853158,0,1
1788842058,7707351686,3853663,0,1
1788842059,7708363324,3854169,0,1
1788842060,7709375800,3854675,0,1
1788842061,7710389126,3855182,0,1
1788842062,7711397871,3855686,0,1
1788842063,7712413137,3856194,0,1
1788842064,7713423336,3856699,0,1
1788842065,7714431941,3857203,0,1
1788842066,7715443332,3857709,0,1
1788842067,7716451641,3858213,0,1
1788842068,7717463711,3858719,0,1
1788842069,7718473806,3859224,0,1
1788842070,7719487438,3859731,0,1
1788842071,7720499600,3860237,0,1
1788842072,7721510010,3860742,0,1
1788842073,7722521537,3861248,0,1
1788842074,7723531407,3861753,0,1
1788842075,7724543517,3862259,0,1
1788842076,7725555371,3862765,0,1
1788842077,7726567326,3863271,0,1
1788842078,7727581708,3863778,0,1
1788842079,7728593724,3864284,0,1
1788842080,7729607105,3864791,0,1
1788842081,7730617580,3865296,0,1
1788842082,7731627521,3865801,0,1
1788842083,7732641153,3866308,0,1
1788842084,7733651940,3866813,0,1
1788842085,7734663378,3867319,0,1
1788842086,7735673393,3867824,0,1
1788842087,7736685051,3868330,0,1
1788842088,7737691774,3868833,0,1
1788842089,7738701324,3869338,0,1
1788842090,7739713332,3869844,0,1
1788842091,7740723666,3870349,0,1
1788842092,7741735593,3870855,0,1
1788842093,7742745449,3871360,0,1
1788842094,7743757250,3871866,0,1
1788842095,7744763392,3872369,0,1
1788842096,7745769711,3872872,0,1
1788842097,7746783335,3873379,0,1
1788842098,7747793852,3873884,0,1
1788842099,7748805438,3874390,0,1
1788842100,7749815579,3874895,0,1
1788842101,7750827082,3875401,0,1
1788842102,7751837803,3875906,0,1
1788842103,7752845377,3876410,0,1
1788842104,7753957204,3876966,0,1
1788842105,7754965737,3877470,0,1
1788842106,7755975136,3877975,0,1
1788842107,7756981572,3878478,0,1
1788842108,7757991883,3878983,0,1
1788842109,7759003279,3879489,0,1
1788842110,7760015300,3879995,0,1
1788842111,7761027851,3880501,0,1
1788842112,7762037129,3881006,0,1
1788842113,7763047727,3881511,0,1
1788842114,7764057088,3882016,0,1
1788842115,7765067447,3882521,0,1
1788842116,7766077584,3883026,0,1
1788842117,7767085937,3883530,0,1
1788842118,7768099799,3884037,0,1
1788842119,7769107977,3884541,0,1
1788842120,7770117762,3885046,0,1
1788842121,7771125571,3885550,0,1
1788842122,7772135834,3886055,0,1
1788842123,7773145255,3886560,0,1
1788842124,7774153393,3887064,0,1
1788842125,7775159965,3887567,0,1
1788842127,7776175417,3888075,0,1
1788842128,7777187713,3888581,0,1
1788842129,7778197294,3889086,0,1
1788842130,7779205529,3889590,0,1
1788842131,7780215389,3890095,0,1
1788842132,7781226012,3890600,0,1
1788842133,7782241044,3891108,0,1
1788842134,7783251953,3891613,0,1
1788842135,7784261277,3892118,0,1
1788842136,7785267591,3892621,0,1
1788842137,7786277851,3893126,0,1
1788842138,7787289327,3893632,0,1
1788842139,7788299171,3894137,0,1
1788842140,7789309818,3894642,0,1
1788842141,7790319970,3895147,0,1
1788842142,7791333320,3895654,0,1
1788842143,7792345331,3896160,0,1
1788842144,7793353942,3896664,0,1
1788842145,7794365161,3897170,0,1
1788842146,7795375331,3897675,0,1
1788842147,7796387337,3898181,0,1
1788842148,7797393780,3898684,0,1
1788842149,7798403744,3899189,0,1
1788842150,7799413855,3899694,0,1
1788842151,7800423979,3900199,0,1
1788842152,7801433341,3900704,0,1
1788842153,7802445910,3901210,0,1
1788842154,7803453967,3901714,0,1
1788842155,7804465769,3902220,0,1
1788842156,7805475757,3902725,0,1
1788842157,7806491501,3903233,0,1
1788842158,7807501430,3903738,0,1
1788842159,7808513640,3904244,0,1
1788842160,7809523989,3904749,0,1
1788842161,7810533069,3905254,0,1
1788842162,7811545765,3905760,0,1
1788842163,7812555979,3906265,0,1
1788842164,7813565941,3906770,0,1
1788842165,7814577470,3907276,0,1
1788842166,7815589671,3907782,0,1
1788842167,7816603431,3908289,0,1
1788842168,7817611419,3908793,0,1
1788842169,7818623806,3909299,0,1
1788842170,7819631385,3909803,0,1
1788842171,7820645759,3910310,0,1
1788842172,7821655394,3910815,0,1
1788842173,7822665646,3911320,0,1
1788842174,7823673494,3911824,0,1
1788842175,7824679379,3912327,0,1
1788842176,7825689880,3912832,0,1
1788842177,7826699317,3913337,0,1
1788842178,7827709926,3913842,0,1
1788842179,7828715778,3914345,0,1
1788842180,7829721609,3914848,0,1
1788842181,7830731458,3915353,0,1
1788842182,7831745463,3915860,0,1
1788842183,7832754010,3916364,0,1
1788842184,7833763850,3916869,0,1
1788842185,7834773814,3917374,0,1
1788842186,7835781857,3917878,0,1
1788842187,7836893818,3918434,0,1
1788842188,7837903358,3918939,0,1
1788842189,7838915035,3919445,0,1
1788842190,7839925713,3919950,0,1
1788842191,7840841390,3920408,0,1
1788842192,7841953817,3920964,0,1
1788842193,7842965626,3921470,0,1
1788842194,7843976024,3921975,0,1
1788842195,7844887800,3922431,0,1
1788842196,7845999588,3922987,0,1
1788842197,7846911762,3923443,0,1
1788842198,7847921515,3923948,0,1
1788842199,7849033085,3924504,0,1
1788842200,7850039849,3925007,0,1
1788842201,7851049581,3925512,0,1
1788842202,7852059044,3926017,0,1
1788842203,7853065930,3926520,0,1
1788842204,7854075936,3927025,0,1
1788842205,7855087342,3927531,0,1
1788842206,7856097180,3928036,0,1
1788842207,7857109271,3928542,0,1
1788842208,7858121394,3929048,0,1
1788842209,7859131795,3929553,0,1
1788842210,7860139576,3930057,0,1
1788842211,7861151301,3930563,0,1
1788842212,7862163862,3931069,0,1
1788842213,7863173618,3931574,0,1
1788842214,7864187699,3932081,0,1
1788842215,7865201405,3932588,0,1
1788842217,7866213442,3933094,0,1
1788842218,7867221776,3933598,0,1
1788842219,7868231565,3934103,0,1
1788842220,7869241955,3934608,0,1
1788842221,7870253110,3935114,0,1
1788842222,7871263458,3935619,0,1
1788842223,7872273346,3936124,0,1
1788842224,7873281327,3936628,0,1
1788842225,7874289690,3937132,0,1
1788842226,7875301654,3937638,0,1
1788842227,7876313405,3938144,0,1
1788842228,7877323563,3938649,0,1
1788842229,7878333112,3939154,0,1
1788842230,7879339393,3939657,0,1
1788842231,7880351283,3940163,0,1
1788842232,7881361341,3940668,0,1
1788842233,7882371307,3941173,0,1
1788842234,7883379968,3941677,0,1
1788842235,7884389392,3942182,0,1
1788842236,7885401967,3942688,0,1
1788842237,7886413915,3943194,0,1
1788842238,7887425530,3943700,0,1
1788842239,7888433689,3944204,0,1
1788842240,7889445201,3944710,0,1
1788842241,7890453341,3945214,0,1
1788842242,7891465708,3945720,0,1
1788842243,7892479510,3946227,0,1
1788842244,7893489596,3946732,0,1
1788842245,7894498001,3947236,0,1
1788842246,7895507681,3947741,0,1
1788842247,7896517085,3948246,0,1
1788842248,7897525883,3948750,0,1
1788842249,7898537837,3949256,0,1
1788842250,7899551669,3949763,0,1
1788842251,7900565162,3950270,0,1
1788842252,7901577245,3950776,0,1
1788842253,7902583878,3951279,0,1
1788842254,7903593404,3951784,0,1
1788842255,7904601707,3952288,0,1
1788842256,7905611861,3952793,0,1
1788842257,7906621523,3953298,0,1
1788842258,7907635644,3953805,0,1
1788842259,7908647799,3954311,0,1
1788842260,7909659425,3954817,0,1
1788842261,7910667083,3955321,0,1
1788842262,7911673597,3955824,0,1
1788842263,7912679938,3956327,0,1
1788842264,7913693103,3956834,0,1
1788842265,7914705864,3957340,0,1
1788842266,7915715391,3957845,0,1
1788842267,7916727311,3958351,0,1
1788842268,7917737747,3958856,0,1
1788842269,7918751649,3959363,0,1
1788842270,7919761532,3959868,0,1
1788842271,7920771626,3960373,0,1
1788842272,7921783461,3960879,0,1
1788842273,7922793218,3961384,0,1
1788842274,7923801576,3961888,0,1
1788842275,7924811445,3962393,0,1
1788842276,7925817708,3962896,0,1
1788842277,7926829962,3963402,0,1
1788842278,7927839090,3963907,0,1
1788842279,7928847829,3964411,0,1
1788842280,7929859448,3964917,0,1
1788842281,7930871058,3965423,0,1
1788842282,7931883126,3965929,0,1
1788842283,7932891270,3966433,0,1
1788842284,7933901863,3966938,0,1
1788842285,7934909931,3967442,0,1
1788842286,7935919361,3967947,0,1
1788842287,7936927573,3968451,0,1
1788842288,7938037574,3969006,0,1
1788842289,7939045835,3969510,0,1
1788842290,7940057623,3970016,0,1
1788842291,7941067854,3970521,0,1
1788842292,7942083042,3971029,0,1
1788842293,7943093859,3971534,0,1
1788842294,7944105554,3972040,0,1
1788842295,7945117190,3972546,0,1
1788842296,7946127096,3973051,0,1
1788842297,7947139048,3973557,0,1
1788842298,7948153215,3974064,0,1
1788842299,7949163819,3974569,0,1
1788842300,7950175164,3975075,0,1
1788842301,7951185740,3975580,0,1
1788842303,7952191815,3976083,0,1
1788842304,7953203900,3976589,0,1
1788842305,7954217448,3977096,0,1
1788842306,7955227976,3977601,0,1
1788842307,7956241259,3978108,0,1
1788842308,7957251870,3978613,0,1
1788842309,7958265506,3979120,0,1
1788842310,7959273480,3979624,0,1
1788842311,7960285188,3980130,0,1
1788842312,7961293883,3980634,0,1
1788842313,7962305774,3981140,0,1
1788842314,7963317595,3981646,0,1
1788842315,7964327495,3982151,0,1
1788842316,7965336031,3982655,0,1
1788842317,7966343904,3983159,0,1
1788842318,7967355682,3983665,0,1
1788842319,7968361943,3984168,0,1
1788842320,7969371571,3984673,0,1
1788842321,7970381256,3985178,0,1
1788842322,7971393428,3985684,0,1
1788842323,7972403986,3986189,0,1
1788842324,7973415317,3986695,0,1
1788842325,7974425849,3987200,0,1
1788842326,7975435700,3987705,0,1
1788842327,7976445451,3988210,0,1
1788842328,7977457447,3988716,0,1
1788842329,7978467723,3989221,0,1
1788842330,7979479641,3989727,0,1
1788842331,7980493773,3990234,0,1
1788842332,7981505574,3990740,0,1
1788842333,7982515474,3991245,0,1
1788842334,7983527807,3991751,0,1
1788842335,7984541456,3992258,0,1
1788842336,7985553054,3992764,0,1
1788842337,7986561685,3993268,0,1
1788842338,7987571097,3993773,0,1
1788842339,7988581560,3994278,0,1
1788842340,7989591965,3994783,0,1
1788842341,7990599669,3995287,0,1
1788842342,7991611311,3995793,0,1
1788842343,7992619392,3996297,0,1
1788842344,7993631316,3996803,0,1
1788842345,7994641420,3997308,0,1
1788842346,7995655126,3997815,0,1
1788842347,7996663786,3998319,0,1
1788842348,7997669891,3998822,0,1
1788842349,7998683757,3999329,0,1
1788842350,7999689434,3999832,0,1
1788842351,8000699896,4000337,0,1
1788842352,8001713973,4000844,0,1
1788842353,8002727364,4001351,0,1
1788842354,8003739593,4001857,0,1
1788842355,8004749502,4002362,0,1
1788842356,8005757658,4002866,0,1
1788842357,8006765563,4003370,0,1
1788842358,8007777224,4003876,0,1
1788842359,8008791355,4004383,0,1
1788842360,8009799809,4004887,0,1
1788842361,8010809279,4005392,0,1
1788842362,8011817653,4005896,0,1
1788842363,8012825817,4006400,0,1
1788842364,8013835796,4006905,0,1
1788842365,8014847804,4007411,0,1
1788842366,8015855792,4007915,0,1
1788842367,8016865311,4008420,0,1
1788842368,8017875276,4008925,0,1
1788842369,8018887378,4009431,0,1
1788842370,8019895399,4009935,0,1
1788842371,8020909545,4010442,0,1
1788842372,8021917563,4010946,0,1
1788842373,8022927381,4011451,0,1
1788842374,8023937386,4011956,0,1
1788842375,8024949643,4012462,0,1
1788842376,8025961788,4012968,0,1
1788842377,8026973619,4013474,0,1
1788842378,8027985455,4013980,0,1
1788842379,8028997044,4014486,0,1
1788842380,8030009641,4014992,0,1
1788842381,8031019923,4015497,0,1
1788842382,8032031908,4016003,0,1
1788842383,8033044011,4016509,0,1
1788842384,8034061611,4017018,0,1
1788842385,8035071368,4017523,0,1
1788842386,8036081852,4018028,0,1
1788842387,8037095723,4018535,0,1
1788842388,8038107782,4019041,0,1
1788842389,8039121436,4019548,0,1
1788842390,8040133527,4020054,0,1
1788842392,8041143572,4020559,0,1
1788842393,8042154093,4021064,0,1
1788842394,8043165920,4021570,0,1
1788842395,8044173433,4022074,0,1
1788842396,8045183318,4022579,0,1
1788842397,8046189823,4023082,0,1
1788842398,8047197847,4023586,0,1
1788842399,8048207703,4024091,0,1
1788842400,8049215908,4024595,0,1
1788842401,8050323518,4025149,0,1
1788842402,8051329409,4025652,0,1
1788842403,8052341317,4026158,0,1
1788842404,8053353403,4026664,0,1
1788842405,8054363818,4027169,0,1
1788842406,8055375388,4027675,0,1
1788842407,8056387017,4028181,0,1
1788842408,8057397486,4028686,0,1
1788842409,8058411661,4029193,0,1
1788842410,8059421188,4029698,0,1
1788842411,8060429521,4030202,0,1
1788842412,8061441191,4030708,0,1
1788842413,8062453727,4031214,0,1
1788842414,8063465187,4031720,0,1
1788842415,8064477276,4032226,0,1
1788842416,8065487697,4032731,0,1
1788842417,8066497420,4033236,0,1
1788842418,8067507423,4033741,0,1
1788842419,8068523638,4034249,0,1
1788842420,8069535662,4034755,0,1
1788842421,8070549104,4035262,0,1
1788842422,8071557153,4035766,0,1
1788842423,8072569949,4036272,0,1
1788842424,8073581656,4036778,0,1
1788842425,8074589285,4037282,0,1
1788842426,8075599310,4037787,0,1
1788842427,8076611388,4038293,0,1
1788842428,8077621862,4038798,0,1
1788842429,8078635939,4039305,0,1
1788842430,8079647598,4039811,0,1
1788842431,8080659724,4040317,0,1
1788842432,8081669830,4040822,0,1
1788842433,8082681519,4041328,0,1
1788842434,8083693445,4041834,0,1
1788842435,8084703896,4042339,0,1
1788842436,8085714032,4042844,0,1
1788842437,8086723155,4043349,0,1
1788842438,8087731537,4043853,0,1
1788842439,8088743630,4044359,0,1
1788842440,8089753716,4044864,0,1
1788842441,8090761578,4045368,0,1
1788842442,8091771535,4045873,0,1
1788842443,8092781390,4046378,0,1
1788842444,8093791855,4046883,0,1
1788842445,8094805654,4047390,0,1
1788842446,8095815738,4047895,0,1
1788842447,8096829542,4048402,0,1
1788842448,8097839454,4048907,0,1
1788842449,8098847804,4049411,0,1
1788842450,8099861136,4049918,0,1
1788842451,8100873843,4050424,0,1
1788842452,8101883534,4050929,0,1
1788842453,8102891975,4051433,0,1
1788842454,8103903962,4051939,0,1
1788842455,8104915191,4052445,0,1
1788842456,8105929198,4052952,0,1
1788842457,8106939414,4053457,0,1
1788842458,8107953189,4053964,0,1
1788842459,8108959219,4054467,0,1
1788842460,8109969917,4054972,0,1
1788842461,8110979523,4055477,0,1
1788842462,8111989355,4055982,0,1
1788842463,8112999494,4056487,0,1
1788842464,8114015274,4056995,0,1
1788842465,8115025737,4057500,0,1
1788842466,8116035786,4058005,0,1
1788842467,8117047649,4058511,0,1
1788842468,8118060041,4059017,0,1
1788842469,8119069839,4059522,0,1
1788842470,8120081414,4060028,0,1
1788842471,8121093077,4060534,0,1
1788842472,8122099383,4061037,0,1
1788842473,8123103936,4061539,0,1
1788842474,8124111824,4062043,0,1
1788842475,8125121388,4062548,0,1
1788842476,8126131203,4063053,0,1
1788842477,8127141055,4063558,0,1
1788842478,8128151763,4064063,0,1
1788842479,8129161147,4064568,0,1
1788842481,8130167839,4065071,0,1
1788842482,8131175129,4065575,0,1
1788842483,8132185870,4066080,0,1
1788842484,8133199135,4066587,0,1
1788842485,8134213634,4067094,0,1
1788842486,8135221522,4067598,0,1
1788842487,8136231264,4068103,0,1
1788842488,8137241259,4068608,0,1
1788842489,8138255475,4069115,0,1
1788842490,8139268022,4069621,0,1
1788842491,8140281152,4070128,0,1
1788842492,8141291717,4070633,0,1
1788842493,8142301575,4071138,0,1
1788842494,8143313241,4071644,0,1
1788842495,8144325145,4072150,0,1
1788842496,8145334021,4072654,0,1
1788842497,8146345703,4073160,0,1
1788842498,8147355794,4073665,0,1
1788842499,8148367948,4074171,0,1
1788842500,8149377507,4074676,0,1
1788842501,8150387120,4075181,0,1
1788842502,8151395623,4075685,0,1
1788842503,8152403444,4076189,0,1
1788842504,8153413232,4076694,0,1
1788842505,8154429503,4077202,0,1
1788842506,8155441998,4077708,0,1
1788842507,8156449905,4078212,0,1
1788842508,8157461321,4078718,0,1
1788842509,8158477660,4079226,0,1
1788842510,8159487259,4079731,0,1
1788842511,8160497494,4080236,0,1
1788842512,8161505718,4080740,0,1
1788842513,8162517726,4081246,0,1
1788842514,8163529868,4081752,0,1
1788842515,8164541368,4082258,0,1
1788842516,8165551616,4082763,0,1
1788842517,8166565530,4083270,0,1
1788842518,8167575973,4083775,0,1
1788842519,8168587039,4084281,0,1
1788842520,8169599954,4084787,0,1
1788842521,8170609843,4085292,0,1
1788842522,8171621652,4085798,0,1
1788842523,8172635385,4086305,0,1
1788842524,8173649212,4086812,0,1
1788842525,8174663535,4087319,0,1
1788842526,8175675523,4087825,0,1
1788842527,8176685718,4088330,0,1
1788842528,8177697479,4088836,0,1
1788842529,8178711602,4089343,0,1
1788842530,8179721973,4089848,0,1
1788842531,8180733433,4090354,0,1
1788842532,8181747381,4090861,0,1
1788842533,8182763269,4091369,0,1
1788842534,8183773881,4091874,0,1
1788842535,8184787889,4092381,0,1
1788842536,8185801127,4092888,0,1
1788842537,8186809765,4093392,0,1
1788842538,8187821278,4093898,0,1
1788842539,8188835844,4094405,0,1
1788842540,8189847368,4094911,0,1
1788842541,8190855919,4095415,0,1
1788842542,8191865483,4095920,0,1
1788842543,8192879197,4096427,0,1
1788842544,8193891222,4096933,0,1
1788842545,8194905551,4097440,0,1
1788842546,8195917552,4097946,0,1
1788842547,8196929268,4098452,0,1
1788842548,8197940027,4098957,0,1
1788842549,8198949810,4099462,0,1
1788842550,8199959314,4099967,0,1
1788842551,8200967128,4100471,0,1
1788842552,8201975519,4100975,0,1
1788842553,8202987717,4101481,0,1
1788842554,8204001254,4101988,0,1
1788842555,8205013203,4102494,0,1
1788842556,8206023498,4102999,0,1
1788842557,8207033767,4103504,0,1
1788842558,8208041379,4104008,0,1
1788842559,8209053278,4104514,0,1
1788842560,8210063504,4105019,0,1
1788842561,8211073505,4105524,0,1
1788842562,8212083187,4106029,0,1
1788842563,8213092042,4106533,0,1
1788842564,8214099688,4107037,0,1
1788842565,8215105668,4107540,0,1
1788842566,8216113084,4108044,0,1
1788842567,8217119605,4108547,0,1
1788842568,8218127751,4109051,0,1
1788842570,8219135905,4109555,0,1
1788842571,8220149225,4110062,0,1
1788842572,8221163318,4110569,0,1
1788842573,8222175099,4111075,0,1
1788842574,8223185125,4111580,0,1
1788842575,8224195105,4112085,0,1
1788842576,8225207396,4112591,0,1
1788842577,8226221376,4113098,0,1
1788842578,8227235290,4113605,0,1
1788842579,8228247750,4114111,0,1
1788842580,8229258054,4114616,0,1
1788842581,8230269423,4115122,0,1
1788842582,8231279620,4115627,0,1
1788842583,8232293467,4116134,0,1
1788842584,8233302074,4116638,0,1
1788842585,8234315413,4117145,0,1
1788842586,8235325438,4117650,0,1
1788842587,8236335868,4118155,0,1
1788842588,8237349996,4118662,0,1
1788842589,8238361709,4119168,0,1
1788842590,8239373411,4119674,0,1
1788842591,8240385630,4120180,0,1
1788842592,8241399882,4120687,0,1
1788842593,8242411363,4121193,0,1
1788842594,8243419972,4121697,0,1
1788842595,8244427774,4122201,0,1
1788842596,8245437913,4122706,0,1
1788842597,8246449779,4123212,0,1
1788842598,8247457692,4123716,0,1
1788842599,8248467201,4124221,0,1
1788842600,8249477436,4124726,0,1
1788842601,8250489451,4125232,0,1
1788842602,8251503435,4125739,0,1
1788842603,8252513445,4126244,0,1
1788842604,8253519966,4126747,0,1
1788842605,8254527629,4127251,0,1
1788842606,8255537049,4127756,0,1
1788842607,8256549159,4128262,0,1
1788842608,8257561471,4128768,0,1
1788842609,8258577063,4129276,0,1
1788842610,8259587824,4129781,0,1
1788842611,8260601445,4130288,0,1
1788842612,8261615194,4130795,0,1
1788842613,8262625228,4131300,0,1
1788842614,8263635524,4131805,0,1
1788842615,8264649690,4132312,0,1
1788842616,8265661260,4132818,0,1
1788842617,8266669495,4133322,0,1
1788842618,8267679751,4133827,0,1
1788842619,8268689298,4134332,0,1
1788842620,8269697865,4134836,0,1
1788842621,8270709129,4135342,0,1
1788842622,8271719631,4135847,0,1
1788842623,8272733702,4136354,0,1
1788842624,8273745439,4136860,0,1
1788842625,8274755922,4137365,0,1
1788842626,8275769529,4137872,0,1
1788842627,8276781447,4138378,0,1
1788842628,8277793308,4138884,0,1
1788842629,8278801600,4139388,0,1
1788842630,8279813365,4139894,0,1
1788842631,8280825284,4140400,0,1
1788842632,8281837452,4140906,0,1
1788842633,8282845947,4141410,0,1
1788842634,8283857438,4141916,0,1
1788842635,8284965406,4142470,0,1
1788842636,8285973243,4142974,0,1
1788842637,8286979022,4143477,0,1
1788842638,8287985521,4143980,0,1
1788842639,8288993125,4144484,0,1
1788842640,8290001779,4144988,0,1
1788842641,8291015304,4145495,0,1
1788842642,8292025445,4146000,0,1
1788842643,8293033785,4146504,0,1
1788842644,8294045936,4147010,0,1
1788842645,8295055386,4147515,0,1
1788842646,8296067537,4148021,0,1
1788842647,8297077837,4148526,0,1
1788842648,8298085479,4149030,0,1
1788842649,8299099597,4149537,0,1
1788842650,8300109395,4150042,0,1
1788842651,8301121308,4150548,0,1
1788842652,8302129971,4151052,0,1
1788842653,8303137664,4151556,0,1
1788842654,8304147842,4152061,0,1
1788842655,8305161897,4152568,0,1
1788842656,8306175322,4153075,0,1
1788842658,8307185843,4153580,0,1
1788842659,8308199732,4154087,0,1
1788842660,8309211417,4154593,0,1
1788842661,8310221966,4155098,0,1
1788842662,8311231126,4155603,0,1
1788842663,8312239367,4156107,0,1
1788842664,8313249802,4156612,0,1
1788842665,8314263630,4157119,0,1
1788842666,8315271798,4157623,0,1
1788842667,8316277749,4158126,0,1
1788842668,8317287676,4158631,0,1
1788842669,8318299767,4159137,0,1
1788842670,8319311624,4159643,0,1
1788842671,8320321672,4160148,0,1
1788842672,8321333640,4160654,0,1
1788842673,8322340055,4161157,0,1
1788842674,8323355510,4161665,0,1
1788842675,8324369425,4162172,0,1
1788842676,8325381289,4162678,0,1
1788842677,8326391704,4163183,0,1
1788842678,8327403643,4163689,0,1
1788842679,8328413958,4164194,0,1
1788842680,8329421630,4164698,0,1
1788842681,8330431906,4165203,0,1
1788842682,8331443193,4165709,0,1
1788842683,8332453418,4166214,0,1
1788842684,8333467303,4166721,0,1
1788842685,8334477098,4167226,0,1
1788842686,8335495508,4167735,0,1
1788842687,8336509622,4168242,0,1
1788842688,8337517193,4168746,0,1
1788842689,8338527223,4169251,0,1
1788842690,8339537337,4169756,0,1
1788842691,8340547389,4170261,0,1
1788842692,8341557584,4170766,0,1
1788842693,8342567129,4171271,0,1
1788842694,8343579408,4171777,0,1
1788842695,8344591311,4172283,0,1
1788842696,8345603159,4172789,0,1
1788842697,8346609748,4173292,0,1
1788842698,8347619055,4173797,0,1
1788842699,8348627960,4174301,0,1
1788842700,8349639816,4174807,0,1
1788842701,8350649724,4175312,0,1
1788842702,8351657824,4175816,0,1
1788842703,8352667989,4176321,0,1
1788842704,8353679297,4176827,0,1
1788842705,8354689396,4177332,0,1
1788842706,8355703796,4177839,0,1
1788842707,8356713648,4178344,0,1
1788842708,8357729055,4178852,0,1
1788842709,8358738039,4179356,0,1
1788842710,8359753461,4179864,0,1
1788842711,8360763966,4180369,0,1
1788842712,8361773554,4180874,0,1
1788842713,8362785415,4181380,0,1
1788842714,8363797367,4181886,0,1
1788842715,8364809438,4182392,0,1
1788842716,8365819835,4182897,0,1
1788842717,8366831417,4183403,0,1
1788842718,8367843769,4183909,0,1
1788842719,8368855186,4184415,0,1
1788842720,8369863172,4184919,0,1
1788842721,8370875338,4185425,0,1
1788842722,8371885319,4185930,0,1
1788842723,8372896070,4186435,0,1
1788842724,8373905776,4186940,0,1
1788842725,8374919404,4187447,0,1
1788842726,8375927973,4187951,0,1
1788842727,8376937888,4188456,0,1
1788842728,8377949915,4188962,0,1
1788842729,8378963567,4189469,0,1
1788842730,8379973450,4189974,0,1
1788842731,8380981725,4190478,0,1
1788842732,8381993649,4190984,0,1
1788842733,8383003438,4191489,0,1
1788842734,8384013740,4191994,0,1
1788842735,8385025624,4192500,0,1
1788842736,8386035956,4193005,0,1
1788842737,8387041382,4193508,0,1
1788842738,8388051260,4194013,0,1
1788842739,8389065390,4194520,0,1
1788842740,8390077612,4195026,0,1
1788842741,8391090057,4195532,0,1
1788842742,8392103668,4196039,0,1
1788842743,8393119988,4196547,0,1
1788842745,8394131528,4197053,0,1
1788842746,8395143086,4197559,0,1
1788842747,8396149973,4198062,0,1
1788842748,8397159284,4198567,0,1
1788842749,8398169531,4199072,0,1
1788842750,8399179594,4199577,0,1
1788842751,8400189326,4200082,0,1
1788842752,8401202014,4200588,0,1
1788842753,8402215514,4201095,0,1
1788842754,8403225323,4201600,0,1
1788842755,8404239386,4202107,0,1
1788842756,8405251580,4202613,0,1
1788842757,8406263692,4203119,0,1
1788842758,8407275789,4203625,0,1
1788842759,8408285623,4204130,0,1
1788842760,8409295323,4204635,0,1
1788842761,8410305186,4205140,0,1
1788842762,8411315462,4205645,0,1
1788842763,8412327528,4206151,0,1
1788842764,8413337592,4206656,0,1
1788842765,8414447340,4207211,0,1
1788842766,8415457877,4207716,0,1
1788842767,8416467459,4208221,0,1
1788842768,8417475059,4208725,0,1
1788842769,8418487781,4209231,0,1
1788842770,8419499252,4209737,0,1
1788842771,8420507513,4210241,0,1
1788842772,8421521326,4210748,0,1
1788842773,8422531629,4211253,0,1
1788842774,8423543224,4211759,0,1
1788842775,8424553126,4212264,0,1
1788842776,8425563126,4212769,0,1
1788842777,8426577595,4213276,0,1
1788842778,8427589642,4213782,0,1
1788842779,8428603876,4214289,0,1
1788842780,8429615431,4214795,0,1
1788842781,8430627615,4215301,0,1
1788842782,8431637688,4215806,0,1
1788842783,8432649641,4216312,0,1
1788842784,8433663698,4216819,0,1
1788842785,8434575351,4217275,0,1
1788842786,8435687477,4217831,0,1
1788842787,8436701392,4218338,0,1
1788842788,8437615579,4218795,0,1
1788842789,8438627393,4219301,0,1
1788842790,8439637576,4219806,0,1
1788842791,8440651808,4220313,0,1
1788842792,8441661196,4220818,0,1
1788842793,8442671651,4221323,0,1
1788842794,8443681508,4221828,0,1
1788842795,8444692016,4222333,0,1
1788842796,8445701314,4222838,0,1
1788842797,8446713878,4223344,0,1
1788842798,8447727387,4223851,0,1
1788842799,8448837463,4224406,0,1
1788842800,8449845498,4224910,0,1
1788842801,8450853713,4225414,0,1
1788842802,8451861431,4225918,0,1
1788842803,8452871507,4226423,0,1
1788842804,8453883394,4226929,0,1
1788842805,8454895347,4227435,0,1
1788842806,8455902984,4227939,0,1
1788842807,8456915482,4228445,0,1
1788842808,8457927445,4228951,0,1
1788842809,8458937306,4229456,0,1
1788842810,8459949447,4229962,0,1
1788842811,8460965521,4230470,0,1
1788842812,8461979148,4230977,0,1
1788842813,8462991296,4231483,0,1
1788842814,8464003370,4231989,0,1
1788842815,8465013474,4232494,0,1
1788842816,8466021577,4232998,0,1
1788842817,8467033663,4233504,0,1
1788842818,8468043822,4234009,0,1
1788842819,8469055442,4234515,0,1
1788842820,8470067853,4235021,0,1
1788842821,8471079620,4235527,0,1
1788842822,8472087649,4236031,0,1
1788842823,8473095743,4236535,0,1
1788842824,8474109414,4237042,0,1
1788842825,8475119771,4237547,0,1
1788842826,8476129127,4238052,0,1
1788842827,8477139776,4238557,0,1
1788842828,8478149929,4239062,0,1
1788842829,8479161425,4239568,0,1
1788842830,8480172009,4240073,0,1
1788842831,8481181294,4240578,0,1
1788842833,8482195790,4241085,0,1
1788842834,8483211864,4241593,0,1
1788842835,8484223578,4242099,0,1
1788842836,8485235127,4242605,0,1
1788842837,8486241721,4243108,0,1
1788842838,8487255215,4243615,0,1
1788842839,8488263599,4244119,0,1
1788842840,8489275292,4244625,0,1
1788842841,8490285257,4245130,0,1
1788842842,8491297445,4245636,0,1
1788842843,8492305645,4246140,0,1
1788842844,8493317063,4246646,0,1
1788842845,8494327081,4247151,0,1
1788842846,8495335862,4247655,0,1
1788842847,8496351242,4248163,0,1
1788842848,8497361665,4248668,0,1
1788842849,8498375592,4249175,0,1
1788842850,8499391912,4249683,0,1
1788842851,8500403501,4250189,0,1
1788842852,8501415686,4250695,0,1
1788842853,8502425299,4251200,0,1
1788842854,8503433389,4251704,0,1
1788842855,8504441579,4252208,0,1
1788842856,8505449637,4252712,0,1
1788842857,8506461878,4253218,0,1
1788842858,8507475697,4253725,0,1
1788842859,8508489936,4254232,0,1
1788842860,8509499778,4254737,0,1
1788842861,8510509629,4255242,0,1
1788842862,8511521857,4255748,0,1
1788842863,8512531317,4256253,0,1
1788842864,8513541143,4256758,0,1
1788842865,8514551778,4257263,0,1
1788842866,8515561383,4257768,0,1
1788842867,8516573782,4258274,0,1
1788842868,8517589654,4258782,0,1
1788842869,8518601231,4259288,0,1
1788842870,8519613533,4259794,0,1
1788842871,8520627949,4260301,0,1
1788842872,8521641563,4260808,0,1
1788842873,8522651541,4261313,0,1
1788842874,8523661320,4261818,0,1
1788842875,8524669783,4262322,0,1
1788842876,8525677627,4262826,0,1
1788842877,8526689678,4263332,0,1
1788842878,8527701177,4263838,0,1
1788842879,8528711153,4264343,0,1
1788842880,8529719592,4264847,0,1
1788842881,8530731322,4265353,0,1
1788842882,8531743229,4265859,0,1
1788842883,8532755074,4266365,0,1
1788842884,8533769131,4266872,0,1
1788842885,8534779379,4267377,0,1
1788842886,8535785632,4267880,0,1
1788842887,8536797250,4268386,0,1
1788842888,8537809127,4268892,0,1
1788842889,8538821285,4269398,0,1
1788842890,8539827368,4269901,0,1
1788842891,8540839129,4270407,0,1
1788842892,8541847561,4270911,0,1
1788842893,8542857386,4271416,0,1
1788842894,8543865661,4271920,0,1
1788842895,8544877542,4272426,0,1
1788842896,8545885358,4272930,0,1
1788842897,8546891126,4273433,0,1
1788842898,8547893633,4273934,0,1
1788842899,8548905750,4274440,0,1
1788842900,8549919718,4274947,0,1
1788842901,8550929635,4275452,0,1
1788842902,8551937892,4275956,0,1
1788842903,8552943906,4276459,0,1
1788842904,8553951765,4276963,0,1
1788842905,8554963755,4277469,0,1
1788842906,8555973825,4277974,0,1
1788842907,8556983828,4278479,0,1
1788842908,8557993078,4278984,0,1
1788842909,8558999646,4279487,0,1
1788842910,8560109819,4280042,0,1
1788842911,8561117577,4280546,0,1
1788842912,8562123567,4281049,0,1
1788842913,8563131105,4281553,0,1
1788842914,8564141383,4282058,0,1
1788842915,8565149895,4282562,0,1
1788842916,8566159700,4283067,0,1
1788842917,8567169960,4283572,0,1
1788842918,8568179141,4284077,0,1
1788842919,8569187427,4284581,0,1
1788842921,8570197457,4285086,0,1
1788842922,8571207675,4285591,0,1
1788842923,8572215588,4286095,0,1
1788842924,8573227552,4286601,0,1
1788842925,8574237987,4287106,0,1
1788842926,8575247302,4287611,0,1
1788842927,8576259727,4288117,0,1
1788842928,8577269308,4288622,0,1
1788842929,8578277728,4289126,0,1
1788842930,8579287523,4289631,0,1
1788842931,8580295778,4290135,0,1
1788842932,8581307543,4290641,0,1
1788842933,8582315535,4291145,0,1
1788842934,8583325258,4291650,0,1
1788842935,8584333839,4292154,0,1
1788842936,8585345126,4292660,0,1
1788842937,8586355277,4293165,0,1
1788842938,8587363273,4293669,0,1
1788842939,8588371091,4294173,0,1
1788842940,8589381070,4294678,0,1
1788842941,8590391346,4295183,0,1
1788842942,8591397933,4295686,0,1
1788842943,8592407246,4296191,0,1
1788842944,8593417128,4296696,0,1
1788842945,8594433516,4297204,0,1
1788842946,8595445250,4297710,0,1
1788842947,8596455974,4298215,0,1
1788842948,8597467622,4298721,0,1
1788842949,8598477875,4299226,0,1
1788842950,8599491024,4299733,0,1
1788842951,8600501455,4300238,0,1
1788842952,8601509731,4300742,0,1
1788842953,8602521434,4301248,0,1
1788842954,8603529462,4301752,0,1
1788842955,8604539212,4302257,0,1
1788842956,8605545957,4302760,0,1
1788842957,8606555797,4303265,0,1
1788842958,8607569975,4303772,0,1
1788842959,8608585465,4304280,0,1
1788842960,8609595576,4304785,0,1
1788842961,8610605388,4305290,0,1
1788842962,8611613732,4305794,0,1
1788842963,8612623969,4306299,0,1
1788842964,8613631407,4306803,0,1
1788842965,8614637970,4307306,0,1
1788842966,8615647786,4307811,0,1
1788842967,8616657820,4308316,0,1
1788842968,8617667200,4308821,0,1
1788842969,8618677958,4309326,0,1
1788842970,8619687167,4309831,0,1
1788842971,8620697764,4310336,0,1
1788842972,8621709166,4310842,0,1
1788842973,8622721125,4311348,0,1
1788842974,8623731131,4311853,0,1
1788842975,8624739459,4312357,0,1
1788842976,8625751791,4312863,0,1
1788842977,8626767295,4313371,0,1
1788842978,8627779004,4313877,0,1
1788842979,8628789309,4314382,0,1
1788842980,8629803525,4314889,0,1
1788842981,8630817913,4315396,0,1
1788842982,8631831506,4315903,0,1
1788842983,8632843340,4316409,0,1
1788842984,8633853386,4316914,0,1
1788842985,8634863577,4317419,0,1
1788842986,8635875420,4317925,0,1
1788842987,8636883277,4318429,0,1
1788842988,8637893292,4318934,0,1
1788842989,8638903392,4319439,0,1
1788842990,8639917282,4319946,0,1
1788842991,8640925910,4320450,0,1
1788842992,8641933316,4320954,0,1
1788842993,8642939379,4321457,0,1
1788842994,8644045267,4322010,0,1
1788842995,8645051826,4322513,0,1
1788842996,8646063342,4323019,0,1
1788842997,8647077113,4323526,0,1
1788842998,8648085602,4324030,0,1
1788842999,8649099092,4324537,0,1
1788843000,8650109382,4325042,0,1
1788843001,8651119449,4325547,0,1
1788843002,8652129827,4326052,0,1
1788843003,8653137892,4326556,0,1
1788843004,8654153224,4327064,0,1
1788843005,8655165768,4327570,0,1
1788843006,8656174036,4328074,0,1
1788843007,8657181738,4328578,0,1
1788843008,8658191581,4329083,0,1
1788843010,8659201799,4329588,0,1
1788843011,8660215654,4330095,0,1
1788843012,8661223507,4330599,0,1
1788843013,8662233883,4331104,0,1
1788843014,8663247647,4331611,0,1
1788843015,8664259547,4332117,0,1
1788843016,8665271389,4332623,0,1
1788843017,8666279570,4333127,0,1
1788843018,8667287667,4333631,0,1
1788843019,8668301089,4334138,0,1
1788843020,8669309447,4334642,0,1
1788843021,8670319641,4335147,0,1
1788843022,8671333269,4335654,0,1
1788843023,8672343750,4336159,0,1
1788843024,8673351127,4336663,0,1
1788843025,8674357642,4337166,0,1
1788843026,8675367776,4337671,0,1
1788843027,8676379129,4338177,0,1
1788843028,8677386077,4338680,0,1
1788843029,8678397409,4339186,0,1
1788843030,8679405842,4339690,0,1
1788843031,8680415258,4340195,0,1
1788843032,8681425118,4340700,0,1
1788843033,8682435852,4341205,0,1
1788843034,8683449583,4341712,0,1
1788843035,8684459365,4342217,0,1
1788843036,8685467926,4342721,0,1
1788843037,8686475794,4343225,0,1
1788843038,8687487357,4343731,0,1
1788843039,8688495358,4344235,0,1
1788843040,8689503065,4344739,0,1
1788843041,8690511869,4345243,0,1
1788843042,8691523378,4345749,0,1
1788843043,8692533448,4346254,0,1
1788843044,8693543067,4346759,0,1
1788843045,8694557784,4347266,0,1
1788843046,8695569253,4347772,0,1
1788843047,8696581310,4348278,0,1
1788843048,8697589643,4348782,0,1
1788843049,8698597221,4349286,0,1
1788843050,8699605452,4349790,0,1
1788843051,8700615055,4350295,0,1
1788843052,8701625879,4350800,0,1
1788843053,8702637383,4351306,0,1
1788843054,8703643492,4351809,0,1
1788843055,8704653506,4352314,0,1
1788843056,8705663503,4352819,0,1
1788843057,8706675253,4353325,0,1
1788843058,8707683625,4353829,0,1
1788843059,8708693517,4354334,0,1
1788843060,8709704053,4354839,0,1
1788843061,8710711388,4355343,0,1
1788843062,8711721579,4355848,0,1
1788843063,8712733830,4356354,0,1
1788843064,8713741696,4356858,0,1
1788843065,8714755437,4357365,0,1
1788843066,8715769222,4357872,0,1
1788843067,8716783283,4358379,0,1
1788843068,8717793509,4358884,0,1
1788843069,8718799770,4359387,0,1
1788843070,8719811769,4359893,0,1
1788843071,8720823616,4360399,0,1
1788843072,8721833573,4360904,0,1
1788843073,8722845522,4361410,0,1
1788843074,8723855404,4361915,0,1
1788843075,8724965801,4362470,0,1
1788843076,8725977599,4362976,0,1
1788843077,8726987130,4363481,0,1
1788843078,8727997849,4363986,0,1
1788843079,8729007913,4364491,0,1
1788843080,8730013934,4364994,0,1
1788843081,8731023906,4365499,0,1
1788843082,8732035246,4366005,0,1
1788843083,8733041595,4366508,0,1
1788843084,8734049727,4367012,0,1
1788843085,8735057378,4367516,0,1
1788843086,8736067846,4368021,0,1
1788843087,8737073840,4368524,0,1
1788843088,8738083900,4369029,0,1
1788843089,8739092006,4369533,0,1
1788843090,8740103559,4370039,0,1
1788843091,8741115455,4370545,0,1
1788843092,8742123841,4371049,0,1
1788843093,8743131916,4371553,0,1
1788843094,8744141315,4372058,0,1
1788843095,8745155156,4372565,0,1
1788843096,8746167385,4373071,0,1
1788843098,8747179883,4373577,0,1
1788843099,8748193745,4374084,0,1
1788843100,8749205260,4374590,0,1
1788843101,8750217205,4375096,0,1
1788843102,8751225745,4375600,0,1
1788843103,8752237168,4376106,0,1
1788843104,8753245192,4376610,0,1
1788843105,8754257951,4377116,0,1
1788843106,8755267695,4377621,0,1
1788843107,8756279416,4378127,0,1
1788843108,8757289461,4378632,0,1
1788843109,8758299254,4379137,0,1
1788843110,8759305708,4379640,0,1
1788843111,8760317279,4380146,0,1
1788843112,8761329962,4380652,0,1
1788843113,8762339902,4381157,0,1
1788843114,8763349879,4381662,0,1
1788843115,8764361630,4382168,0,1
1788843116,8765371251,4382673,0,1
1788843117,8766377412,4383176,0,1
1788843118,8767393806,4383684,0,1
1788843119,8768406068,4384190,0,1
1788843120,8769415669,4384695,0,1
1788843121,8770425505,4385200,0,1
1788843122,8771435120,4385705,0,1
1788843123,8772443163,4386209,0,1
1788843124,8773453723,4386714,0,1
1788843125,8774465844,4387220,0,1
1788843126,8775475977,4387725,0,1
1788843127,8776485613,4388230,0,1
1788843128,8777495442,4388735,0,1
1788843129,8778503889,4389239,0,1
1788843130,8779517312,4389746,0,1
1788843131,8780529629,4390252,0,1
1788843132,8781539760,4390757,0,1
1788843133,8782549973,4391262,0,1
1788843134,8783561124,4391768,0,1
1788843135,8784571832,4392273,0,1
1788843136,8785581560,4392778,0,1
1788843137,8786587776,4393281,0,1
1788843138,8787595257,4393785,0,1
1788843139,8788603895,4394289,0,1
1788843140,8789613634,4394794,0,1
1788843141,8790625616,4395300,0,1
1788843142,8791637101,4395806,0,1
1788843143,8792643826,4396309,0,1
1788843144,8793653537,4396814,0,1
1788843145,8794665190,4397320,0,1
1788843146,8795673686,4397824,0,1
1788843147,8796683675,4398329,0,1
1788843148,8797697861,4398836,0,1
1788843149,8798709487,4399342,0,1
1788843150,8799719723,4399847,0,1
1788843151,8800729570,4400352,0,1
1788843152,8801740028,4400857,0,1
1788843153,8802757370,4401366,0,1
1788843154,8803769210,4401872,0,1
1788843155,8804781260,4402378,0,1
1788843156,8805789565,4402882,0,1
1788843157,8806801646,4403388,0,1
1788843158,8807809242,4403892,0,1
1788843159,8808819448,4404397,0,1
1788843160,8809829723,4404902,0,1
1788843161,8810837281,4405406,0,1
1788843162,8811947472,4405961,0,1
1788843163,8812955495,4406465,0,1
1788843164,8813963350,4406969,0,1
1788843165,8814973729,4407474,0,1
1788843166,8815985161,4407980,0,1
1788843167,8816995719,4408485,0,1
1788843168,8818005830,4408990,0,1
1788843169,8819017194,4409496,0,1
1788843170,8820031325,4410003,0,1
1788843171,8821039318,4410507,0,1
1788843172,8822051220,4411013,0,1
1788843173,8823061770,4411518,0,1
1788843174,8824071644,4412023,0,1
1788843175,8825083452,4412529,0,1
1788843176,8826095776,4413035,0,1
1788843177,8827107760,4413541,0,1
1788843178,8828117581,4414046,0,1
1788843179,8829127611,4414551,0,1
1788843180,8830137423,4415056,0,1
1788843181,8831145938,4415560,0,1
1788843182,8832163366,4416069,0,1
1788843183,8833169659,4416572,0,1
1788843184,8834177556,4417076,0,1
1788843185,8835185896,4417580,0,1
1788843187,8836195389,4418085,0,1
1788843188,8837201936,4418588,0,1
1788843189,8838213725,4419094,0,1
1788843190,8839223181,4419599,0,1
1788843191,8840233261,4420104,0,1
1788843192,8841247172,4420611,0,1
1788843193,8842255720,4421115,0,1
1788843194,8843261826,4421618,0,1
1788843195,8844275389,4422125,0,1
1788843196,8845287644,4422631,0,1
1788843197,8846301289,4423138,0,1
1788843198,8847311867,4423643,0,1
1788843199,8848323394,4424149,0,1
1788843200,8849335882,4424655,0,1
1788843201,8850345658,4425160,0,1
1788843202,8851357455,4425666,0,1
1788843203,8852365334,4426170,0,1
1788843204,8853373193,4426674,0,1
1788843205,8854383091,4427179,0,1
1788843206,8855391952,4427683,0,1
1788843207,8856403516,4428189,0,1
1788843208,8857413383,4428694,0,1
1788843209,8858425307,4429200,0,1
1788843210,8859437401,4429706,0,1
1788843211,8860447834,4430211,0,1
1788843212,8861465414,4430720,0,1
1788843213,8862477290,4431226,0,1
1788843214,8863489605,4431732,0,1
1788843215,8864499157,4432237,0,1
1788843216,8865509357,4432742,0,1
1788843217,8866519486,4433247,0,1
1788843218,8867527624,4433751,0,1
1788843219,8868539430,4434257,0,1
1788843220,8869547475,4434761,0,1
1788843221,8870555736,4435265,0,1
1788843222,8871565156,4435770,0,1
1788843223,8872573864,4436274,0,1
1788843224,8873583576,4436779,0,1
1788843225,8874593494,4437284,0,1
1788843226,8875605384,4437790,0,1
1788843227,8876613395,4438294,0,1
1788843228,8877621768,4438798,0,1
1788843229,8878633128,4439304,0,1
1788843230,8879643733,4439809,0,1
1788843231,8880655519,4440315,0,1
1788843232,8881663414,4440819,0,1
1788843233,8882673704,4441324,0,1
1788843234,8883685615,4441830,0,1
1788843235,8884695172,4442335,0,1
1788843236,8885705438,4442840,0,1
1788843237,8886715585,4443345,0,1
1788843238,8887723947,4443849,0,1
1788843239,8888737273,4444356,0,1
1788843240,8889749182,4444862,0,1
1788843241,8890761277,4445368,0,1
1788843242,8891771850,4445873,0,1
1788843243,8892783930,4446379,0,1
1788843244,8893795250,4446885,0,1
1788843245,8894809386,4447392,0,1
1788843246,8895819193,4447897,0,1
1788843247,8896833400,4448404,0,1
1788843248,8897847296,4448911,0,1
1788843249,8898859955,4449417,0,1
1788843250,8899871192,4449923,0,1
1788843251,8900881951,4450428,0,1
1788843252,8901895576,4450935,0,1
1788843253,8902907960,4451441,0,1
1788843254,8903915465,4451945,0,1
1788843255,8904923853,4452449,0,1
1788843256,8905931426,4452953,0,1
1788843257,8906939951,4453457,0,1
1788843258,8907947639,4453961,0,1
1788843259,8908959486,4454467,0,1
1788843260,8909971575,4454973,0,1
1788843261,8910979379,4455477,0,1
1788843262,8911993356,4455984,0,1
1788843263,8913003691,4456489,0,1
1788843264,8914009613,4456992,0,1
1788843265,8915019928,4457497,0,1
1788843266,8916027964,4458001,0,1
1788843267,8917037327,4458506,0,1
1788843268,8918047705,4459011,0,1
1788843269,8919057689,4459516,0,1
1788843270,8920069687,4460022,0,1
1788843271,8921077640,4460526,0,1
1788843272,8922089250,4461032,0,1
1788843273,8923101994,4461538,0,1
1788843274,8924111995,4462043,0,1
1788843276,8925123547,4462549,0,1
1788843277,8926133491,4463054,0,1
1788843278,8927145831,4463560,0,1
1788843279,8928155583,4464065,0,1
1788843280,8929167381,4464571,0,1
1788843281,8930176942,4465076,0,1
1788843282,8931187094,4465581,0,1
1788843283,8932297567,4466136,0,1
1788843284,8933305274,4466640,0,1
1788843285,8934317908,4467146,0,1
1788843286,8935327651,4467651,0,1
1788843287,8936337687,4468156,0,1
1788843288,8937347586,4468661,0,1
1788843289,8938357850,4469166,0,1
1788843290,8939369721,4469672,0,1
1788843291,8940379731,4470177,0,1
1788843292,8941389208,4470682,0,1
1788843293,8942395908,4471185,0,1
1788843294,8943406011,4471690,0,1
1788843295,8944413029,4472194,0,1
1788843296,8945425622,4472700,0,1
1788843297,8946435519,4473205,0,1
1788843298,8947447369,4473711,0,1
1788843299,8948457853,4474216,0,1
1788843300,8949471257,4474723,0,1
1788843301,8950481267,4475228,0,1
1788843302,8951491863,4475733,0,1
1788843303,8952501759,4476238,0,1
1788843304,8953513260,4476744,0,1
1788843305,8954521951,4477248,0,1
1788843306,8955535585,4477755,0,1
1788843307,8956545364,4478260,0,1
1788843308,8957557757,4478766,0,1
1788843309,8958569784,4479272,0,1
1788843310,8959579388,4479777,0,1
1788843311,8960589641,4480282,0,1
1788843312,8961599575,4480787,0,1
1788843313,8962609631,4481292,0,1
1788843314,8963619511,4481797,0,1
1788843315,8964625441,4482300,0,1
1788843316,8965633576,4482804,0,1
1788843317,8966645623,4483310,0,1
1788843318,8967657400,4483816,0,1
1788843319,8968665776,4484320,0,1
1788843320,8969675131,4484825,0,1
1788843321,8970683546,4485329,0,1
1788843322,8971693274,4485834,0,1
1788843323,8972703233,4486339,0,1
1788843324,8973715912,4486845,0,1
1788843325,8974723947,4487349,0,1
1788843326,8975731612,4487853,0,1
1788843327,8976739932,4488357,0,1
1788843328,8977753310,4488864,0,1
1788843329,8978761692,4489368,0,1
1788843330,8979771692,4489873,0,1
1788843331,8980779532,4490377,0,1
1788843332,8981795616,4490885,0,1
1788843333,8982809605,4491392,0,1
1788843334,8983821674,4491898,0,1
1788843335,8984833715,4492404,0,1
1788843336,8985845319,4492910,0,1
1788843337,8986853069,4493414,0,1
1788843338,8987859473,4493917,0,1
1788843339,8988869087,4494422,0,1
1788843340,8989879342,4494927,0,1
1788843341,8990887529,4495431,0,1
1788843342,8991898016,4495936,0,1
1788843343,8992909285,4496442,0,1
1788843344,8993919551,4496947,0,1
1788843345,8994931286,4497453,0,1
1788843346,8995941813,4497958,0,1
1788843347,8996953404,4498464,0,1
1788843348,8997961670,4498968,0,1
1788843349,8998973645,4499474,0,1
1788843350,8999985437,4499980,0,1
1788843351,9000995744,4500485,0,1
1788843352,9002005558,4500990,0,1
1788843353,9003015471,4501495,0,1
1788843354,9004027729,4502001,0,1
1788843355,9005035776,4502505,0,1
1788843356,9006045577,4503010,0,1
1788843357,9007055685,4503515,0,1
1788843358,9008067363,4504021,0,1
1788843359,9009075879,4504525,0,1
1788843360,9010185891,4505080,0,1
1788843361,9011195202,4505585,0,1
1788843362,9012205449,4506090,0,1
1788843364,9013213365,4506594,0,1
1788843365,9014223395,4507099,0,1
1788843366,9015231912,4507603,0,1
1788843367,9016239791,4508107,0,1
1788843368,9017249132,4508612,0,1
1788843369,9018259730,4509117,0,1
1788843370,9019271444,4509623,0,1
1788843371,9020281756,4510128,0,1
1788843372,9021289932,4510632,0,1
1788843373,9022303200,4511139,0,1
1788843374,9023315485,4511645,0,1
1788843375,9024331911,4512153,0,1
1788843376,9025343831,4512659,0,1
1788843377,9026355692,4513165,0,1
1788843378,9027363285,4513669,0,1
1788843379,9028369814,4514172,0,1
1788843380,9029379385,4514677,0,1
1788843381,9030389934,4515182,0,1
1788843382,9031401755,4515688,0,1
1788843383,9032415478,4516195,0,1
1788843384,9033425360,4516700,0,1
1788843385,9034437804,4517206,0,1
1788843386,9035447679,4517711,0,1
1788843387,9036457256,4518216,0,1
1788843388,9037465963,4518720,0,1
1788843389,9038475101,4519225,0,1
1788843390,9039483218,4519729,0,1
1788843391,9040489617,4520232,0,1
1788843392,9041495629,4520735,0,1
1788843393,9042505894,4521240,0,1
1788843394,9043517892,4521746,0,1
1788843395,9044529886,4522252,0,1
1788843396,9045541317,4522758,0,1
1788843397,9046551678,4523263,0,1
1788843398,9047561663,4523768,0,1
1788843399,9048575785,4524275,0,1
1788843400,9049585884,4524780,0,1
1788843401,9050599584,4525287,0,1
1788843402,9051613325,4525794,0,1
1788843403,9052621791,4526298,0,1
1788843404,9053631565,4526803,0,1
1788843405,9054641584,4527308,0,1
1788843406,9055648037,4527811,0,1
1788843407,9056661201,4528318,0,1
1788843408,9057673559,4528824,0,1
1788843409,9058683856,4529329,0,1
1788843410,9059697412,4529836,0,1
1788843411,9060705784,4530340,0,1
1788843412,9061715493,4530845,0,1
1788843413,9062723853,4531349,0,1
1788843414,9063733085,4531854,0,1
1788843415,9064741347,4532358,0,1
1788843416,9065751504,4532863,0,1
1788843417,9066765702,4533370,0,1
1788843418,9067775261,4533875,0,1
1788843419,9068787853,4534381,0,1
1788843420,9069797816,4534886,0,1
1788843421,9070809275,4535392,0,1
1788843422,9071819191,4535897,0,1
1788843423,9072831390,4536403,0,1
1788843424,9073843328,4536909,0,1
1788843425,9074853554,4537414,0,1
1788843426,9075867094,4537921,0,1
1788843427,9076877534,4538426,0,1
1788843428,9077891543,4538933,0,1
1788843429,9078901623,4539438,0,1
1788843430,9079911762,4539943,0,1
1788843431,9080921490,4540448,0,1
1788843432,9081933126,4540954,0,1
1788843433,9082941485,4541458,0,1
1788843434,9083949784,4541962,0,1
1788843435,9084963304,4542469,0,1
1788843436,9085973442,4542974,0,1
1788843437,9086985229,4543480,0,1
1788843438,9087998093,4543986,0,1
1788843439,9089009223,4544492,0,1
1788843440,9090025393,4545000,0,1
1788843441,9091037408,4545506,0,1
1788843442,9092045608,4546010,0,1
1788843443,9093055480,4546515,0,1
1788843444,9094067270,4547021,0,1
1788843445,9095075493,4547525,0,1
1788843446,9096087583,4548031,0,1
1788843447,9097099358,4548537,0,1
1788843448,9098111764,4549043,0,1
1788843449,9099121357,4549548,0,1
1788843450,9100133779,4550054,0,1
1788843452,9101147537,4550561,0,1
1788843453,9102157366,4551066,0,1
1788843454,9103169715,4551572,0,1
1788843455,9104181502,4552078,0,1
1788843456,9105191188,4552583,0,1
1788843457,9106199307,4553087,0,1
1788843458,9107209736,4553592,0,1
1788843459,9108219583,4554097,0,1
1788843460,9109231358,4554603,0,1
1788843461,9110242090,4555108,0,1
1788843462,9111251458,4555613,0,1
1788843463,9112263152,4556119,0,1
1788843464,9113269617,4556622,0,1
1788843465,9114279066,4557127,0,1
1788843466,9115289095,4557632,0,1
1788843467,9116301995,4558138,0,1
1788843468,9117313312,4558644,0,1
1788843469,9118325766,4559150,0,1
1788843470,9119337736,4559656,0,1
1788843471,9120345960,4560160,0,1
1788843472,9121355327,4560665,0,1
1788843473,9122365128,4561170,0,1
1788843474,9123377347,4561676,0,1
1788843475,9124389133,4562182,0,1
1788843476,9125395546,4562685,0,1
1788843477,9126405276,4563190,0,1
1788843478,9127415129,4563695,0,1
1788843479,9128525226,4564250,0,1
1788843480,9129535251,4564755,0,1
1788843481,9130547721,4565261,0,1
1788843482,9131559201,4565767,0,1
1788843483,9132471769,4566223,0,1
1788843484,9133583591,4566779,0,1
1788843485,9134593807,4567284,0,1
1788843486,9135605093,4567790,0,1
1788843487,9136615421,4568295,0,1
1788843488,9137627570,4568801,0,1
1788843489,9138639393,4569307,0,1
1788843490,9139653433,4569814,0,1
1788843491,9140663294,4570319,0,1
1788843492,9141675292,4570825,0,1
1788843493,9142685755,4571330,0,1
1788843494,9143697820,4571836,0,1
1788843495,9144709295,4572342,0,1
1788843496,9145717663,4572846,0,1
1788843497,9146729791,4573352,0,1
1788843498,9147741405,4573858,0,1
1788843499,9148749833,4574362,0,1
1788843500,9149761287,4574868,0,1
1788843501,9150771438,4575373,0,1
1788843502,9151781632,4575878,0,1
1788843503,9152789321,4576382,0,1
1788843504,9153799444,4576887,0,1
1788843505,9154807677,4577391,0,1
1788843506,9155821911,4577898,0,1
1788843507,9156831993,4578403,0,1
1788843508,9157839841,4578907,0,1
1788843509,9158845820,4579410,0,1
1788843510,9159851570,4579913,0,1
1788843511,9160857188,4580416,0,1
1788843512,9161861974,4580918,0,1
1788843513,9162875570,4581425,0,1
1788843514,9163881261,4581928,0,1
1788843515,9164893895,4582434,0,1
1788843516,9165903624,4582939,0,1
1788843517,9166911838,4583443,0,1
1788843518,9167923348,4583949,0,1
1788843519,9168933683,4584454,0,1
1788843520,9169943671,4584959,0,1
1788843521,9170955790,4585465,0,1
1788843522,9171969287,4585972,0,1
1788843523,9172980010,4586477,0,1
1788843524,9173991153,4586983,0,1
1788843525,9174997416,4587486,0,1
1788843526,9176014055,4587994,0,1
1788843527,9177025496,4588500,0,1
1788843528,9178039259,4589007,0,1
1788843529,9179049446,4589512,0,1
1788843530,9180063192,4590019,0,1
1788843531,9181073459,4590524,0,1
1788843532,9182085977,4591030,0,1
1788843533,9183095779,4591535,0,1
1788843534,9184105415,4592040,0,1
1788843535,9185115175,4592545,0,1
1788843536,9186121881,4593048,0,1
1788843538,9187131850,4593553,0,1
1788843539,9188143378,4594059,0,1
1788843540,9189153492,4594564,0,1
1788843541,9190163505,4595069,0,1
1788843542,9191175389,4595575,0,1
1788843543,9192187789,4596081,0,1
1788843544,9193201246,4596588,0,1
1788843545,9194217598,4597096,0,1
1788843546,9195231707,4597603,0,1
1788843547,9196243975,4598109,0,1
1788843548,9197253283,4598614,0,1
1788843549,9198261317,4599118,0,1
1788843550,9199273566,4599624,0,1
1788843551,9200285843,4600130,0,1
1788843552,9201299693,4600637,0,1
1788843553,9202307092,4601141,0,1
1788843554,9203319755,4601647,0,1
1788843555,9204329119,4602152,0,1
1788843556,9205339841,4602657,0,1
1788843557,9206353609,4603164,0,1
1788843558,9207361253,4603668,0,1
1788843559,9208367931,4604171,0,1
1788843560,9209375753,4604675,0,1
1788843561,9210385103,4605180,0,1
1788843562,9211399225,4605687,0,1
1788843563,9212413320,4606194,0,1
1788843564,9213423938,4606699,0,1
1788843565,9214437672,4607206,0,1
1788843566,9215447444,4607711,0,1
1788843567,9216455320,4608215,0,1
1788843568,9217463451,4608719,0,1
1788843569,9218471578,4609223,0,1
1788843570,9219579730,4609777,0,1
1788843571,9220589063,4610282,0,1
1788843572,9221595668,4610785,0,1
1788843573,9222603860,4611289,0,1
1788843574,9223617614,4611796,0,1
1788843575,9224625821,4612300,0,1
1788843576,9225633513,4612804,0,1
1788843577,9226643130,4613309,0,1
1788843578,9227653127,4613814,0,1
1788843579,9228661450,4614318,0,1
1788843580,9229673439,4614824,0,1
1788843581,9230681703,4615328,0,1
1788843582,9231695019,4615835,0,1
1788843583,9232703400,4616339,0,1
1788843584,9233715212,4616845,0,1
1788843585,9234727215,4617351,0,1
1788843586,9235733754,4617854,0,1
1788843587,9236741256,4618358,0,1
1788843588,9237753632,4618864,0,1
1788843589,9238765711,4619370,0,1
1788843590,9239777316,4619876,0,1
1788843591,9240791141,4620383,0,1
1788843592,9241801054,4620888,0,1
1788843593,9242811939,4621393,0,1
1788843594,9243823780,4621899,0,1
1788843595,9244834024,4622404,0,1
1788843596,9245845778,4622910,0,1
1788843597,9246853255,4623414,0,1
1788843598,9247863111,4623919,0,1
1788843599,9248869586,4624422,0,1
1788843600,9249877321,4624926,0,1
1788843601,9250883944,4625429,0,1
1788843602,9251891709,4625933,0,1
1788843603,9252901542,4626438,0,1
1788843604,9253913208,4626944,0,1
1788843605,9254923503,4627449,0,1
1788843606,9255935182,4627955,0,1
1788843607,9256949138,4628462,0,1
1788843608,9257961845,4628968,0,1
1788843609,9258971964,4629473,0,1
1788843610,9259979499,4629977,0,1
1788843611,9260989887,4630482,0,1
1788843612,9261997406,4630986,0,1
1788843613,9263007515,4631491,0,1
1788843614,9264017808,4631996,0,1
1788843615,9265029782,4632502,0,1
1788843616,9266041829,4633008,0,1
1788843617,9267051447,4633513,0,1
1788843618,9268059958,4634017,0,1
1788843619,9269071422,4634523,0,1
1788843620,9270083075,4635029,0,1
1788843621,9271096081,4635535,0,1
1788843622,9272107661,4636041,0,1
1788843623,9273119014,4636547,0,1
1788843625,9274125711,4637050,0,1
1788843626,9275135774,4637555,0,1
1788843627,9276145507,4638060,0,1
1788843628,9277153434,4638564,0,1
1788843629,9278165957,4639070,0,1
1788843630,9279177444,4639576,0,1
1788843631,9280185192,4640080,0,1
1788843632,9281195125,4640585,0,1
1788843633,9282207552,4641091,0,1
1788843634,9283219388,4641597,0,1
1788843635,9284229902,4642102,0,1
1788843636,9285241598,4642608,0,1
1788843637,9286253259,4643114,0,1
1788843638,9287265128,4643620,0,1
1788843639,9288275067,4644125,0,1
1788843640,9289285510,4644630,0,1
1788843641,9290295723,4645135,0,1
1788843642,9291305629,4645640,0,1
1788843643,9292415463,4646195,0,1
1788843644,9293423312,4646699,0,1
1788843645,9294429707,4647202,0,1
1788843646,9295437086,4647706,0,1
1788843647,9296441849,4648208,0,1
1788843648,9297451549,4648713,0,1
1788843649,9298459640,4649217,0,1
1788843650,9299467574,4649721,0,1
1788843651,9300475720,4650225,0,1
1788843652,9301485315,4650730,0,1
1788843653,9302493258,4651234,0,1
1788843654,9303501510,4651738,0,1
1788843655,9304511870,4652243,0,1
1788843656,9305523126,4652749,0,1
1788843657,9306535837,4653255,0,1
1788843658,9307545523,4653760,0,1
1788843659,9308557997,4654266,0,1
1788843660,9309571712,4654773,0,1
1788843661,9310581960,4655278,0,1
1788843662,9311595324,4655785,0,1
1788843663,9312605449,4656290,0,1
1788843664,9313619345,4656797,0,1
1788843665,9314633194,4657304,0,1
1788843666,9315645318,4657810,0,1
1788843667,9316655732,4658315,0,1
1788843668,9317667284,4658821,0,1
1788843669,9318675280,4659325,0,1
1788843670,9319683157,4659829,0,1
1788843671,9320691972,4660333,0,1
1788843672,9321703281,4660839,0,1
1788843673,9322715731,4661345,0,1
1788843674,9323727397,4661851,0,1
1788843675,9324737231,4662356,0,1
1788843676,9325747274,4662861,0,1
1788843677,9326755277,4663365,0,1
1788843678,9327765150,4663870,0,1
1788843679,9328775688,4664375,0,1
1788843680,9329787800,4664881,0,1
1788843681,9330797653,4665386,0,1
1788843682,9331807362,4665891,0,1
1788843683,9332817873,4666396,0,1
1788843684,9333829569,4666902,0,1
1788843685,9334837514,4667406,0,1
1788843686,9335847355,4667911,0,1
1788843687,9336859227,4668417,0,1
1788843688,9337873221,4668924,0,1
1788843689,9338881640,4669428,0,1
1788843690,9339893851,4669934,0,1
1788843691,9340907702,4670441,0,1
1788843692,9341917767,4670946,0,1
1788843693,9342925840,4671450,0,1
1788843694,9343941609,4671958,0,1
1788843695,9344951879,4672463,0,1
1788843696,9345961247,4672968,0,1
1788843697,9346970021,4673472,0,1
1788843698,9347981317,4673978,0,1
1788843699,9348989051,4674482,0,1
1788843700,9349995719,4674985,0,1
1788843701,9351007519,4675491,0,1
1788843702,9352017650,4675996,0,1
1788843703,9353027355,4676501,0,1
1788843704,9354037536,4677006,0,1
1788843705,9355047518,4677511,0,1
1788843706,9356057842,4678016,0,1
1788843707,9357069808,4678522,0,1
1788843708,9358081658,4679028,0,1
1788843709,9359089553,4679532,0,1
1788843710,9360101558,4680038,0,1
1788843711,9361111261,4680543,0,1
1788843713,9362123623,4681049,0,1
1788843714,9363139891,4681557,0,1
1788843715,9364153487,4682064,0,1
1788843716,9365163493,4682569,0,1
1788843717,9366171963,4683073,0,1
1788843718,9367181086,4683578,0,1
1788843719,9368191947,4684083,0,1
1788843720,9369205474,4684590,0,1
1788843721,9370215998,4685095,0,1
1788843722,9371225627,4685600,0,1
1788843723,9372239597,4686107,0,1
1788843724,9373253527,4686614,0,1
1788843725,9374267125,4687121,0,1
1788843726,9375277324,4687626,0,1
1788843727,9376289824,4688132,0,1
1788843728,9377303242,4688639,0,1
1788843729,9378320017,4689147,0,1
1788843730,9379327899,4689651,0,1
1788843731,9380337959,4690156,0,1
1788843732,9381347885,4690661,0,1
1788843733,9382358013,4691166,0,1
1788843734,9383367232,4691671,0,1
1788843735,9384373638,4692174,0,1
1788843736,9385383960,4692679,0,1
1788843737,9386395764,4693185,0,1
1788843738,9387407819,4693691,0,1
1788843739,9388421889,4694198,0,1
1788843740,9389433539,4694704,0,1
1788843741,9390443722,4695209,0,1
1788843742,9391455664,4695715,0,1
1788843743,9392463897,4696219,0,1
1788843744,9393471422,4696723,0,1
1788843745,9394483086,4697229,0,1
1788843746,9395493659,4697734,0,1
1788843747,9396503707,4698239,0,1
1788843748,9397615968,4698795,0,1
1788843749,9398625610,4699300,0,1
1788843750,9399639202,4699807,0,1
1788843751,9400649846,4700312,0,1
1788843752,9401657528,4700816,0,1
1788843753,9402665192,4701320,0,1
1788843754,9403671948,4701823,0,1
1788843755,9404679149,4702327,0,1
1788843756,9405689783,4702832,0,1
1788843757,9406697414,4703336,0,1
1788843758,9407705447,4703840,0,1
1788843759,9408715189,4704345,0,1
1788843760,9409725579,4704850,0,1
1788843761,9410735267,4705355,0,1
1788843762,9411745515,4705860,0,1
1788843763,9412751557,4706363,0,1
1788843764,9413759244,4706867,0,1
1788843765,9414767851,4707371,0,1
1788843766,9415781704,4707878,0,1
1788843767,9416787479,4708381,0,1
1788843768,9417797375,4708886,0,1
1788843769,9418809715,4709392,0,1
1788843770,9419823152,4709899,0,1
1788843771,9420837191,4710406,0,1
1788843772,9421843051,4710909,0,1
1788843773,9422849521,4711412,0,1
1788843774,9423857839,4711916,0,1
1788843775,9424863825,4712419,0,1
1788843776,9425871381,4712923,0,1
1788843777,9426877697,4713426,0,1
1788843778,9427891518,4713933,0,1
1788843779,9428899947,4714437,0,1
1788843780,9429905761,4714940,0,1
1788843781,9430913628,4715444,0,1
1788843782,9431923190,4715949,0,1
1788843783,9432929936,4716452,0,1
1788843784,9433939390,4716957,0,1
1788843785,9434945732,4717460,0,1
1788843786,9435957843,4717966,0,1
1788843787,9436965091,4718470,0,1
1788843788,9438073437,4719024,0,1
1788843789,9439083897,4719529,0,1
1788843790,9440093256,4720034,0,1
1788843791,9441107128,4720541,0,1
1788843792,9442117202,4721046,0,1
1788843793,9443129612,4721552,0,1
1788843794,9444135643,4722055,0,1
1788843795,9445143255,4722559,0,1
1788843796,9446155864,4723065,0,1
1788843797,9447167408,4723571,0,1
1788843798,9448181108,4724078,0,1
1788843799,9449189856,4724582,0,1
1788843800,9450197768,4725086,0,1
1788843802,9451203763,4725589,0,1
1788843803,9452213630,4726094,0,1
1788843804,9453223636,4726599,0,1
1788843805,9454233438,4727104,0,1
1788843806,9455243509,4727609,0,1
1788843807,9456251305,4728113,0,1
1788843808,9457259622,4728617,0,1
1788843809,9458271275,4729123,0,1
1788843810,9459281454,4729628,0,1
1788843811,9460291867,4730133,0,1
1788843812,9461303504,4730639,0,1
1788843813,9462313899,4731144,0,1
1788843814,9463323787,4731649,0,1
1788843815,9464335587,4732155,0,1
1788843816,9465345735,4732660,0,1
1788843817,9466357449,4733166,0,1
1788843818,9467365379,4733670,0,1
1788843819,9468373125,4734174,0,1
1788843820,9469379447,4734677,0,1
1788843821,9470387720,4735181,0,1
1788843822,9471393596,4735684,0,1
1788843823,9472399378,4736187,0,1
1788843824,9473405935,4736690,0,1
1788843825,9474415385,4737195,0,1
1788843826,9475427820,4737701,0,1
1788843827,9476437423,4738206,0,1
1788843828,9477448007,4738711,0,1
1788843829,9478459587,4739217,0,1
1788843830,9479467701,4739721,0,1
1788843831,9480473904,4740224,0,1
1788843832,9481485766,4740730,0,1
1788843833,9482497183,4741236,0,1
1788843834,9483505678,4741740,0,1
1788843835,9484515142,4742245,0,1
1788843836,9485523703,4742749,0,1
1788843837,9486531443,4743253,0,1
1788843838,9487543047,4743759,0,1
1788843839,9488551842,4744263,0,1
1788843840,9489563692,4744769,0,1
1788843841,9490573320,4745274,0,1
1788843842,9491579128,4745777,0,1
1788843843,9492585127,4746280,0,1
1788843844,9493691199,4746833,0,1
1788843845,9494697191,4747336,0,1
1788843846,9495705335,4747840,0,1
1788843847,9496711448,4748343,0,1
1788843848,9497719251,4748847,0,1
1788843849,9498727056,4749351,0,1
1788843850,9499733825,4749854,0,1
1788843851,9500745824,4750360,0,1
1788843852,9501755749,4750865,0,1
1788843853,9502767438,4751371,0,1
1788843854,9503777652,4751876,0,1
1788843855,9504787745,4752381,0,1
1788843856,9505801188,4752888,0,1
1788843857,9506809204,4753392,0,1
1788843858,9507819503,4753897,0,1
1788843859,9508829583,4754402,0,1
1788843860,9509839575,4754907,0,1
1788843861,9510847449,4755411,0,1
1788843862,9511855835,4755915,0,1
1788843863,9512865375,4756420,0,1
1788843864,9513873092,4756924,0,1
1788843865,9514879709,4757427,0,1
1788843866,9515891949,4757933,0,1
1788843867,9516901878,4758438,0,1
1788843868,9517909651,4758942,0,1
1788843869,9518919189,4759447,0,1
1788843870,9519927443,4759951,0,1
1788843871,9520937890,4760456,0,1
1788843872,9521947412,4760961,0,1
1788843873,9522959297,4761467,0,1
1788843874,9523967836,4761971,0,1
1788843875,9524979244,4762477,0,1
1788843876,9525989584,4762982,0,1
1788843877,9526997446,4763486,0,1
1788843878,9528009735,4763992,0,1
1788843879,9529017458,4764496,0,1
1788843880,9530123969,4765049,0,1
1788843881,9531037669,4765506,0,1
1788843882,9532147974,4766061,0,1
1788843883,9533159785,4766567,0,1
1788843884,9534169501,4767072,0,1
1788843885,9535177877,4767576,0,1
1788843886,9536191437,4768083,0,1
1788843887,9537203542,4768589,0,1
1788843889,9538213345,4769094,0,1
1788843890,9539123264,4769549,0,1
1788843891,9540135190,4770055,0,1
1788843892,9541147429,4770561,0,1
1788843893,9542159920,4771067,0,1
1788843894,9543169842,4771572,0,1
1788843895,9544279870,4772127,0,1
1788843896,9545191821,4772583,0,1
1788843897,9546203782,4773089,0,1
1788843898,9547215194,4773595,0,1
1788843899,9548325098,4774150,0,1
1788843900,9549331927,4774653,0,1
1788843901,9550341746,4775158,0,1
1788843902,9551351974,4775663,0,1
1788843903,9552365776,4776170,0,1
1788843904,9553379122,4776677,0,1
1788843905,9554387500,4777181,0,1
1788843906,9555399504,4777687,0,1
1788843907,9556409272,4778192,0,1
1788843908,9557419250,4778697,0,1
1788843909,9558433344,4779204,0,1
1788843910,9559441467,4779708,0,1
1788843911,9560455092,4780215,0,1
1788843912,9561469420,4780722,0,1
1788843913,9562483771,4781229,0,1
1788843914,9563396010,4781685,0,1
1788843915,9564407581,4782191,0,1
1788843916,9565419853,4782697,0,1
1788843917,9566433460,4783204,0,1
1788843918,9567443578,4783709,0,1
1788843919,9568455225,4784215,0,1
1788843920,9569467356,4784721,0,1
1788843921,9570477764,4785226,0,1
1788843922,9571491813,4785733,0,1
1788843923,9572501645,4786238,0,1
1788843924,9573609768,4786792,0,1
1788843925,9574621190,4787298,0,1
1788843926,9575631330,4787803,0,1
1788843927,9576641844,4788308,0,1
1788843928,9577651503,4788813,0,1
1788843929,9578661580,4789318,0,1
1788843930,9579669604,4789822,0,1
1788843931,9580685351,4790330,0,1
1788843932,9581693975,4790834,0,1
1788843933,9582703740,4791339,0,1
1788843934,9583713508,4791844,0,1
1788843935,9584725817,4792350,0,1
1788843936,9585737405,4792856,0,1
1788843937,9586749618,4793362,0,1
1788843938,9587759302,4793867,0,1
1788843939,9588771078,4794373,0,1
1788843940,9589783053,4794879,0,1
1788843941,9590789499,4795382,0,1
1788843942,9591795384,4795885,0,1
1788843943,9592801435,4796388,0,1
1788843944,9593805972,4796890,0,1
1788843945,9594815266,4797395,0,1
1788843946,9595827186,4797901,0,1
1788843947,9596833189,4798404,0,1
1788843948,9597843770,4798909,0,1
1788843949,9598855151,4799415,0,1
1788843950,9599865510,4799920,0,1
1788843951,9600873459,4800424,0,1
1788843952,9601887924,4800931,0,1
1788843953,9602899419,4801437,0,1
1788843954,9603911049,4801943,0,1
1788843955,9604921796,4802448,0,1
1788843956,9605933561,4802954,0,1
1788843957,9606941553,4803458,0,1
1788843958,9607951806,4803963,0,1
1788843959,9608963950,4804469,0,1
1788843960,9609973799,4804974,0,1
1788843961,9610985380,4805480,0,1
1788843962,9611995426,4805985,0,1
1788843963,9613003262,4806489,0,1
1788843964,9614011939,4806993,0,1
1788843965,9615021660,4807498,0,1
1788843966,9616031148,4808003,0,1
1788843967,9617041241,4808508,0,1
1788843968,9618047834,4809011,0,1
1788843969,9619159511,4809567,0,1
1788843970,9620169856,4810072,0,1
1788843971,9621181129,4810578,0,1
1788843972,9622189655,4811082,0,1
1788843973,9623201347,4811588,0,1
1788843975,9624209110,4812092,0,1
1788843976,9625219534,4812597,0,1
1788843977,9626231361,4813103,0,1
1788843978,9627243771,4813609,0,1
1788843979,9628259574,4814117,0,1
1788843980,9629269337,4814622,0,1
1788843981,9630181852,4815078,0,1
1788843982,9631291847,4815633,0,1
1788843983,9632301970,4816138,0,1
1788843984,9633313191,4816644,0,1
1788843985,9634319536,4817147,0,1
1788843986,9635331189,4817653,0,1
1788843987,9636339448,4818157,0,1
1788843988,9637349114,4818662,0,1
1788843989,9638361010,4819168,0,1
1788843990,9639372019,4819673,0,1
1788843991,9640387272,4820181,0,1
1788843992,9641397880,4820686,0,1
1788843993,9642407877,4821191,0,1
1788843994,9643421401,4821698,0,1
1788843995,9644429571,4822202,0,1
1788843996,9645443535,4822709,0,1
1788843997,9646451644,4823213,0,1
1788843998,9647465539,4823720,0,1
1788843999,9648475748,4824225,0,1
1788844000,9649489621,4824732,0,1
1788844001,9650501684,4825238,0,1
1788844002,9651513126,4825744,0,1
1788844003,9652525528,4826250,0,1
1788844004,9653537568,4826756,0,1
1788844005,9654545696,4827260,0,1
1788844006,9655555532,4827765,0,1
1788844007,9656567703,4828271,0,1
1788844008,9657575944,4828775,0,1
1788844009,9658591319,4829283,0,1
1788844010,9659603627,4829789,0,1
1788844011,9660613135,4830294,0,1
1788844012,9661625265,4830800,0,1
1788844013,9662635454,4831305,0,1
1788844014,9663643733,4831809,0,1
1788844015,9664653780,4832314,0,1
1788844016,9665667807,4832821,0,1
1788844017,9666677767,4833326,0,1
1788844018,9667687109,4833831,0,1
1788844019,9668697602,4834336,0,1
1788844020,9669707854,4834841,0,1
1788844021,9670717195,4835346,0,1
1788844022,9671727404,4835851,0,1
1788844023,9672741522,4836358,0,1
1788844024,9673749896,4836862,0,1
1788844025,9674759153,4837367,0,1
1788844026,9675767698,4837871,0,1
1788844027,9676781095,4838378,0,1
1788844028,9677787873,4838881,0,1
1788844029,9678797790,4839386,0,1
1788844030,9679807406,4839891,0,1
1788844031,9680817970,4840396,0,1
1788844032,9681827260,4840901,0,1
1788844033,9682835736,4841405,0,1
1788844034,9683845717,4841910,0,1
1788844035,9684859294,4842417,0,1
1788844036,9685865705,4842920,0,1
1788844037,9686876014,4843425,0,1
1788844038,9687885693,4843930,0,1
1788844039,9688897405,4844436,0,1
1788844040,9689909524,4844942,0,1
1788844041,9690923410,4845449,0,1
1788844042,9691935854,4845955,0,1
1788844043,9692949325,4846462,0,1
1788844044,9693961440,4846968,0,1
1788844045,9694971285,4847473,0,1
1788844046,9695981446,4847978,0,1
1788844047,9696989405,4848482,0,1
1788844048,9697999951,4848987,0,1
1788844049,9699011887,4849493,0,1
1788844050,9700022034,4849998,0,1
1788844051,9701037092,4850506,0,1
1788844052,9702043807,4851009,0,1
1788844053,9703057052,4851516,0,1
1788844054,9704069307,4852022,0,1
1788844055,9705079780,4852527,0,1
1788844056,9706091413,4853033,0,1
1788844057,9707107067,4853541,0,1
1788844058,9708119099,4854047,0,1
1788844059,9709131703,4854553,0,1
1788844060,9710139808,4855057,0,1
1788844061,9711151125,4855563,0,1
1788844062,9712159623,4856067,0,1
1788844063,9713171190,4856573,0,1
1788844065,9714179388,4857077,0,1
1788844066,9715187511,4857581,0,1
1788844067,9716201766,4858088,0,1
1788844068,9717213884,4858594,0,1
1788844069,9718227971,4859101,0,1
1788844070,9719241878,4859608,0,1
1788844071,9720251672,4860113,0,1
1788844072,9721265693,4860620,0,1
1788844073,9722277073,4861126,0,1
1788844074,9723285571,4861630,0,1
1788844075,9724293651,4862134,0,1
1788844076,9725301152,4862638,0,1
1788844077,9726309554,4863142,0,1
1788844078,9727317564,4863646,0,1
1788844079,9728327527,4864151,0,1
1788844080,9729339569,4864657,0,1
1788844081,9730351494,4865163,0,1
1788844082,9731365257,4865670,0,1
1788844083,9732377263,4866176,0,1
1788844084,9733387801,4866681,0,1
1788844085,9734398067,4867186,0,1
1788844086,9735409537,4867692,0,1
1788844087,9736417610,4868196,0,1
1788844088,9737433422,4868704,0,1
1788844089,9738443756,4869209,0,1
1788844090,9739457906,4869716,0,1
1788844091,9740471354,4870223,0,1
1788844092,9741485360,4870730,0,1
1788844093,9742495523,4871235,0,1
1788844094,9743505762,4871740,0,1
1788844095,9744513184,4872244,0,1
1788844096,9745519448,4872747,0,1
1788844097,9746527957,4873251,0,1
1788844098,9747537975,4873756,0,1
1788844099,9748547676,4874261,0,1
1788844100,9749563857,4874769,0,1
1788844101,9750575313,4875275,0,1
1788844102,9751583094,4875779,0,1
1788844103,9752593125,4876284,0,1
1788844104,9753605604,4876790,0,1
1788844105,9754615578,4877295,0,1
1788844106,9755623693,4877799,0,1
1788844107,9756635381,4878305,0,1
1788844108,9757645450,4878810,0,1
1788844109,9758653168,4879314,0,1
1788844110,9759663477,4879819,0,1
1788844111,9760673282,4880324,0,1
1788844112,9761683193,4880829,0,1
1788844113,9762691522,4881333,0,1
1788844114,9763701447,4881838,0,1
1788844115,9764713772,4882344,0,1
1788844116,9765725569,4882850,0,1
1788844117,9766735565,4883355,0,1
1788844118,9767741909,4883858,0,1
1788844119,9768753318,4884364,0,1
1788844120,9769763559,4884869,0,1
1788844121,9770775558,4885375,0,1
1788844122,9771787735,4885881,0,1
1788844123,9772797665,4886386,0,1
1788844124,9773810016,4886892,0,1
1788844125,9774817963,4887396,0,1
1788844126,9775829444,4887902,0,1
1788844127,9776837203,4888406,0,1
1788844128,9777947676,4888961,0,1
1788844129,9778959553,4889467,0,1
1788844130,9779873322,4889924,0,1
1788844131,9780883823,4890429,0,1
1788844132,9781895557,4890935,0,1
1788844133,9782911483,4891443,0,1
1788844134,9783921203,4891948,0,1
1788844135,9784931952,4892453,0,1
1788844136,9785941105,4892958,0,1
1788844137,9786951250,4893463,0,1
1788844138,9787963636,4893969,0,1
1788844139,9788975846,4894475,0,1
1788844140,9789983082,4894979,0,1
1788844141,9790995614,4895485,0,1
1788844142,9792107231,4896041,0,1
1788844143,9793019620,4896497,0,1
1788844144,9794031253,4897003,0,1
1788844145,9795047299,4897511,0,1
1788844146,9796057486,4898016,0,1
1788844147,9797069791,4898522,0,1
1788844148,9798083191,4899029,0,1
1788844149,9799093485,4899534,0,1
1788844150,9800103916,4900039,0,1
1788844151,9801115914,4900545,0,1
1788844153,9802133293,4901054,0,1
1788844154,9803145878,4901560,0,1
1788844155,9804161597,4902068,0,1
1788844156,9805169951,4902572,0,1
1788844157,9806181958,4903078,0,1
1788844158,9807193080,4903584,0,1
1788844159,9808204036,4904089,0,1
1788844160,9809213905,4904594,0,1
1788844161,9810221898,4905098,0,1
1788844162,9811235080,4905605,0,1
1788844163,9812245676,4906110,0,1
1788844164,9813257524,4906616,0,1
1788844165,9814269519,4907122,0,1
1788844166,9815279180,4907627,0,1
1788844167,9816288034,4908131,0,1
1788844168,9817299373,4908637,0,1
1788844169,9818307635,4909141,0,1
1788844170,9819317895,4909646,0,1
1788844171,9820329817,4910152,0,1
1788844172,9821341588,4910658,0,1
1788844173,9822353755,4911164,0,1
1788844174,9823365376,4911670,0,1
1788844175,9824371126,4912173,0,1
1788844176,9825481015,4912728,0,1
1788844177,9826393750,4913184,0,1
1788844178,9827405012,4913690,0,1
1788844179,9828513524,4914244,0,1
1788844180,9829521338,4914748,0,1
1788844181,9830531486,4915253,0,1
1788844182,9831541055,4915758,0,1
1788844183,9832549276,4916262,0,1
1788844184,9833557522,4916766,0,1
1788844185,9834565474,4917270,0,1
1788844186,9835573662,4917774,0,1
1788844187,9836581697,4918278,0,1
1788844188,9837593473,4918784,0,1
1788844189,9838601253,4919288,0,1
1788844190,9839609654,4919792,0,1
1788844191,9840623928,4920299,0,1
1788844192,9841635709,4920805,0,1
1788844193,9842645963,4921310,0,1
1788844194,9843655187,4921815,0,1
1788844195,9844663612,4922319,0,1
1788844196,9845675698,4922825,0,1
1788844197,9846683416,4923329,0,1
1788844198,9847689771,4923832,0,1
1788844199,9848697197,4924336,0,1
1788844200,9849703005,4924839,0,1
1788844201,9850711335,4925343,0,1
1788844202,9851721190,4925848,0,1
1788844203,9852731273,4926353,0,1
1788844204,9853741759,4926858,0,1
1788844205,9854755568,4927365,0,1
1788844206,9855767462,4927871,0,1
1788844207,9856777547,4928376,0,1
1788844208,9857787513,4928881,0,1
1788844209,9858797521,4929386,0,1
1788844210,9859809187,4929892,0,1
1788844211,9860819366,4930397,0,1
1788844212,9861827754,4930901,0,1
1788844213,9862837252,4931406,0,1
1788844214,9863843388,4931909,0,1
1788844215,9864851222,4932413,0,1
1788844216,9865859879,4932917,0,1
1788844217,9866869781,4933422,0,1
1788844218,9867879354,4933927,0,1
1788844219,9868889847,4934432,0,1
1788844220,9869901255,4934938,0,1
1788844221,9870915186,4935445,0,1
1788844222,9871925458,4935950,0,1
1788844223,9872939312,4936457,0,1
1788844224,9873947921,4936961,0,1
1788844225,9874955332,4937465,0,1
1788844226,9875961906,4937968,0,1
1788844227,9876969455,4938472,0,1
1788844228,9877981488,4938978,0,1
1788844229,9878991859,4939483,0,1
1788844230,9880109657,4940042,0,1
1788844231,9881123293,4940549,0,1
1788844232,9882133271,4941054,0,1
1788844233,9883143515,4941559,0,1
1788844234,9884153537,4942064,0,1
1788844235,9885165545,4942570,0,1
1788844236,9886175450,4943075,0,1
1788844237,9887185853,4943580,0,1
1788844238,9888197830,4944086,0,1
1788844240,9889209435,4944592,0,1
1788844241,9890221631,4945098,0,1
1788844242,9891231692,4945603,0,1
1788844243,9892243381,4946109,0,1
1788844244,9893257289,4946616,0,1
1788844245,9894265944,4947120,0,1
1788844246,9895279614,4947627,0,1
1788844247,9896289944,4948132,0,1
1788844248,9897301672,4948638,0,1
1788844249,9898315640,4949145,0,1
1788844250,9899325382,4949650,0,1
1788844251,9900335796,4950155,0,1
1788844252,9901347192,4950661,0,1
1788844253,9902359296,4951167,0,1
1788844254,9903369976,4951672,0,1
1788844255,9904379721,4952177,0,1
1788844256,9905395920,4952685,0,1
1788844257,9906403881,4953189,0,1
1788844258,9907415707,4953695,0,1
1788844259,9908423119,4954199,0,1
1788844260,9909431532,4954703,0,1
1788844261,9910439429,4955207,0,1
1788844262,9911453040,4955714,0,1
1788844263,9912463398,4956219,0,1
1788844264,9913469827,4956722,0,1
1788844265,9914481743,4957228,0,1
1788844266,9915495439,4957735,0,1
1788844267,9916505125,4958240,0,1
1788844268,9917513837,4958744,0,1
1788844269,9918523289,4959249,0,1
1788844270,9919531449,4959753,0,1
1788844271,9920539698,4960257,0,1
1788844272,9921549196,4960762,0,1
1788844273,9922559907,4961267,0,1
1788844274,9923569643,4961772,0,1
1788844275,9924581998,4962278,0,1
1788844276,9925589831,4962782,0,1
1788844277,9926597760,4963286,0,1
1788844278,9927605646,4963790,0,1
1788844279,9928615053,4964295,0,1
1788844280,9929627131,4964801,0,1
1788844281,9930633383,4965304,0,1
1788844282,9931647076,4965811,0,1
1788844283,9932659488,4966317,0,1
1788844284,9933671465,4966823,0,1
1788844285,9934681273,4967328,0,1
1788844286,9935691582,4967833,0,1
1788844287,9936703189,4968339,0,1
1788844288,9937711971,4968843,0,1
1788844289,9938723191,4969349,0,1
1788844290,9939733318,4969854,0,1
1788844291,9940741628,4970358,0,1
1788844292,9941750021,4970862,0,1
1788844293,9942761736,4971368,0,1
1788844294,9943773775,4971874,0,1
1788844295,9944781322,4972378,0,1
1788844296,9945791827,4972883,0,1
1788844297,9946801809,4973388,0,1
1788844298,9947809969,4973892,0,1
1788844299,9948819288,4974397,0,1
1788844300,9949831129,4974903,0,1
1788844301,9950843272,4975409,0,1
1788844302,9951853319,4975914,0,1
1788844303,9952863560,4976419,0,1
1788844304,9953879259,4976927,0,1
1788844305,9954891568,4977433,0,1
1788844306,9955901128,4977938,0,1
1788844307,9956911579,4978443,0,1
1788844308,9957921224,4978948,0,1
1788844309,9958929861,4979452,0,1
1788844310,9959943946,4979959,0,1
1788844311,9960955453,4980465,0,1
1788844312,9961965499,4980970,0,1
1788844313,9962975302,4981475,0,1
1788844314,9963987378,4981981,0,1
1788844315,9964997832,4982486,0,1
1788844316,9966011258,4982993,0,1
1788844317,9967021903,4983498,0,1
1788844318,9968031293,4984003,0,1
1788844319,9969041513,4984508,0,1
1788844320,9970049159,4985012,0,1
1788844321,9971057604,4985516,0,1
1788844322,9972163640,4986069,0,1
1788844323,9973071567,4986523,0,1
1788844324,9974183660,4987079,0,1
1788844325,9975197084,4987586,0,1
1788844327,9976209365,4988092,0,1
1788844328,9977225438,4988600,0,1
1788844329,9978237844,4989106,0,1
1788844330,9979249538,4989612,0,1
1788844331,9980259458,4990117,0,1
1788844332,9981269336,4990622,0,1
1788844333,9982283700,4991129,0,1
1788844334,9983297453,4991636,0,1
1788844335,9984309650,4992142,0,1
1788844336,9985317580,4992646,0,1
1788844337,9986323506,4993149,0,1
1788844338,9987333637,4993654,0,1
1788844339,9988345380,4994160,0,1
1788844340,9989351633,4994663,0,1
1788844341,9990363673,4995169,0,1
1788844342,9991377661,4995676,0,1
1788844343,9992389075,4996182,0,1
1788844344,9993395944,4996685,0,1
1788844345,9994405634,4997190,0,1
1788844346,9995417514,4997696,0,1
1788844347,9996429383,4998202,0,1
1788844348,9997443329,4998709,0,1
1788844349,9998457303,4999216,0,1
1788844350,9999467498,4999721,0,1
1788844351,10000481599,5000228,0,1
1788844352,10001489309,5000732,0,1
1788844353,10002499070,5001237,0,1
1788844354,10003509843,5001742,0,1
1788844355,10004521743,5002248,0,1
1788844356,10005529763,5002752,0,1
1788844357,10006541559,5003258,0,1
1788844358,10007555139,5003765,0,1
1788844359,10008565847,5004270,0,1
1788844360,10009577694,5004776,0,1
1788844361,10010587203,5005281,0,1
1788844362,10011597351,5005786,0,1
1788844363,10012605316,5006290,0,1
1788844364,10013615459,5006795,0,1
1788844365,10014627519,5007301,0,1
1788844366,10015635547,5007805,0,1
1788844367,10016647073,5008311,0,1
1788844368,10017657776,5008816,0,1
1788844369,10018669255,5009322,0,1
1788844370,10019681793,5009828,0,1
1788844371,10020689641,5010332,0,1
1788844372,10021705362,5010840,0,1
1788844373,10022717689,5011346,0,1
1788844374,10023729509,5011852,0,1
1788844375,10024739494,5012357,0,1
1788844376,10025751892,5012863,0,1
1788844377,10026765521,5013370,0,1
1788844378,10027773568,5013874,0,1
1788844379,10028783396,5014379,0,1
1788844380,10029795409,5014885,0,1
1788844381,10030809472,5015392,0,1
1788844382,10031821512,5015898,0,1
1788844383,10032827126,5016401,0,1
1788844384,10033837926,5016906,0,1
1788844385,10034849138,5017412,0,1
1788844386,10035859793,5017917,0,1
1788844387,10036867668,5018421,0,1
1788844388,10037881912,5018928,0,1
1788844389,10038893318,5019434,0,1
1788844390,10039903261,5019939,0,1
1788844391,10040917231,5020446,0,1
1788844392,10041923575,5020949,0,1
1788844393,10042931404,5021453,0,1
1788844394,10043939321,5021957,0,1
1788844395,10044947127,5022461,0,1
1788844396,10045957535,5022966,0,1
1788844397,10046965362,5023470,0,1
1788844398,10047973776,5023974,0,1
1788844399,10048981125,5024478,0,1
1788844400,10049991343,5024983,0,1
1788844401,10051001642,5025488,0,1
1788844402,10052011527,5025993,0,1
1788844403,10053021894,5026498,0,1
1788844404,10054033607,5027004,0,1
1788844405,10055045073,5027510,0,1
1788844406,10056053963,5028014,0,1
1788844407,10057067509,5028521,0,1
1788844408,10058075444,5029025,0,1
1788844409,10059087687,5029531,0,1
1788844410,10060101828,5030038,0,1
1788844411,10061113667,5030544,0,1
1788844412,10062127918,5031051,0,1
1788844413,10063137782,5031556,0,1
1788844414,10064147819,5032061,0,1
1788844415,10065161217,5032568,0,1
1788844417,10066171256,5033073,0,1
1788844418,10067179813,5033577,0,1
1788844419,10068187512,5034081,0,1
1788844420,10069193891,5034584,0,1
1788844421,10070201354,5035088,0,1
1788844422,10071207906,5035591,0,1
1788844423,10072219203,5036097,0,1
1788844424,10073235644,5036605,0,1
1788844425,10074249950,5037112,0,1
1788844426,10075261814,5037618,0,1
1788844427,10076272019,5038123,0,1
1788844428,10077279957,5038627,0,1
1788844429,10078293575,5039134,0,1
1788844430,10079303680,5039639,0,1
1788844431,10080315770,5040145,0,1
1788844432,10081327387,5040651,0,1
1788844433,10082335965,5041155,0,1
1788844434,10083351387,5041663,0,1
1788844435,10084365388,5042170,0,1
1788844436,10085377893,5042676,0,1
1788844437,10086393080,5043184,0,1
1788844438,10087403104,5043689,0,1
1788844439,10088413831,5044194,0,1
1788844440,10089427489,5044701,0,1
1788844441,10090437381,5045206,0,1
1788844442,10091451840,5045713,0,1
1788844443,10092459820,5046217,0,1
1788844444,10093471915,5046723,0,1
1788844445,10094487598,5047231,0,1
1788844446,10095501642,5047738,0,1
1788844447,10096513616,5048244,0,1
1788844448,10097521551,5048748,0,1
1788844449,10098533705,5049254,0,1
1788844450,10099543491,5049759,0,1
1788844451,10100549570,5050262,0,1
1788844452,10101561321,5050768,0,1
1788844453,10102569251,5051272,0,1
1788844454,10103577655,5051776,0,1
1788844455,10104583960,5052279,0,1
1788844456,10105589360,5052782,0,1
1788844457,10106599652,5053287,0,1
1788844458,10107611147,5053793,0,1
1788844459,10108617663,5054296,0,1
1788844460,10109631363,5054803,0,1
1788844461,10110641579,5055308,0,1
1788844462,10111651305,5055813,0,1
1788844463,10112659725,5056317,0,1
1788844464,10113671572,5056823,0,1
1788844465,10114681530,5057328,0,1
1788844466,10115689661,5057832,0,1
1788844467,10116699532,5058337,0,1
1788844468,10117809201,5058892,0,1
1788844469,10118719415,5059347,0,1
1788844470,10119731897,5059853,0,1
1788844471,10120743307,5060359,0,1
1788844472,10121853757,5060914,0,1
1788844473,10122863972,5061419,0,1
1788844474,10123877422,5061926,0,1
1788844475,10124887171,5062431,0,1
1788844476,10125897624,5062936,0,1
1788844477,10126909522,5063442,0,1
1788844478,10127921684,5063948,0,1
1788844479,10128835822,5064405,0,1
1788844480,10129847994,5064911,0,1
1788844481,10130859162,5065417,0,1
1788844482,10131869463,5065922,0,1
1788844483,10132879317,5066427,0,1
1788844484,10133889918,5066932,0,1
1788844485,10134903860,5067439,0,1
1788844486,10135919462,5067947,0,1
1788844487,10136931702,5068453,0,1
1788844488,10137939777,5068957,0,1
1788844489,10138951483,5069463,0,1
1788844490,10139963408,5069969,0,1
1788844491,10140973473,5070474,0,1
1788844492,10141981489,5070978,0,1
1788844493,10143087452,5071531,0,1
1788844494,10144095889,5072035,0,1
1788844495,10145105697,5072540,0,1
1788844496,10146111506,5073043,0,1
1788844497,10147117950,5073546,0,1
1788844498,10148125416,5074050,0,1
1788844499,10149135379,5074555,0,1
1788844500,10150143870,5075059,0,1
1788844501,10151153644,5075564,0,1
1788844502,10152165110,5076070,0,1
1788844503,10153173124,5076574,0,1
1788844505,10154181567,5077078,0,1
1788844506,10155187954,5077581,0,1
1788844507,10156199757,5078087,0,1
1788844508,10157211338,5078593,0,1
1788844509,10158221399,5079098,0,1
1788844510,10159229921,5079602,0,1
1788844511,10160237950,5080106,0,1
1788844512,10161249131,5080612,0,1
1788844513,10162259533,5081117,0,1
1788844514,10163265882,5081620,0,1
1788844515,10164275130,5082125,0,1
1788844516,10165287284,5082631,0,1
1788844517,10166297588,5083136,0,1
1788844518,10167309320,5083642,0,1
1788844519,10168323320,5084149,0,1
1788844520,10169331926,5084653,0,1
1788844521,10170343800,5085159,0,1
1788844522,10171355258,5085665,0,1
1788844523,10172363261,5086169,0,1
1788844524,10173375826,5086675,0,1
1788844525,10174387530,5087181,0,1
1788844526,10175397772,5087686,0,1
1788844527,10176405945,5088190,0,1
1788844528,10177415238,5088695,0,1
1788844529,10178421804,5089198,0,1
1788844530,10179431125,5089703,0,1
1788844531,10180437490,5090206,0,1
1788844532,10181449370,5090712,0,1
1788844533,10182461987,5091218,0,1
1788844534,10183474028,5091724,0,1
1788844535,10184487136,5092231,0,1
1788844536,10185499399,5092737,0,1
1788844537,10186511532,5093243,0,1
1788844538,10187523269,5093749,0,1
1788844539,10188532029,5094253,0,1
1788844540,10189547242,5094761,0,1
1788844541,10190555761,5095265,0,1
1788844542,10191565859,5095770,0,1
1788844543,10192579190,5096277,0,1
1788844544,10193587388,5096781,0,1
1788844545,10194599904,5097287,0,1
1788844546,10195607537,5097791,0,1
1788844547,10196615602,5098295,0,1
1788844548,10197623336,5098799,0,1
1788844549,10198629544,5099302,0,1
1788844550,10199641518,5099808,0,1
1788844551,10200647672,5100311,0,1
1788844552,10201658032,5100816,0,1
1788844553,10202671823,5101323,0,1
1788844554,10203681698,5101828,0,1
1788844555,10204695135,5102335,0,1
1788844556,10205707626,5102841,0,1
1788844557,10206721311,5103348,0,1
1788844558,10207733340,5103854,0,1
1788844559,10208741941,5104358,0,1
1788844560,10209757342,5104866,0,1
1788844561,10210767049,5105371,0,1
1788844562,10211781442,5105878,0,1
1788844563,10212791847,5106383,0,1
1788844564,10213803236,5106889,0,1
1788844565,10214813372,5107394,0,1
1788844566,10215823909,5107899,0,1
1788844567,10216833399,5108404,0,1
1788844568,10217841909,5108908,0,1
1788844569,10218855498,5109415,0,1
1788844570,10219867196,5109921,0,1
1788844571,10220875292,5110425,0,1
1788844572,10221885902,5110930,0,1
1788844573,10222897248,5111436,0,1
1788844574,10223911051,5111943,0,1
1788844575,10224917975,5112446,0,1
1788844576,10225931489,5112953,0,1
1788844577,10226941334,5113458,0,1
1788844578,10227949905,5113962,0,1
1788844579,10228963570,5114469,0,1
1788844580,10229971536,5114973,0,1
1788844581,10230979705,5115477,0,1
1788844582,10231991993,5115983,0,1
1788844583,10233005453,5116490,0,1
1788844584,10234015171,5116995,0,1
1788844585,10235027525,5117501,0,1
1788844586,10236039390,5118007,0,1
1788844587,10237051268,5118513,0,1
1788844588,10238063710,5119019,0,1
1788844589,10239077331,5119526,0,1
1788844590,10240091258,5120033,0,1
1788844591,10241099318,5120537,0,1
1788844592,10242111407,5121043,0,1
1788844593,10243123257,5121549,0,1
1788844595,10244131850,5122053,0,1
1788844596,10245137848,5122556,0,1
1788844597,10246147736,5123061,0,1
1788844598,10247159565,5123567,0,1
1788844599,10248173882,5124074,0,1
1788844600,10249181910,5124578,0,1
1788844601,10250193836,5125084,0,1
1788844602,10251305098,5125640,0,1
1788844603,10252315270,5126145,0,1
1788844604,10253323432,5126649,0,1
1788844605,10254335851,5127155,0,1
1788844606,10255343383,5127659,0,1
1788844607,10256353555,5128164,0,1
1788844608,10257363714,5128669,0,1
1788844609,10258377186,5129176,0,1
1788844610,10259391177,5129683,0,1
1788844611,10260400014,5130187,0,1
1788844612,10261411453,5130693,0,1
1788844613,10262419326,5131197,0,1
1788844614,10263427020,5131701,0,1
1788844615,10264435547,5132205,0,1
1788844616,10265447097,5132711,0,1
1788844617,10266455139,5133215,0,1
1788844618,10267461154,5133718,0,1
1788844619,10268467729,5134221,0,1
1788844620,10269477483,5134726,0,1
1788844621,10270489839,5135232,0,1
1788844622,10271499513,5135737,0,1
1788844623,10272513255,5136244,0,1
1788844624,10273521138,5136748,0,1
1788844625,10274535359,5137255,0,1
1788844626,10275545742,5137760,0,1
1788844627,10276551980,5138263,0,1
1788844628,10277565946,5138770,0,1
1788844629,10278573550,5139274,0,1
1788844630,10279583047,5139779,0,1
1788844631,10280591443,5140283,0,1
1788844632,10281599710,5140787,0,1
1788844633,10282607675,5141291,0,1
1788844634,10283619071,5141797,0,1
1788844635,10284627725,5142301,0,1
1788844636,10285639861,5142807,0,1
1788844637,10286647639,5143311,0,1
1788844638,10287659908,5143817,0,1
1788844639,10288669218,5144322,0,1
1788844640,10289677189,5144826,0,1
1788844641,10290687445,5145331,0,1
1788844642,10291695699,5145835,0,1
1788844643,10292702053,5146338,0,1
1788844644,10293709823,5146842,0,1
1788844645,10294721664,5147348,0,1
1788844646,10295733459,5147854,0,1
1788844647,10296741771,5148358,0,1
1788844648,10297751293,5148863,0,1
1788844649,10298759583,5149367,0,1
1788844650,10299769669,5149872,0,1
1788844651,10300781284,5150378,0,1
1788844652,10301789386,5150882,0,1
1788844653,10302797966,5151386,0,1
1788844654,10303809566,5151892,0,1
1788844655,10304821772,5152398,0,1
1788844656,10305837297,5152906,0,1
1788844657,10306845698,5153410,0,1
1788844658,10307855795,5153915,0,1
1788844659,10308867407,5154421,0,1
1788844660,10309879835,5154927,0,1
1788844661,10310891258,5155433,0,1
1788844662,10311901925,5155938,0,1
1788844663,10312911168,5156443,0,1
1788844664,10313921831,5156948,0,1
1788844665,10314929570,5157452,0,1
1788844666,10315941551,5157958,0,1
1788844667,10316949229,5158462,0,1
1788844668,10317955716,5158965,0,1
1788844669,10318969056,5159472,0,1
1788844670,10319979655,5159977,0,1
1788844671,10320993396,5160484,0,1
1788844672,10322001340,5160988,0,1
1788844673,10323011492,5161493,0,1
1788844674,10324023707,5161999,0,1
1788844675,10325037633,5162506,0,1
1788844676,10326048038,5163011,0,1
1788844677,10327055658,5163515,0,1
1788844678,10328064955,5164020,0,1
1788844679,10329077639,5164526,0,1
1788844680,10330087968,5165031,0,1
1788844681,10331097383,5165536,0,1
1788844682,10332111706,5166043,0,1
1788844683,10333125817,5166550,0,1
1788844685,10334141461,5167058,0,1
1788844686,10335149540,5167562,0,1
1788844687,10336161293,5168068,0,1
1788844688,10337173528,5168574,0,1
1788844689,10338185834,5169080,0,1
1788844690,10339191861,5169583,0,1
1788844691,10340203308,5170089,0,1
1788844692,10341215994,5170595,0,1
1788844693,10342227577,5171101,0,1
1788844694,10343235892,5171605,0,1
1788844695,10344245934,5172110,0,1
1788844696,10345257169,5172616,0,1
1788844697,10346265757,5173120,0,1
1788844698,10347277638,5173626,0,1
1788844699,10348289538,5174132,0,1
1788844700,10349299871,5174637,0,1
1788844701,10350311956,5175143,0,1
1788844702,10351319887,5175647,0,1
1788844703,10352331982,5176153,0,1
1788844704,10353343196,5176659,0,1
1788844705,10354451878,5177213,0,1
1788844706,10355461706,5177718,0,1
1788844707,10356469742,5178222,0,1
1788844708,10357477152,5178726,0,1
1788844709,10358483977,5179229,0,1
1788844710,10359495399,5179735,0,1
1788844711,10360501899,5180238,0,1
1788844712,10361513910,5180744,0,1
1788844713,10362523637,5181249,0,1
1788844714,10363533800,5181754,0,1
1788844715,10364546004,5182260,0,1
1788844716,10365555565,5182765,0,1
1788844717,10366567480,5183271,0,1
1788844718,10367577606,5183776,0,1
1788844719,10368589315,5184282,0,1
1788844720,10369595504,5184785,0,1
1788844721,10370607128,5185291,0,1
1788844722,10371615884,5185795,0,1
1788844723,10372627093,5186301,0,1
1788844724,10373637081,5186806,0,1
1788844725,10374645914,5187310,0,1
1788844726,10375657190,5187816,0,1
1788844727,10376671733,5188323,0,1
1788844728,10377683047,5188829,0,1
1788844729,10378695088,5189335,0,1
1788844730,10379703503,5189839,0,1
1788844731,10380717101,5190346,0,1
1788844732,10381727388,5190851,0,1
1788844733,10382737703,5191356,0,1
1788844734,10383744965,5191860,0,1
1788844735,10384755580,5192365,0,1
1788844736,10385767256,5192871,0,1
1788844737,10386779474,5193377,0,1
1788844738,10387787813,5193881,0,1
1788844739,10388793896,5194384,0,1
1788844740,10389801635,5194888,0,1
1788844741,10390811790,5195393,0,1
1788844742,10391821751,5195898,0,1
1788844743,10392829913,5196402,0,1
1788844744,10393841516,5196908,0,1
1788844745,10394853745,5197414,0,1
1788844746,10395863697,5197919,0,1
1788844747,10396871853,5198423,0,1
1788844748,10397883964,5198929,0,1
1788844749,10398893912,5199434,0,1
1788844750,10399905952,5199940,0,1
1788844751,10400917561,5200446,0,1
1788844752,10401931315,5200953,0,1
1788844753,10402941311,5201458,0,1
1788844754,10403949780,5201962,0,1
1788844755,10404959585,5202467,0,1
1788844756,10405967348,5202971,0,1
1788844757,10406979426,5203477,0,1
1788844758,10407989421,5203982,0,1
1788844759,10408997844,5204486,0,1
1788844760,10410009732,5204992,0,1
1788844761,10411017377,5205496,0,1
1788844762,10412025582,5206000,0,1
1788844763,10413037997,5206506,0,1
1788844764,10414051104,5207013,0,1
1788844765,10415059382,5207517,0,1
1788844766,10416067612,5208021,0,1
1788844767,10417073269,5208524,0,1
1788844768,10418085231,5209030,0,1
1788844769,10419093574,5209534,0,1
1788844770,10420099892,5210037,0,1
1788844771,10421109636,5210542,0,1
1788844772,10422117844,5211046,0,1
1788844774,10423127073,5211551,0,1
1788844775,10424131936,5212053,0,1
1788844776,10425239233,5212607,0,1
1788844777,10426249398,5213112,0,1
1788844778,10427263433,5213619,0,1
1788844779,10428269390,5214122,0,1
1788844780,10429275516,5214625,0,1
1788844781,10430285663,5215130,0,1
1788844782,10431297933,5215636,0,1
1788844783,10432309510,5216142,0,1
1788844784,10433321768,5216648,0,1
1788844785,10434335971,5217155,0,1
1788844786,10435347337,5217661,0,1
1788844787,10436355508,5218165,0,1
1788844788,10437364014,5218669,0,1
1788844789,10438371946,5219173,0,1
1788844790,10439383191,5219679,0,1
1788844791,10440391122,5220183,0,1
1788844792,10441403713,5220689,0,1
1788844793,10442413427,5221194,0,1
1788844794,10443423885,5221699,0,1
1788844795,10444437205,5222206,0,1
1788844796,10445445466,5222710,0,1
1788844797,10446455157,5223215,0,1
1788844798,10447461460,5223718,0,1
1788844799,10448471655,5224223,0,1
1788844800,10449485204,5224730,0,1
1788844801,10450498033,5225236,0,1
1788844802,10451509824,5225742,0,1
1788844803,10452521277,5226248,0,1
1788844804,10453531500,5226753,0,1
1788844805,10454543133,5227259,0,1
1788844806,10455555043,5227765,0,1
1788844807,10456563827,5228269,0,1
1788844808,10457577497,5228776,0,1
1788844809,10458589223,5229282,0,1
1788844810,10459595890,5229785,0,1
1788844811,10460603528,5230289,0,1
1788844812,10461615918,5230795,0,1
1788844813,10462625619,5231300,0,1
1788844814,10463639707,5231807,0,1
1788844815,10464649786,5232312,0,1
1788844816,10465661131,5232818,0,1
1788844817,10466673468,5233324,0,1
1788844818,10467685800,5233830,0,1
1788844819,10468695496,5234335,0,1
1788844820,10469705568,5234840,0,1
1788844821,10470713668,5235344,0,1
1788844822,10471723883,5235849,0,1
1788844823,10472739285,5236357,0,1
1788844824,10473751587,5236863,0,1
1788844825,10474757287,5237366,0,1
1788844826,10475769705,5237872,0,1
1788844827,10476781602,5238378,0,1
1788844828,10477789952,5238882,0,1
1788844829,10478801421,5239388,0,1
1788844830,10479813346,5239894,0,1
1788844831,10480825656,5240400,0,1
1788844832,10481837250,5240906,0,1
1788844833,10482847526,5241411,0,1
1788844834,10483859831,5241917,0,1
1788844835,10484867315,5242421,0,1
1788844836,10485875209,5242925,0,1
1788844837,10486887867,5243431,0,1
1788844838,10487903948,5243939,0,1
1788844839,10488921539,5244448,0,1
1788844840,10489935889,5244955,0,1
1788844841,10490945886,5245460,0,1
1788844842,10491959720,5245967,0,1
1788844843,10492971320,5246473,0,1
1788844844,10493981255,5246978,0,1
1788844845,10494987998,5247481,0,1
1788844846,10495999660,5247987,0,1
1788844847,10497009118,5248492,0,1
1788844848,10498015339,5248995,0,1
1788844849,10499025104,5249500,0,1
1788844850,10500031317,5250003,0,1
1788844851,10501041451,5250508,0,1
1788844852,10502051070,5251013,0,1
1788844853,10503059285,5251517,0,1
1788844854,10504065125,5252020,0,1
1788844855,10505073586,5252524,0,1
1788844856,10506085644,5253030,0,1
1788844857,10507095676,5253535,0,1
1788844858,10508106029,5254040,0,1
1788844859,10509119664,5254547,0,1
1788844860,10510125752,5255050,0,1
1788844861,10511135972,5255555,0,1
1788844863,10512147739,5256061,0,1
1788844864,10513157642,5256566,0,1
1788844865,10514167575,5257071,0,1
1788844866,10515175700,5257575,0,1
1788844867,10516187416,5258081,0,1
1788844868,10517195701,5258585,0,1
1788844869,10518207949,5259091,0,1
1788844870,10519221048,5259598,0,1
1788844871,10520231569,5260103,0,1
1788844872,10521239319,5260607,0,1
1788844873,10522249562,5261112,0,1
1788844874,10523261586,5261618,0,1
1788844875,10524273384,5262124,0,1
1788844876,10525282005,5262628,0,1
1788844877,10526297756,5263136,0,1
1788844878,10527307511,5263641,0,1
1788844879,10528317256,5264146,0,1
1788844880,10529325798,5264650,0,1
1788844881,10530339093,5265157,0,1
1788844882,10531351620,5265663,0,1
1788844883,10532362018,5266168,0,1
1788844884,10533371516,5266673,0,1
1788844885,10534377502,5267176,0,1
1788844886,10535387202,5267681,0,1
1788844887,10536399873,5268187,0,1
1788844888,10537413167,5268694,0,1
1788844889,10538423454,5269199,0,1
1788844890,10539431220,5269703,0,1
1788844891,10540441886,5270208,0,1
1788844892,10541452031,5270713,0,1
1788844893,10542463214,5271219,0,1
1788844894,10543473080,5271724,0,1
1788844895,10544481691,5272228,0,1
1788844896,10545491685,5272733,0,1
1788844897,10546501394,5273238,0,1
1788844898,10547611180,5273793,0,1
1788844899,10548623000,5274299,0,1
1788844900,10549631778,5274803,0,1
1788844901,10550639273,5275307,0,1
1788844902,10551645544,5275810,0,1
1788844903,10552653794,5276314,0,1
1788844904,10553665127,5276820,0,1
1788844905,10554677616,5277326,0,1
1788844906,10555687895,5277831,0,1
1788844907,10556697323,5278336,0,1
1788844908,10557709354,5278842,0,1
1788844909,10558715951,5279345,0,1
1788844910,10559723328,5279849,0,1
1788844911,10560733942,5280354,0,1
1788844912,10561745093,5280860,0,1
1788844913,10562753708,5281364,0,1
1788844914,10563765825,5281870,0,1
1788844915,10564777036,5282376,0,1
1788844916,10565791952,5282883,0,1
1788844917,10566799771,5283387,0,1
1788844918,10567809789,5283892,0,1
1788844919,10568823303,5284399,0,1
1788844920,10569831124,5284903,0,1
1788844921,10570837573,5285406,0,1
1788844922,10571841818,5285908,0,1
1788844923,10572851562,5286413,0,1
1788844924,10573861612,5286918,0,1
1788844925,10574873913,5287424,0,1
1788844926,10575881257,5287928,0,1
1788844927,10576889951,5288432,0,1
1788844928,10577897633,5288936,0,1
1788844929,10578907576,5289441,0,1
1788844930,10579921298,5289948,0,1
1788844931,10580933396,5290454,0,1
1788844932,10581949554,5290962,0,1
1788844933,10582963127,5291469,0,1
1788844934,10583973107,5291974,0,1
1788844935,10584985847,5292480,0,1
1788844936,10585997919,5292986,0,1
1788844937,10587009356,5293492,0,1
1788844938,10588019559,5293997,0,1
1788844939,10589027928,5294501,0,1
1788844940,10590037800,5295006,0,1
1788844941,10591049739,5295512,0,1
1788844942,10592061776,5296018,0,1
1788844943,10593071373,5296523,0,1
1788844944,10594083286,5297029,0,1
1788844945,10595097281,5297536,0,1
1788844946,10596107852,5298041,0,1
1788844947,10597117640,5298546,0,1
1788844948,10598127856,5299051,0,1
1788844949,10599141384,5299558,0,1
1788844950,10600153570,5300064,0,1
1788844952,10601165358,5300570,0,1
1788844953,10602179092,5301077,0,1
1788844954,10603191684,5301583,0,1
1788844955,10604205315,5302090,0,1
1788844956,10605213585,5302594,0,1
1788844957,10606223854,5303099,0,1
1788844958,10607237684,5303606,0,1
1788844959,10608253693,5304114,0,1
1788844960,10609261389,5304618,0,1
1788844961,10610273941,5305124,0,1
1788844962,10611283223,5305629,0,1
1788844963,10612291375,5306133,0,1
1788844964,10613299623,5306637,0,1
1788844965,10614312012,5307143,0,1
1788844966,10615323944,5307649,0,1
1788844967,10616337822,5308156,0,1
1788844968,10617349931,5308662,0,1
1788844969,10618361135,5309168,0,1
1788844970,10619369679,5309672,0,1
1788844971,10620377726,5310176,0,1
1788844972,10621391588,5310683,0,1
1788844973,10622405134,5311190,0,1
1788844974,10623417585,5311696,0,1
1788844975,10624425931,5312200,0,1
1788844976,10625435917,5312705,0,1
1788844977,10626447340,5313211,0,1
1788844978,10627459140,5313717,0,1
1788844979,10628469748,5314222,0,1
1788844980,10629481896,5314728,0,1
1788844981,10630493242,5315234,0,1
1788844982,10631505978,5315740,0,1
1788844983,10632517314,5316246,0,1
1788844984,10633523597,5316749,0,1
1788844985,10634537329,5317256,0,1
1788844986,10635545384,5317760,0,1
1788844987,10636553522,5318264,0,1
1788844988,10637565524,5318770,0,1
1788844989,10638575537,5319275,0,1
1788844990,10639585409,5319780,0,1
1788844991,10640594001,5320284,0,1
1788844992,10641609938,5320792,0,1
1788844993,10642621642,5321298,0,1
1788844994,10643635281,5321805,0,1
1788844995,10644647265,5322311,0,1
1788844996,10645655668,5322815,0,1
1788844997,10646671199,5323323,0,1
1788844998,10647685594,5323830,0,1
1788844999,10648701056,5324338,0,1
1788845000,10649709297,5324842,0,1
1788845001,10650719778,5325347,0,1
1788845002,10651733483,5325854,0,1
1788845003,10652739875,5326357,0,1
1788845004,10653749136,5326862,0,1
1788845005,10654759344,5327367,0,1
1788845006,10655769217,5327872,0,1
1788845007,10656781534,5328378,0,1
1788845008,10657793311,5328884,0,1
1788845009,10658803563,5329389,0,1
1788845010,10659811853,5329893,0,1
1788845011,10660819780,5330397,0,1
1788845012,10661831667,5330903,0,1
1788845013,10662845518,5331410,0,1
1788845014,10663853454,5331914,0,1
1788845015,10664865229,5332420,0,1
1788845016,10665875299,5332925,0,1
1788845017,10666885882,5333430,0,1
1788845018,10667899823,5333937,0,1
1788845019,10668911385,5334443,0,1
1788845020,10669921944,5334948,0,1
1788845021,10670935252,5335455,0,1
1788845022,10671945205,5335960,0,1
1788845023,10672957682,5336466,0,1
1788845024,10673967824,5336971,0,1
1788845025,10674981218,5337478,0,1
1788845026,10675989534,5337982,0,1
1788845027,10677001555,5338488,0,1
1788845028,10678013362,5338994,0,1
1788845029,10679025573,5339500,0,1
1788845030,10680039144,5340007,0,1
1788845031,10681053190,5340514,0,1
1788845032,10682063347,5341019,0,1
1788845033,10683071862,5341523,0,1
1788845034,10684083470,5342029,0,1
1788845035,10685097408,5342536,0,1
1788845036,10686107837,5343041,0,1
1788845037,10687119044,5343547,0,1
1788845038,10688129735,5344052,0,1
1788845040,10689143593,5344559,0,1
1788845041,10690153775,5345064,0,1
1788845042,10691165323,5345570,0,1
1788845043,10692175865,5346075,0,1
1788845044,10693181924,5346578,0,1
1788845045,10694191765,5347083,0,1
1788845046,10695199903,5347587,0,1
1788845047,10696207898,5348091,0,1
1788845048,10697221166,5348598,0,1
1788845049,10698237252,5349106,0,1
1788845050,10699245579,5349610,0,1
1788845051,10700258018,5350116,0,1
1788845052,10701267836,5350621,0,1
1788845053,10702275643,5351125,0,1
1788845054,10703283734,5351629,0,1
1788845055,10704291864,5352133,0,1
1788845056,10705299843,5352637,0,1
1788845057,10706411205,5353193,0,1
1788845058,10707423440,5353699,0,1
1788845059,10708435053,5354205,0,1
1788845060,10709445166,5354710,0,1
1788845061,10710457451,5355216,0,1
1788845062,10711469281,5355722,0,1
1788845063,10712381857,5356178,0,1
1788845064,10713393833,5356684,0,1
1788845065,10714405891,5357190,0,1
1788845066,10715415280,5357695,0,1
1788845067,10716429088,5358202,0,1
1788845068,10717439785,5358707,0,1
1788845069,10718451900,5359213,0,1
1788845070,10719561915,5359768,0,1
1788845071,10720571254,5360273,0,1
1788845072,10721581367,5360778,0,1
1788845073,10722589259,5361282,0,1
1788845074,10723597321,5361786,0,1
1788845075,10724605828,5362290,0,1
1788845076,10725617953,5362796,0,1
1788845077,10726627205,5363301,0,1
1788845078,10727633125,5363804,0,1
1788845079,10728643311,5364309,0,1
1788845080,10729651380,5364813,0,1
1788845081,10730657580,5365316,0,1
1788845082,10731667591,5365821,0,1
1788845083,10732673530,5366324,0,1
1788845084,10733679469,5366827,0,1
1788845085,10734687251,5367331,0,1
1788845086,10735697634,5367836,0,1
1788845087,10736703724,5368339,0,1
1788845088,10737711325,5368843,0,1
1788845089,10738721385,5369348,0,1
1788845090,10739727921,5369851,0,1
1788845091,10740737379,5370356,0,1
1788845092,10741749665,5370862,0,1
1788845093,10742757286,5371366,0,1
1788845094,10743768009,5371871,0,1
1788845095,10744777984,5372376,0,1
1788845096,10745787646,5372881,0,1
1788845097,10746799317,5373387,0,1
1788845098,10747805709,5373890,0,1
1788845099,10748815335,5374395,0,1
1788845100,10749825721,5374900,0,1
1788845101,10750837086,5375406,0,1
1788845102,10751843507,5375909,0,1
1788845103,10752849911,5376412,0,1
1788845104,10753863231,5376919,0,1
1788845105,10754875829,5377425,0,1
1788845106,10755885894,5377930,0,1
1788845107,10756895846,5378435,0,1
1788845108,10757907870,5378941,0,1
1788845109,10758919946,5379447,0,1
1788845110,10759931380,5379953,0,1
1788845111,10760939413,5380457,0,1
1788845112,10761949272,5380962,0,1
1788845113,10762957922,5381466,0,1
1788845114,10763965787,5381970,0,1
1788845115,10764979470,5382477,0,1
1788845116,10765989250,5382982,0,1
1788845117,10767099838,5383537,0,1
1788845118,10768109518,5384042,0,1
1788845119,10769115975,5384545,0,1
1788845120,10770128031,5385051,0,1
1788845121,10771139041,5385557,0,1
1788845122,10772149077,5386062,0,1
1788845123,10773159589,5386567,0,1
1788845124,10774169250,5387072,0,1
1788845125,10775175625,5387575,0,1
1788845126,10776183587,5388079,0,1
1788845127,10777191621,5388583,0,1
1788845129,10778201805,5389088,0,1
1788845130,10779213888,5389594,0,1
1788845131,10780223131,5390099,0,1
1788845132,10781233336,5390604,0,1
1788845133,10782241302,5391108,0,1
1788845134,10783249606,5391612,0,1
1788845135,10784259919,5392117,0,1
1788845136,10785277252,5392626,0,1
1788845137,10786289726,5393132,0,1
1788845138,10787305478,5393640,0,1
1788845139,10788315834,5394145,0,1
1788845140,10789323590,5394649,0,1
1788845141,10790339204,5395157,0,1
1788845142,10791353474,5395664,0,1
1788845143,10792365316,5396170,0,1
1788845144,10793375460,5396675,0,1
1788845145,10794385575,5397180,0,1
1788845146,10795395741,5397685,0,1
1788845147,10796407254,5398191,0,1
1788845148,10797417705,5398696,0,1
1788845149,10798427745,5399201,0,1
1788845150,10799437622,5399706,0,1
1788845151,10800449955,5400212,0,1
1788845152,10801459427,5400717,0,1
1788845153,10802471689,5401223,0,1
1788845154,10803483126,5401729,0,1
1788845155,10804493450,5402234,0,1
1788845156,10805501761,5402738,0,1
1788845157,10806509711,5403242,0,1
1788845158,10807519659,5403747,0,1
1788845159,10808531508,5404253,0,1
1788845160,10809541145,5404758,0,1
1788845161,10810553131,5405264,0,1
1788845162,10811563432,5405769,0,1
1788845163,10812575682,5406275,0,1
1788845164,10813585420,5406780,0,1
1788845165,10814597664,5407286,0,1
1788845166,10815609447,5407792,0,1
1788845167,10816615945,5408295,0,1
1788845168,10817625208,5408800,0,1
1788845169,10818633896,5409304,0,1
1788845170,10819645322,5409810,0,1
1788845171,10820653314,5410314,0,1
1788845172,10821669610,5410822,0,1
1788845173,10822679812,5411327,0,1
1788845174,10823693253,5411834,0,1
1788845175,10824703549,5412339,0,1
1788845176,10825713807,5412844,0,1
1788845177,10826725461,5413350,0,1
1788845178,10827737380,5413856,0,1
1788845179,10828749198,5414362,0,1
1788845180,10829755755,5414865,0,1
1788845181,10830769774,5415372,0,1
1788845182,10831777701,5415876,0,1
1788845183,10832787448,5416381,0,1
1788845184,10833795984,5416885,0,1
1788845185,10834813747,5417394,0,1
1788845186,10835823862,5417899,0,1
1788845187,10836833889,5418404,0,1
1788845188,10837847300,5418911,0,1
1788845189,10838855780,5419415,0,1
1788845190,10839867759,5419921,0,1
1788845191,10840881330,5420428,0,1
1788845192,10841891411,5420933,0,1
1788845193,10842899540,5421437,0,1
1788845194,10843909150,5421942,0,1
1788845195,10844919231,5422447,0,1
1788845196,10845931404,5422953,0,1
1788845197,10846943834,5423459,0,1
1788845198,10847953610,5423964,0,1
1788845199,10848965140,5424470,0,1
1788845200,10849975783,5424975,0,1
1788845201,10850987956,5425481,0,1
1788845202,10851999884,5425987,0,1
1788845203,10853009442,5426492,0,1
1788845204,10854023127,5426999,0,1
1788845205,10855033450,5427504,0,1
1788845206,10856043379,5428009,0,1
1788845207,10857053408,5428514,0,1
1788845208,10858063349,5429019,0,1
1788845209,10859072993,5429524,0,1
1788845210,10860085194,5430030,0,1
1788845211,10861097191,5430536,0,1
1788845212,10862107667,5431041,0,1
1788845213,10863117400,5431546,0,1
1788845214,10864127318,5432051,0,1
1788845215,10865137684,5432556,0,1
1788845216,10866150019,5433062,0,1
1788845218,10867161740,5433568,0,1
1788845219,10868169918,5434072,0,1
1788845220,10869181867,5434578,0,1
1788845221,10870191827,5435083,0,1
1788845222,10871205937,5435590,0,1
1788845223,10872215575,5436095,0,1
1788845224,10873227267,5436601,0,1
1788845225,10874239977,5437107,0,1
1788845226,10875249954,5437612,0,1
1788845227,10876257581,5438116,0,1
1788845228,10877269217,5438622,0,1
1788845229,10878277372,5439126,0,1
1788845230,10879289095,5439632,0,1
1788845231,10880297948,5440136,0,1
1788845232,10881307161,5440641,0,1
1788845233,10882317663,5441146,0,1
1788845234,10883327934,5441651,0,1
1788845235,10884337784,5442156,0,1
1788845236,10885347998,5442661,0,1
1788845237,10886357681,5443166,0,1
1788845238,10887367988,5443671,0,1
1788845239,10888377270,5444176,0,1
1788845240,10889383130,5444679,0,1
1788845241,10890389342,5445182,0,1
1788845242,10891397656,5445686,0,1
1788845243,10892411222,5446193,0,1
1788845244,10893519331,5446747,0,1
1788845245,10894527432,5447251,0,1
1788845246,10895537309,5447756,0,1
1788845247,10896547280,5448261,0,1
1788845248,10897559271,5448767,0,1
1788845249,10898573887,5449274,0,1
1788845250,10899581049,5449778,0,1
1788845251,10900589825,5450282,0,1
1788845252,10901597496,5450786,0,1
1788845253,10902609564,5451292,0,1
1788845254,10903621807,5451798,0,1
1788845255,10904633973,5452304,0,1
1788845256,10905645311,5452810,0,1
1788845257,10906655678,5453315,0,1
1788845258,10907661896,5453818,0,1
1788845259,10908671127,5454323,0,1
1788845260,10909679384,5454827,0,1
1788845261,10910687277,5455331,0,1
1788845262,10911697425,5455836,0,1
1788845263,10912705539,5456340,0,1
1788845264,10913713717,5456844,0,1
1788845265,10914725395,5457350,0,1
1788845266,10915735918,5457855,0,1
1788845267,10916745610,5458360,0,1
1788845268,10917753948,5458864,0,1
1788845269,10918763220,5459369,0,1
1788845270,10919775242,5459875,0,1
1788845271,10920785917,5460380,0,1
1788845272,10921797445,5460886,0,1
1788845273,10922805226,5461390,0,1
1788845274,10923813087,5461894,0,1
1788845275,10924821826,5462398,0,1
1788845276,10925831520,5462903,0,1
1788845277,10926843393,5463409,0,1
1788845278,10927855511,5463915,0,1
1788845279,10928865297,5464420,0,1
1788845280,10929879088,5464927,0,1
1788845281,10930887943,5465431,0,1
1788845282,10931897717,5465936,0,1
1788845283,10932911721,5466443,0,1
1788845284,10933919852,5466947,0,1
1788845285,10934931272,5467453,0,1
1788845286,10935941945,5467958,0,1
1788845287,10936949484,5468462,0,1
1788845288,10937961377,5468968,0,1
1788845289,10938971316,5469473,0,1
1788845290,10939983817,5469979,0,1
1788845291,10940995680,5470485,0,1
1788845292,10942005186,5470990,0,1
1788845293,10943015435,5471495,0,1
1788845294,10944021990,5471998,0,1
1788845295,10945031716,5472503,0,1
1788845296,10946041734,5473008,0,1
1788845297,10947049476,5473512,0,1
1788845298,10948059220,5474017,0,1
1788845299,10949069493,5474522,0,1
1788845300,10950079253,5475027,0,1
1788845301,10951089191,5475532,0,1
1788845302,10952099961,5476037,0,1
1788845303,10953113315,5476544,0,1
1788845304,10954125621,5477050,0,1
1788845305,10955141214,5477558,0,1
1788845307,10956149119,5478062,0,1
1788845308,10957161752,5478568,0,1
1788845309,10958171707,5479073,0,1
1788845310,10959181569,5479578,0,1
1788845311,10960193953,5480084,0,1
1788845312,10961203962,5480589,0,1
1788845313,10962219587,5481097,0,1
1788845314,10963229127,5481602,0,1
1788845315,10964239949,5482107,0,1
1788845316,10965253391,5482614,0,1
1788845317,10966263868,5483119,0,1
1788845318,10967273107,5483624,0,1
1788845319,10968281572,5484128,0,1
1788845320,10969293232,5484634,0,1
1788845321,10970305529,5485140,0,1
1788845322,10971321243,5485648,0,1
1788845323,10972331537,5486153,0,1
1788845324,10973341998,5486658,0,1
1788845325,10974353070,5487164,0,1
1788845326,10975365620,5487670,0,1
1788845327,10976377197,5488176,0,1
1788845328,10977389354,5488682,0,1
1788845329,10978399397,5489187,0,1
1788845330,10979409967,5489692,0,1
1788845331,10980425472,5490200,0,1
1788845332,10981437724,5490706,0,1
1788845333,10982453107,5491214,0,1
1788845334,10983463617,5491719,0,1
1788845335,10984471789,5492223,0,1
1788845336,10985483254,5492729,0,1
1788845337,10986491800,5493233,0,1
1788845338,10987505321,5493740,0,1
1788845339,10988513782,5494244,0,1
1788845340,10989525369,5494750,0,1
1788845341,10990535765,5495255,0,1
1788845342,10991545325,5495760,0,1
1788845343,10992557815,5496266,0,1
1788845344,10993569208,5496772,0,1
1788845345,10994579827,5497277,0,1
1788845346,10995589372,5497782,0,1
1788845347,10996597161,5498286,0,1
1788845348,10997605073,5498790,0,1
1788845349,10998617216,5499296,0,1
1788845350,10999629462,5499802,0,1
1788845351,11000637768,5500306,0,1
1788845352,11001649789,5500812,0,1
1788845353,11002663174,5501319,0,1
1788845354,11003671634,5501823,0,1
1788845355,11004685707,5502330,0,1
1788845356,11005693440,5502834,0,1
1788845357,11006703203,5503339,0,1
1788845358,11007713842,5503844,0,1
1788845359,11008729648,5504352,0,1
1788845360,11009739659,5504857,0,1
1788845361,11010749626,5505362,0,1
1788845362,11011759126,5505867,0,1
1788845363,11012767576,5506371,0,1
1788845364,11013779300,5506877,0,1
1788845365,11014889398,5507432,0,1
1788845366,11015901635,5507938,0,1
1788845367,11016813574,5508394,0,1
1788845368,11017823754,5508899,0,1
1788845369,11018933479,5509454,0,1
1788845370,11019945266,5509960,0,1
1788845371,11020957350,5510466,0,1
1788845372,11021867943,5510921,0,1
1788845373,11022979932,5511477,0,1
1788845374,11023991968,5511983,0,1
1788845375,11024903924,5512439,0,1
1788845376,11025913704,5512944,0,1
1788845377,11026923753,5513449,0,1
1788845378,11028035574,5514005,0,1
1788845379,11029045211,5514510,0,1
1788845380,11030053735,5515014,0,1
1788845381,11031065721,5515520,0,1
1788845382,11032075814,5516025,0,1
1788845383,11033087556,5516531,0,1
1788845384,11034101292,5517038,0,1
1788845385,11035111432,5517543,0,1
1788845386,11036123786,5518049,0,1
1788845387,11037133847,5518554,0,1
1788845388,11038141263,5519058,0,1
1788845389,11039149874,5519562,0,1
1788845390,11040159113,5520067,0,1
1788845391,11041169930,5520572,0,1
1788845392,11042175890,5521075,0,1
1788845393,11043185186,5521580,0,1
1788845395,11044193292,5522084,0,1
1788845396,11045201201,5522588,0,1
1788845397,11046209566,5523092,0,1
1788845398,11047217383,5523596,0,1
1788845399,11048225195,5524100,0,1
1788845400,11049231756,5524603,0,1
1788845401,11050239839,5525107,0,1
1788845402,11051251051,5525613,0,1
1788845403,11052261307,5526118,0,1
1788845404,11053269561,5526622,0,1
1788845405,11054281821,5527128,0,1
1788845406,11055291696,5527633,0,1
1788845407,11056301865,5528138,0,1
1788845408,11057309604,5528642,0,1
1788845409,11058319413,5529147,0,1
1788845410,11059329460,5529652,0,1
1788845411,11060337873,5530156,0,1
1788845412,11061349980,5530662,0,1
1788845413,11062359654,5531167,0,1
1788845414,11063373911,5531674,0,1
1788845415,11064381193,5532178,0,1
1788845416,11065389127,5532682,0,1
1788845417,11066403375,5533189,0,1
1788845418,11067411342,5533693,0,1
1788845419,11068419554,5534197,0,1
1788845420,11069431383,5534703,0,1
1788845421,11070439381,5535207,0,1
1788845422,11071445110,5535710,0,1
1788845423,11072455922,5536215,0,1
1788845424,11073465209,5536720,0,1
1788845425,11074475261,5537225,0,1
1788845426,11075485414,5537730,0,1
1788845427,11076495263,5538235,0,1
1788845428,11077505308,5538740,0,1
1788845429,11078517597,5539246,0,1
1788845430,11079529640,5539752,0,1
1788845431,11080539757,5540257,0,1
1788845432,11081551732,5540763,0,1
1788845433,11082565697,5541270,0,1
1788845434,11083575604,5541775,0,1
1788845435,11084587817,5542281,0,1
1788845436,11085599986,5542787,0,1
1788845437,11086613437,5543294,0,1
1788845438,11087625229,5543800,0,1
1788845439,11088629892,5544302,0,1
1788845440,11089637833,5544806,0,1
1788845441,11090749175,5545362,0,1
1788845442,11091758016,5545866,0,1
1788845443,11092767800,5546371,0,1
1788845444,11093775638,5546875,0,1
1788845445,11094787870,5547381,0,1
1788845446,11095797660,5547886,0,1
1788845447,11096807348,5548391,0,1
1788845448,11097817696,5548896,0,1
1788845449,11098829335,5549402,0,1
1788845450,11099837437,5549906,0,1
1788845451,11100847658,5550411,0,1
1788845452,11101863166,5550919,0,1
1788845453,11102877409,5551426,0,1
1788845454,11103885725,5551930,0,1
1788845455,11104893081,5552434,0,1
1788845456,11105903481,5552939,0,1
1788845457,11106911817,5553443,0,1
1788845458,11107921613,5553948,0,1
1788845459,11108929785,5554452,0,1
1788845460,11109939475,5554957,0,1
1788845461,11110951287,5555463,0,1
1788845462,11111961150,5555968,0,1
1788845463,11112971674,5556473,0,1
1788845464,11113981878,5556978,0,1
1788845465,11114993126,5557484,0,1
1788845466,11116001267,5557988,0,1
1788845467,11117013415,5558494,0,1
1788845468,11118025995,5559000,0,1
1788845469,11119035661,5559505,0,1
1788845470,11120045208,5560010,0,1
1788845471,11121057981,5560516,0,1
1788845472,11122069166,5561022,0,1
1788845473,11123081054,5561528,0,1
1788845474,11124089513,5562032,0,1
1788845475,11125097205,5562536,0,1
1788845476,11126105509,5563040,0,1
1788845477,11127117404,5563546,0,1
1788845478,11128125279,5564050,0,1
1788845479,11129139153,5564557,0,1
1788845480,11130151250,5565063,0,1
1788845482,11131167839,5565571,0,1
1788845483,11132181459,5566078,0,1
1788845484,11133187678,5566581,0,1
1788845485,11134195734,5567085,0,1
1788845486,11135203709,5567589,0,1
1788845487,11136217872,5568096,0,1
1788845488,11137231962,5568603,0,1
1788845489,11138245949,5569110,0,1
1788845490,11139259902,5569617,0,1
1788845491,11140273429,5570124,0,1
1788845492,11141283924,5570629,0,1
1788845493,11142295598,5571135,0,1
1788845494,11143309419,5571642,0,1
1788845495,11144323590,5572149,0,1
1788845496,11145335799,5572655,0,1
1788845497,11146345753,5573160,0,1
1788845498,11147355104,5573665,0,1
1788845499,11148361503,5574168,0,1
1788845500,11149373265,5574674,0,1
1788845501,11150379481,5575177,0,1
1788845502,11151389260,5575682,0,1
1788845503,11152397251,5576186,0,1
1788845504,11153403084,5576689,0,1
1788845505,11154409277,5577192,0,1
1788845506,11155421488,5577698,0,1
1788845507,11156431589,5578203,0,1
1788845508,11157445156,5578710,0,1
1788845509,11158455741,5579215,0,1
1788845510,11159469583,5579722,0,1
1788845511,11160483234,5580229,0,1
1788845512,11161491762,5580733,0,1
1788845513,11162503675,5581239,0,1
1788845514,11163515832,5581745,0,1
1788845515,11164527369,5582251,0,1
1788845516,11165535357,5582755,0,1
1788845517,11166546087,5583260,0,1
1788845518,11167561597,5583768,0,1
1788845519,11168569931,5584272,0,1
1788845520,11169577708,5584776,0,1
1788845521,11170589429,5585282,0,1
1788845522,11171601280,5585788,0,1
1788845523,11172615320,5586295,0,1
1788845524,11173623283,5586799,0,1
1788845525,11174633883,5587304,0,1
1788845526,11175639888,5587807,0,1
1788845527,11176647125,5588311,0,1
1788845528,11177653978,5588814,0,1
1788845529,11178667415,5589321,0,1
1788845530,11179677147,5589826,0,1
1788845531,11180683827,5590329,0,1
1788845532,11181695176,5590835,0,1
1788845533,11182705622,5591340,0,1
1788845534,11183715123,5591845,0,1
1788845535,11184722056,5592348,0,1
1788845536,11185733059,5592854,0,1
1788845537,11186841710,5593408,0,1
1788845538,11187755413,5593865,0,1
1788845539,11188769784,5594372,0,1
1788845540,11189777515,5594876,0,1
1788845541,11190883979,5595429,0,1
1788845542,11191893888,5595934,0,1
1788845543,11192905505,5596440,0,1
1788845544,11193917555,5596946,0,1
1788845545,11194925157,5597450,0,1
1788845546,11195935194,5597955,0,1
1788845547,11196943380,5598459,0,1
1788845548,11197951405,5598963,0,1
1788845549,11198965919,5599470,0,1
1788845550,11199977788,5599976,0,1
1788845551,11200989705,5600482,0,1
1788845552,11201997948,5600986,0,1
1788845553,11203011887,5601493,0,1
1788845554,11204023374,5601999,0,1
1788845555,11205031468,5602503,0,1
1788845556,11206041974,5603008,0,1
1788845557,11207051753,5603513,0,1
1788845558,11208061578,5604018,0,1
1788845559,11209075317,5604525,0,1
1788845560,11210087914,5605031,0,1
1788845561,11211099831,5605537,0,1
1788845562,11212109572,5606042,0,1
1788845563,11213115699,5606545,0,1
1788845564,11214125527,5607050,0,1
1788845565,11215135372,5607555,0,1
1788845566,11216145448,5608060,0,1
1788845567,11217153183,5608564,0,1
1788845568,11218159413,5609067,0,1
1788845569,11219165964,5609570,0,1
1788845571,11220179153,5610077,0,1
1788845572,11221189688,5610582,0,1
1788845573,11222201720,5611088,0,1
1788845574,11223213591,5611594,0,1
1788845575,11224223850,5612099,0,1
1788845576,11225239395,5612607,0,1
1788845577,11226255332,5613115,0,1
1788845578,11227269562,5613622,0,1
1788845579,11228279561,5614127,0,1
1788845580,11229289923,5614632,0,1
1788845581,11230301517,5615138,0,1
1788845582,11231313619,5615644,0,1
1788845583,11232325799,5616150,0,1
1788845584,11233339971,5616657,0,1
1788845585,11234353609,5617164,0,1
1788845586,11235365578,5617670,0,1
1788845587,11236375619,5618175,0,1
1788845588,11237383727,5618679,0,1
1788845589,11238397340,5619186,0,1
1788845590,11239409737,5619692,0,1
1788845591,11240419675,5620197,0,1
1788845592,11241429460,5620702,0,1
1788845593,11242441669,5621208,0,1
1788845594,11243453222,5621714,0,1
1788845595,11244461502,5622218,0,1
1788845596,11245471645,5622723,0,1
1788845597,11246485645,5623230,0,1
1788845598,11247495557,5623735,0,1
1788845599,11248505658,5624240,0,1
1788845600,11249519871,5624747,0,1
1788845601,11250531466,5625253,0,1
1788845602,11251543987,5625759,0,1
1788845603,11252557695,5626266,0,1
1788845604,11253569614,5626772,0,1
1788845605,11254581081,5627278,0,1
1788845606,11255593891,5627784,0,1
1788845607,11256607605,5628291,0,1
1788845608,11257617637,5628796,0,1
1788845609,11258625759,5629300,0,1
1788845610,11259637473,5629806,0,1
1788845611,11260647191,5630311,0,1
1788845612,11261659989,5630817,0,1
1788845613,11262669656,5631322,0,1
1788845614,11263681184,5631828,0,1
1788845615,11264691302,5632333,0,1
1788845616,11265701889,5632838,0,1
1788845617,11266711279,5633343,0,1
1788845618,11267721582,5633848,0,1
1788845619,11268733454,5634354,0,1
1788845620,11269741574,5634858,0,1
1788845621,11270749842,5635362,0,1
1788845622,11271759338,5635867,0,1
1788845623,11272771419,5636373,0,1
1788845624,11273787446,5636881,0,1
1788845625,11274801591,5637388,0,1
1788845626,11275815990,5637895,0,1
1788845627,11276827173,5638401,0,1
1788845628,11277835792,5638905,0,1
1788845629,11278847935,5639411,0,1
1788845630,11279861473,5639918,0,1
1788845631,11280873387,5640424,0,1
1788845632,11281883507,5640929,0,1
1788845633,11282893667,5641434,0,1
1788845634,11283909444,5641942,0,1
1788845635,11284915713,5642445,0,1
1788845636,11285925875,5642950,0,1
1788845637,11286933320,5643454,0,1
1788845638,11287941435,5643958,0,1
1788845639,11288951417,5644463,0,1
1788845640,11289963254,5644969,0,1
1788845641,11290975841,5645475,0,1
1788845642,11291983861,5645979,0,1
1788845643,11292993669,5646484,0,1
1788845644,11294005317,5646990,0,1
1788845645,11295017903,5647496,0,1
1788845646,11296031564,5648003,0,1
1788845647,11297039874,5648507,0,1
1788845648,11298051774,5649013,0,1
1788845649,11299065448,5649520,0,1
1788845650,11300077484,5650026,0,1
1788845651,11301089267,5650532,0,1
1788845652,11302101446,5651038,0,1
1788845653,11303111960,5651543,0,1
1788845654,11304121952,5652048,0,1
1788845655,11305133450,5652554,0,1
1788845656,11306147545,5653061,0,1
1788845657,11307157970,5653566,0,1
1788845659,11308171230,5654073,0,1
1788845660,11309181893,5654578,0,1
1788845661,11310193454,5655084,0,1
1788845662,11311207259,5655591,0,1
1788845663,11312217286,5656096,0,1
1788845664,11313229190,5656602,0,1
1788845665,11314237906,5657106,0,1
1788845666,11315251068,5657613,0,1
1788845667,11316263856,5658119,0,1
1788845668,11317273312,5658624,0,1
1788845669,11318287109,5659131,0,1
1788845670,11319297956,5659636,0,1
1788845671,11320307736,5660141,0,1
1788845672,11321321958,5660648,0,1
1788845673,11322333206,5661154,0,1
1788845674,11323341772,5661658,0,1
1788845675,11324353967,5662164,0,1
1788845676,11325363191,5662669,0,1
1788845677,11326371349,5663173,0,1
1788845678,11327383530,5663679,0,1
1788845679,11328393583,5664184,0,1
1788845680,11329403742,5664689,0,1
1788845681,11330415190,5665195,0,1
1788845682,11331423526,5665699,0,1
1788845683,11332437066,5666206,0,1
1788845684,11333443988,5666709,0,1
1788845685,11334457388,5667216,0,1
1788845686,11335463509,5667719,0,1
1788845687,11336469631,5668222,0,1
1788845688,11337475912,5668725,0,1
1788845689,11338481960,5669228,0,1
1788845690,11339489952,5669732,0,1
1788845691,11340497603,5670236,0,1
1788845692,11341503793,5670739,0,1
1788845693,11342513513,5671244,0,1
1788845694,11343521190,5671748,0,1
1788845695,11344631554,5672303,0,1
1788845696,11345641533,5672808,0,1
1788845697,11346649321,5673312,0,1
1788845698,11347659644,5673817,0,1
1788845699,11348673317,5674324,0,1
1788845700,11349683639,5674829,0,1
1788845701,11350693957,5675334,0,1
1788845702,11351705218,5675840,0,1
1788845703,11352715354,5676345,0,1
1788845704,11353729516,5676852,0,1
1788845705,11354737861,5677356,0,1
1788845706,11355745321,5677860,0,1
1788845707,11356757334,5678366,0,1
1788845708,11357769388,5678872,0,1
1788845709,11358783111,5679379,0,1
1788845710,11359795946,5679885,0,1
1788845711,11360809946,5680392,0,1
1788845712,11361821404,5680898,0,1
1788845713,11362833229,5681404,0,1
1788845714,11363843847,5681909,0,1
1788845715,11364855331,5682415,0,1
1788845716,11365865276,5682920,0,1
1788845717,11366875578,5683425,0,1
1788845718,11367883990,5683929,0,1
1788845719,11368893445,5684434,0,1
1788845720,11369901703,5684938,0,1
1788845721,11370907801,5685441,0,1
1788845722,11371917125,5685946,0,1
1788845723,11372925093,5686450,0,1
1788845724,11373937266,5686956,0,1
1788845725,11374945441,5687460,0,1
1788845726,11375957443,5687966,0,1
1788845727,11376965636,5688470,0,1
1788845728,11377975405,5688975,0,1
1788845729,11378985805,5689480,0,1
1788845730,11380001159,5689988,0,1
1788845731,11381015182,5690495,0,1
1788845732,11382027654,5691001,0,1
1788845733,11383039912,5691507,0,1
1788845734,11384050031,5692012,0,1
1788845735,11385059511,5692517,0,1
1788845736,11386067561,5693021,0,1
1788845737,11387077459,5693526,0,1
1788845738,11388089208,5694032,0,1
1788845739,11389101206,5694538,0,1
1788845740,11390111884,5695043,0,1
1788845741,11391121747,5695548,0,1
1788845742,11392131543,5696053,0,1
1788845743,11393143130,5696559,0,1
1788845744,11394154018,5697064,0,1
1788845745,11395165188,5697570,0,1
1788845746,11396177640,5698076,0,1
1788845748,11397189089,5698582,0,1
1788845749,11398199508,5699087,0,1
1788845750,11399209844,5699592,0,1
1788845751,11400217771,5700096,0,1
1788845752,11401225835,5700600,0,1
1788845753,11402233748,5701104,0,1
1788845754,11403239698,5701607,0,1
1788845755,11404247317,5702111,0,1
1788845756,11405255815,5702615,0,1
1788845757,11406263958,5703119,0,1
1788845758,11407273246,5703624,0,1
1788845759,11408285890,5704130,0,1
1788845760,11409293903,5704634,0,1
1788845761,11410305698,5705140,0,1
1788845762,11411313776,5705644,0,1
1788845763,11412323726,5706149,0,1
1788845764,11413333415,5706654,0,1
1788845765,11414343810,5707159,0,1
1788845766,11415355802,5707665,0,1
1788845767,11416366033,5708170,0,1
1788845768,11417375388,5708675,0,1
1788845769,11418383477,5709179,0,1
1788845770,11419391854,5709683,0,1
1788845771,11420403587,5710189,0,1
1788845772,11421413821,5710694,0,1
1788845773,11422425525,5711200,0,1
1788845774,11423437373,5711706,0,1
1788845775,11424447075,5712211,0,1
1788845776,11425459878,5712717,0,1
1788845777,11426471202,5713223,0,1
1788845778,11427481547,5713728,0,1
1788845779,11428487376,5714231,0,1
1788845780,11429495445,5714735,0,1
1788845781,11430505817,5715240,0,1
1788845782,11431517510,5715746,0,1
1788845783,11432529910,5716252,0,1
1788845784,11433543281,5716759,0,1
1788845785,11434649785,5717312,0,1
1788845786,11435659302,5717817,0,1
1788845787,11436669857,5718322,0,1
1788845788,11437681671,5718828,0,1
1788845789,11438691789,5719333,0,1
1788845790,11439705083,5719840,0,1
1788845791,11440619662,5720297,0,1
1788845792,11441728931,5720852,0,1
1788845793,11442737266,5721356,0,1
1788845794,11443745968,5721860,0,1
1788845795,11444755282,5722365,0,1
1788845796,11445761646,5722868,0,1
1788845797,11446773553,5723374,0,1
1788845798,11447781320,5723878,0,1
1788845799,11448791079,5724383,0,1
1788845800,11449801095,5724888,0,1
1788845801,11450809416,5725392,0,1
1788845802,11451819424,5725897,0,1
1788845803,11452831244,5726403,0,1
1788845804,11453841683,5726908,0,1
1788845805,11454851623,5727413,0,1
1788845806,11455861194,5727918,0,1
1788845807,11456873450,5728424,0,1
1788845808,11457881879,5728928,0,1
1788845809,11458891347,5729433,0,1
1788845810,11459901449,5729938,0,1
1788845811,11460909250,5730442,0,1
1788845812,11461919143,5730947,0,1
1788845813,11462927379,5731451,0,1
1788845814,11463937125,5731956,0,1
1788845815,11464947749,5732461,0,1
1788845816,11465953843,5732964,0,1
1788845817,11466963506,5733469,0,1
1788845818,11467971791,5733973,0,1
1788845819,11468983430,5734479,0,1
1788845820,11469989440,5734982,0,1
1788845821,11471003475,5735489,0,1
1788845822,11472013127,5735994,0,1
1788845823,11473023958,5736499,0,1
1788845824,11474035253,5737005,0,1
1788845825,11475043345,5737509,0,1
1788845826,11476051253,5738013,0,1
1788845827,11477057762,5738516,0,1
1788845828,11478067713,5739021,0,1
1788845829,11479077529,5739526,0,1
1788845830,11480089379,5740032,0,1
1788845831,11481097434,5740536,0,1
1788845832,11482109356,5741042,0,1
1788845833,11483119955,5741547,0,1
1788845834,11484129170,5742052,0,1
1788845836,11485139106,5742557,0,1
1788845837,11486145629,5743060,0,1
1788845838,11487155247,5743565,0,1
1788845839,11488167046,5744071,0,1
1788845840,11489175372,5744575,0,1
1788845841,11490185224,5745080,0,1
1788845842,11491195205,5745585,0,1
1788845843,11492203937,5746089,0,1
1788845844,11493315404,5746645,0,1
1788845845,11494323387,5747149,0,1
1788845846,11495333479,5747654,0,1
1788845847,11496343658,5748159,0,1
1788845848,11497353911,5748664,0,1
1788845849,11498365962,5749170,0,1
1788845850,11499377839,5749676,0,1
1788845851,11500385753,5750180,0,1
1788845852,11501401305,5750688,0,1
1788845853,11502315715,5751145,0,1
1788845854,11503329896,5751652,0,1
1788845855,11504341356,5752158,0,1
1788845856,11505449890,5752712,0,1
1788845857,11506459676,5753217,0,1
1788845858,11507371861,5753673,0,1
1788845859,11508483307,5754229,0,1
1788845860,11509495751,5754735,0,1
1788845861,11510509361,5755242,0,1
1788845862,11511517357,5755746,0,1
1788845863,11512525319,5756250,0,1
1788845864,11513535117,5756755,0,1
1788845865,11514545416,5757260,0,1
1788845866,11515559570,5757767,0,1
1788845867,11516571448,5758273,0,1
1788845868,11517581463,5758778,0,1
1788845869,11518589071,5759282,0,1
1788845870,11519597564,5759786,0,1
1788845871,11520607638,5760291,0,1
1788845872,11521617999,5760796,0,1
1788845873,11522629361,5761302,0,1
1788845874,11523639908,5761807,0,1
1788845875,11524651818,5762313,0,1
1788845876,11525667595,5762821,0,1
1788845877,11526680038,5763327,0,1
1788845878,11527691316,5763833,0,1
1788845879,11528703058,5764339,0,1
1788845880,11529715257,5764845,0,1
1788845881,11530727532,5765351,0,1
1788845882,11531737445,5765856,0,1
1788845883,11532747748,5766361,0,1
1788845884,11533759571,5766867,0,1
1788845885,11534771434,5767373,0,1
1788845886,11535783473,5767879,0,1
1788845887,11536797083,5768386,0,1
1788845888,11537805920,5768890,0,1
1788845889,11538817259,5769396,0,1
1788845890,11539825229,5769900,0,1
1788845891,11540839651,5770407,0,1
1788845892,11541849823,5770912,0,1
1788845893,11542859802,5771417,0,1
1788845894,11543871289,5771923,0,1
1788845895,11544883826,5772429,0,1
1788845896,11545895952,5772935,0,1
1788845897,11546909353,5773442,0,1
1788845898,11547919236,5773947,0,1
1788845899,11548929426,5774452,0,1
1788845900,11549937419,5774956,0,1
1788845901,11550945893,5775460,0,1
1788845902,11551957577,5775966,0,1
1788845903,11552963811,5776469,0,1
1788845904,11553977331,5776976,0,1
1788845905,11554991282,5777483,0,1
1788845906,11556005470,5777990,0,1
1788845907,11557017647,5778496,0,1
1788845908,11558027218,5779001,0,1
1788845909,11559035640,5779505,0,1
1788845910,11560043639,5780009,0,1
1788845911,11561055379,5780515,0,1
1788845912,11562065381,5781020,0,1
1788845913,11563077343,5781526,0,1
1788845914,11564087383,5782031,0,1
1788845915,11565099241,5782537,0,1
1788845916,11566111951,5783043,0,1
1788845917,11567123447,5783549,0,1
1788845918,11568137388,5784056,0,1
1788845919,11569145680,5784560,0,1
1788845920,11570153093,5785064,0,1
1788845921,11571167319,5785571,0,1
1788845923,11572175923,5786075,0,1
1788845924,11573183491,5786579,0,1
1788845925,11574191163,5787083,0,1
1788845926,11575199934,5787587,0,1
1788845927,11576207194,5788091,0,1
1788845928,11577215410,5788595,0,1
1788845929,11578223973,5789099,0,1
1788845930,11579233152,5789604,0,1
1788845931,11580245601,5790110,0,1
1788845932,11581255948,5790615,0,1
1788845933,11582269335,5791122,0,1
1788845934,11583281598,5791628,0,1
1788845935,11584293368,5792134,0,1
1788845936,11585303281,5792639,0,1
1788845937,11586315230,5793145,0,1
1788845938,11587323575,5793649,0,1
1788845939,11588333888,5794154,0,1
1788845940,11589341125,5794658,0,1
1788845941,11590349570,5795162,0,1
1788845942,11591365174,5795670,0,1
1788845943,11592375970,5796175,0,1
1788845944,11593387368,5796681,0,1
1788845945,11594401910,5797188,0,1
1788845946,11595413494,5797694,0,1
1788845947,11596423800,5798199,0,1
1788845948,11597431962,5798703,0,1
1788845949,11598443640,5799209,0,1
1788845950,11599455710,5799715,0,1
1788845951,11600469338,5800222,0,1
1788845952,11601479624,5800727,0,1
1788845953,11602491572,5801233,0,1
1788845954,11603503395,5801739,0,1
1788845955,11604513321,5802244,0,1
1788845956,11605523649,5802749,0,1
1788845957,11606533101,5803254,0,1
1788845958,11607543527,5803759,0,1
1788845959,11608553586,5804264,0,1
1788845960,11609563892,5804769,0,1
1788845961,11610573186,5805274,0,1
1788845962,11611583574,5805779,0,1
1788845963,11612595478,5806285,0,1
1788845964,11613607797,5806791,0,1
1788845965,11614617363,5807296,0,1
1788845966,11615629612,5807802,0,1
1788845967,11616639443,5808307,0,1
1788845968,11617649964,5808812,0,1
1788845969,11618657537,5809316,0,1
1788845970,11619665461,5809820,0,1
1788845971,11620675371,5810325,0,1
1788845972,11621685463,5810830,0,1
1788845973,11622697410,5811336,0,1
1788845974,11623707582,5811841,0,1
1788845975,11624717360,5812346,0,1
1788845976,11625725836,5812850,0,1
1788845977,11626833793,5813404,0,1
1788845978,11627743924,5813859,0,1
1788845979,11628855196,5814415,0,1
1788845980,11629863695,5814919,0,1
1788845981,11630875748,5815425,0,1
1788845982,11631885788,5815930,0,1
1788845983,11632897259,5816436,0,1
1788845984,11633903968,5816939,0,1
1788845985,11634915466,5817445,0,1
1788845986,11635927090,5817951,0,1
1788845987,11636939564,5818457,0,1
1788845988,11637945490,5818960,0,1
1788845989,11638961878,5819468,0,1
1788845990,11639969938,5819972,0,1
1788845991,11640977527,5820476,0,1
1788845992,11641989674,5820982,0,1
1788845993,11643003305,5821489,0,1
1788845994,11644015210,5821995,0,1
1788845995,11645025389,5822500,0,1
1788845996,11646033185,5823004,0,1
1788845997,11647043020,5823509,0,1
1788845998,11648053638,5824014,0,1
1788845999,11649065741,5824520,0,1
1788846000,11650077910,5825026,0,1
1788846001,11651091178,5825533,0,1
1788846002,11652097454,5826036,0,1
1788846003,11653109488,5826542,0,1
1788846004,11654119262,5827047,0,1
1788846005,11655127643,5827551,0,1
1788846006,11656137253,5828056,0,1
1788846007,11657149122,5828562,0,1
1788846008,11658157083,5829066,0,1
1788846009,11659167383,5829571,0,1
1788846010,11660180001,5830077,0,1
1788846012,11661191570,5830583,0,1
1788846013,11662203377,5831089,0,1
1788846014,11663213262,5831594,0,1
1788846015,11664225507,5832100,0,1
1788846016,11665235561,5832605,0,1
1788846017,11666245732,5833110,0,1
1788846018,11667253700,5833614,0,1
1788846019,11668267519,5834121,0,1
1788846020,11669273776,5834624,0,1
1788846021,11670285180,5835130,0,1
1788846022,11671293453,5835634,0,1
1788846023,11672309544,5836142,0,1
1788846024,11673319540,5836647,0,1
1788846025,11674329950,5837152,0,1
1788846026,11675339708,5837657,0,1
1788846027,11676351227,5838163,0,1
1788846028,11677361318,5838668,0,1
1788846029,11678371223,5839173,0,1
1788846030,11679381925,5839678,0,1
1788846031,11680393460,5840184,0,1
1788846032,11681407283,5840691,0,1
1788846033,11682415952,5841195,0,1
1788846034,11683427890,5841701,0,1
1788846035,11684441102,5842208,0,1
1788846036,11685453605,5842714,0,1
1788846037,11686467182,5843221,0,1
1788846038,11687479349,5843727,0,1
1788846039,11688487597,5844231,0,1
1788846040,11689495527,5844735,0,1
1788846041,11690505540,5845240,0,1
1788846042,11691515791,5845745,0,1
1788846043,11692525833,5846250,0,1
1788846044,11693535779,5846755,0,1
1788846045,11694545435,5847260,0,1
1788846046,11695557065,5847766,0,1
1788846047,11696567354,5848271,0,1
1788846048,11697575335,5848775,0,1
1788846049,11698587638,5849281,0,1
1788846050,11699600050,5849787,0,1
1788846051,11700611197,5850293,0,1
1788846052,11701619190,5850797,0,1
1788846053,11702631080,5851303,0,1
1788846054,11703637676,5851806,0,1
1788846055,11704647526,5852311,0,1
1788846056,11705659290,5852817,0,1
1788846057,11706669712,5853322,0,1
1788846058,11707677406,5853826,0,1
1788846059,11708685939,5854330,0,1
1788846060,11709695907,5854835,0,1
1788846061,11710703572,5855339,0,1
1788846062,11711715531,5855845,0,1
1788846063,11712725296,5856350,0,1
1788846064,11713731771,5856853,0,1
1788846065,11714739638,5857357,0,1
1788846066,11715751471,5857863,0,1
1788846067,11716763534,5858369,0,1
1788846068,11717773770,5858874,0,1
1788846069,11718781829,5859378,0,1
1788846070,11719795398,5859885,0,1
1788846071,11720806050,5860390,0,1
1788846072,11721817610,5860896,0,1
1788846073,11722825924,5861400,0,1
1788846074,11723837112,5861906,0,1
1788846075,11724851412,5862413,0,1
1788846076,11725859977,5862917,0,1
1788846077,11726873218,5863424,0,1
1788846078,11727883256,5863929,0,1
1788846079,11728891188,5864433,0,1
1788846080,11729899652,5864937,0,1
1788846081,11730911165,5865443,0,1
1788846082,11731921693,5865948,0,1
1788846083,11732931882,5866453,0,1
1788846084,11733943767,5866959,0,1
1788846085,11734955655,5867465,0,1
1788846086,11735967098,5867971,0,1
1788846087,11736977190,5868476,0,1
1788846088,11737985644,5868980,0,1
1788846089,11738997585,5869486,0,1
1788846090,11740107258,5870041,0,1
1788846091,11741017939,5870496,0,1
1788846092,11742129462,5871052,0,1
1788846093,11743041700,5871508,0,1
1788846094,11744151572,5872063,0,1
1788846095,11745163305,5872569,0,1
1788846096,11746075793,5873025,0,1
1788846097,11747091384,5873533,0,1
1788846098,11748101668,5874038,0,1
1788846099,11749109906,5874542,0,1
1788846101,11750121542,5875048,0,1
1788846102,11751231528,5875603,0,1
1788846103,11752239788,5876107,0,1
1788846104,11753249470,5876612,0,1
1788846105,11754259668,5877117,0,1
1788846106,11755271329,5877623,0,1
1788846107,11756279708,5878127,0,1
1788846108,11757287484,5878631,0,1
1788846109,11758295531,5879135,0,1
1788846110,11759305380,5879640,0,1
1788846111,11760315976,5880145,0,1
1788846112,11761323802,5880649,0,1
1788846113,11762333457,5881154,0,1
1788846114,11763343388,5881659,0,1
1788846115,11764351150,5882163,0,1
1788846116,11765357515,5882666,0,1
1788846117,11766369378,5883172,0,1
1788846118,11767379888,5883677,0,1
1788846119,11768391170,5884183,0,1
1788846120,11769401159,5884688,0,1
1788846121,11770411898,5885193,0,1
1788846122,11771421766,5885698,0,1
1788846123,11772433760,5886204,0,1
1788846124,11773445564,5886710,0,1
1788846125,11774457643,5887216,0,1
1788846126,11775465828,5887720,0,1
1788846127,11776473772,5888224,0,1
1788846128,11777481187,5888728,0,1
1788846129,11778487695,5889231,0,1
1788846130,11779499786,5889737,0,1
1788846131,11780507372,5890241,0,1
1788846132,11781519708,5890747,0,1
1788846133,11782533607,5891254,0,1
1788846134,11783539503,5891757,0,1
1788846135,11784547450,5892261,0,1
1788846136,11785559558,5892767,0,1
1788846137,11786569786,5893272,0,1
1788846138,11787581955,5893778,0,1
1788846139,11788589379,5894282,0,1
1788846140,11789601407,5894788,0,1
1788846141,11790615150,5895295,0,1
1788846142,11791625551,5895800,0,1
1788846143,11792635627,5896305,0,1
1788846144,11793647104,5896811,0,1
1788846145,11794657481,5897316,0,1
1788846146,11795669278,5897822,0,1
1788846147,11796677856,5898326,0,1
1788846148,11797689288,5898832,0,1
1788846149,11798699231,5899337,0,1
1788846150,11799709900,5899842,0,1
1788846151,11800721500,5900348,0,1
1788846152,11801733742,5900854,0,1
1788846153,11802745227,5901360,0,1
1788846154,11803755675,5901865,0,1
1788846155,11804767341,5902371,0,1
1788846156,11805779409,5902877,0,1
1788846157,11806789722,5903382,0,1
1788846158,11807801196,5903888,0,1
1788846159,11808811451,5904393,0,1
1788846160,11809821937,5904898,0,1
1788846161,11810831958,5905403,0,1
1788846162,11811843888,5905909,0,1
1788846163,11812853295,5906414,0,1
1788846164,11813863897,5906919,0,1
1788846165,11814873536,5907424,0,1
1788846166,11815881304,5907928,0,1
1788846167,11816895333,5908435,0,1
1788846168,11817903201,5908939,0,1
1788846169,11818911808,5909443,0,1
1788846170,11819923468,5909949,0,1
1788846171,11820931631,5910453,0,1
1788846172,11821941796,5910958,0,1
1788846173,11822949962,5911462,0,1
1788846174,11823957788,5911966,0,1
1788846175,11825067911,5912521,0,1
1788846176,11826077787,5913026,0,1
1788846177,11826989682,5913482,0,1
1788846178,11828099372,5914037,0,1
1788846179,11829109650,5914542,0,1
1788846180,11830119243,5915047,0,1
1788846181,11831131824,5915553,0,1
1788846182,11832143940,5916059,0,1
1788846183,11833057173,5916516,0,1
1788846184,11834067511,5917021,0,1
1788846185,11835077669,5917526,0,1
1788846186,11836189196,5918082,0,1
1788846187,11837199297,5918587,0,1
1788846188,11838209254,5919092,0,1
1788846190,11839219323,5919597,0,1
1788846191,11840227588,5920101,0,1
1788846192,11841239094,5920607,0,1
1788846193,11842251322,5921113,0,1
1788846194,11843259719,5921617,0,1
1788846195,11844267321,5922121,0,1
1788846196,11845273710,5922624,0,1
1788846197,11846281640,5923128,0,1
1788846198,11847293097,5923634,0,1
1788846199,11848299567,5924137,0,1
1788846200,11849311140,5924643,0,1
1788846201,11850319482,5925147,0,1
1788846202,11851327244,5925651,0,1
1788846203,11852337961,5926156,0,1
1788846204,11853349867,5926662,0,1
1788846205,11854357690,5927166,0,1
1788846206,11855369565,5927672,0,1
1788846207,11856381694,5928178,0,1
1788846208,11857389838,5928682,0,1
1788846209,11858399066,5929187,0,1
1788846210,11859407191,5929691,0,1
1788846211,11860415703,5930195,0,1
1788846212,11861427763,5930701,0,1
1788846213,11862441716,5931208,0,1
1788846214,11863453664,5931714,0,1
1788846215,11864463556,5932219,0,1
1788846216,11865473954,5932724,0,1
1788846217,11866481614,5933228,0,1
1788846218,11867491382,5933733,0,1
1788846219,11868497885,5934236,0,1
1788846220,11869509216,5934742,0,1
1788846221,11870520018,5935247,0,1
1788846222,11871529317,5935752,0,1
1788846223,11872537054,5936256,0,1
1788846224,11873545483,5936760,0,1
1788846225,11874553800,5937264,0,1
1788846226,11875566016,5937770,0,1
1788846227,11876579191,5938277,0,1
1788846228,11877591128,5938783,0,1
1788846229,11878599391,5939287,0,1
1788846230,11879611976,5939793,0,1
1788846231,11880623669,5940299,0,1
1788846232,11881637782,5940806,0,1
1788846233,11882649218,5941312,0,1
1788846234,11883663464,5941819,0,1
1788846235,11884677082,5942326,0,1
1788846236,11885689881,5942832,0,1
1788846237,11886699928,5943337,0,1
1788846238,11887713449,5943844,0,1
1788846239,11888721170,5944348,0,1
1788846240,11889735208,5944855,0,1
1788846241,11890745730,5945360,0,1
1788846242,11891755565,5945865,0,1
1788846243,11892765653,5946370,0,1
1788846244,11893775591,5946875,0,1
1788846245,11894789357,5947382,0,1
1788846246,11895805561,5947890,0,1
1788846247,11896811566,5948393,0,1
1788846248,11897821408,5948898,0,1
1788846249,11898831912,5949403,0,1
1788846250,11899843366,5949909,0,1
1788846251,11900853237,5950414,0,1
1788846252,11901865128,5950920,0,1
1788846253,11902875352,5951425,0,1
1788846254,11903883458,5951929,0,1
1788846255,11904893949,5952434,0,1
1788846256,11905901125,5952938,0,1
1788846257,11906907776,5953441,0,1
1788846258,11907917975,5953946,0,1
1788846259,11908927725,5954451,0,1
1788846260,11909941326,5954958,0,1
1788846261,11910953760,5955464,0,1
1788846262,11911961252,5955968,0,1
1788846263,11912969445,5956472,0,1
1788846264,11913975254,5956975,0,1
1788846265,11914981882,5957478,0,1
1788846266,11915989569,5957982,0,1
1788846267,11917001436,5958488,0,1
1788846268,11918011762,5958993,0,1
1788846269,11919023794,5959499,0,1
1788846270,11920033523,5960004,0,1
1788846271,11921045586,5960510,0,1
1788846272,11922053502,5961014,0,1
1788846273,11923067527,5961521,0,1
1788846274,11924081393,5962028,0,1
1788846275,11925091547,5962533,0,1
1788846276,11926099982,5963037,0,1
1788846277,11927113109,5963544,0,1
1788846278,11928121093,5964048,0,1
1788846280,11929129148,5964552,0,1
1788846281,11930137411,5965056,0,1
1788846282,11931147574,5965561,0,1
1788846283,11932157498,5966066,0,1
1788846284,11933267894,5966621,0,1
1788846285,11934277061,5967126,0,1
1788846286,11935287489,5967631,0,1
1788846287,11936201707,5968088,0,1
1788846288,11937211682,5968593,0,1
1788846289,11938223800,5969099,0,1
1788846290,11939331645,5969653,0,1
1788846291,11940343283,5970159,0,1
1788846292,11941355718,5970665,0,1
1788846293,11942369953,5971172,0,1
1788846294,11943281923,5971628,0,1
1788846295,11944393742,5972184,0,1
1788846296,11945403940,5972689,0,1
1788846297,11946411741,5973193,0,1
1788846298,11947423528,5973699,0,1
1788846299,11948431648,5974203,0,1
1788846300,11949441051,5974708,0,1
1788846301,11950449511,5975212,0,1
1788846302,11951459415,5975717,0,1
1788846303,11952467318,5976221,0,1
1788846304,11953477825,5976726,0,1
1788846305,11954491867,5977233,0,1
1788846306,11955503321,5977739,0,1
1788846307,11956511772,5978243,0,1
1788846308,11957523421,5978749,0,1
1788846309,11958533106,5979254,0,1
1788846310,11959543452,5979759,0,1
1788846311,11960553353,5980264,0,1
1788846312,11961561387,5980768,0,1
1788846313,11962571694,5981273,0,1
1788846314,11963583936,5981779,0,1
1788846315,11964597100,5982286,0,1
1788846316,11965607196,5982791,0,1
1788846317,11966615775,5983295,0,1
1788846318,11967627447,5983801,0,1
1788846319,11968641716,5984308,0,1
1788846320,11969651579,5984813,0,1
1788846321,11970663827,5985319,0,1
1788846322,11971673928,5985824,0,1
1788846323,11972687258,5986331,0,1
1788846324,11973695475,5986835,0,1
1788846325,11974707486,5987341,0,1
1788846326,11975717956,5987846,0,1
1788846327,11976729525,5988352,0,1
1788846328,11977735972,5988855,0,1
1788846329,11978747288,5989361,0,1
1788846330,11979757390,5989866,0,1
1788846331,11980767618,5990371,0,1
1788846332,11981781381,5990878,0,1
1788846333,11982793061,5991384,0,1
1788846334,11983803430,5991889,0,1
1788846335,11984815831,5992395,0,1
1788846336,11985829538,5992902,0,1
1788846337,11986837773,5993406,0,1
1788846338,11987847472,5993911,0,1
1788846339,11988859316,5994417,0,1
1788846340,11989867851,5994921,0,1
1788846341,11990877881,5995426,0,1
1788846342,11991891902,5995933,0,1
1788846343,11992903405,5996439,0,1
1788846344,11993917082,5996946,0,1
1788846345,11994927572,5997451,0,1
1788846346,11995935892,5997955,0,1
1788846347,11996945396,5998460,0,1
1788846348,11997955769,5998965,0,1
1788846349,11998965267,5999470,0,1
1788846350,11999973775,5999974,0,1
1788846351,12000985649,6000480,0,1
1788846352,12001997452,6000986,0,1
1788846353,12003007459,6001491,0,1
1788846354,12004015997,6001995,0,1
1788846355,12005031399,6002503,0,1
1788846356,12006043511,6003009,0,1
1788846357,12007053416,6003514,0,1
1788846358,12008063948,6004019,0,1
1788846359,12009075502,6004525,0,1
1788846360,12010085397,6005030,0,1
1788846361,12011099492,6005537,0,1
1788846362,12012109830,6006042,0,1
1788846363,12013119951,6006547,0,1
1788846364,12014131654,6007053,0,1
1788846365,12015143302,6007559,0,1
1788846366,12016155380,6008065,0,1
1788846368,12017167199,6008571,0,1
1788846369,12018179385,6009077,0,1
1788846370,12019189127,6009582,0,1
1788846371,12020199186,6010087,0,1
1788846372,12021209732,6010592,0,1
1788846373,12022219868,6011097,0,1
1788846374,12023227892,6011601,0,1
1788846375,12024242014,6012108,0,1
1788846376,12025255708,6012615,0,1
1788846377,12026263960,6013119,0,1
1788846378,12027273193,6013624,0,1
1788846379,12028283514,6014129,0,1
1788846380,12029291544,6014633,0,1
1788846381,12030301144,6015138,0,1
1788846382,12031309873,6015642,0,1
1788846383,12032315764,6016145,0,1
1788846384,12033321552,6016648,0,1
1788846385,12034327838,6017151,0,1
1788846386,12035339281,6017657,0,1
1788846387,12036347172,6018161,0,1
1788846388,12037453642,6018714,0,1
1788846389,12038459882,6019217,0,1
1788846390,12039467936,6019721,0,1
1788846391,12040479713,6020227,0,1
1788846392,12041491168,6020733,0,1
1788846393,12042501769,6021238,0,1
1788846394,12043513598,6021744,0,1
1788846395,12044523187,6022249,0,1
1788846396,12045531763,6022753,0,1
1788846397,12046543491,6023259,0,1
1788846398,12047551972,6023763,0,1
1788846399,12048563643,6024269,0,1
1788846400,12049573549,6024774,0,1
1788846401,12050581685,6025278,0,1
1788846402,12051593401,6025784,0,1
1788846403,12052603699,6026289,0,1
1788846404,12053615755,6026795,0,1
1788846405,12054627173,6027301,0,1
1788846406,12055637431,6027806,0,1
1788846407,12056647309,6028311,0,1
1788846408,12057655844,6028815,0,1
1788846409,12058665542,6029320,0,1
1788846410,12059676020,6029825,0,1
1788846411,12060689754,6030332,0,1
1788846412,12061701376,6030838,0,1
1788846413,12062709100,6031342,0,1
1788846414,12063717912,6031846,0,1
1788846415,12064731591,6032353,0,1
1788846416,12065745597,6032860,0,1
1788846417,12066761774,6033368,0,1
1788846418,12067777416,6033876,0,1
1788846419,12068791261,6034383,0,1
1788846420,12069799375,6034887,0,1
1788846421,12070809541,6035392,0,1
1788846422,12071819917,6035897,0,1
1788846423,12072829920,6036402,0,1
1788846424,12073839363,6036907,0,1
1788846425,12074851972,6037413,0,1
1788846426,12075861908,6037918,0,1
1788846427,12076873206,6038424,0,1
1788846428,12077885439,6038930,0,1
1788846429,12078897080,6039436,0,1
1788846430,12079907382,6039941,0,1
1788846431,12080917906,6040446,0,1
1788846432,12081927640,6040951,0,1
1788846433,12082935831,6041455,0,1
1788846434,12083947350,6041961,0,1
1788846435,12084957619,6042466,0,1
1788846436,12085967826,6042971,0,1
1788846437,12086975841,6043475,0,1
1788846438,12087987450,6043981,0,1
1788846439,12088997094,6044486,0,1
1788846440,12090005713,6044990,0,1
1788846441,12091017532,6045496,0,1
1788846442,12092025220,6046000,0,1
1788846443,12093033288,6046504,0,1
1788846444,12094045462,6047010,0,1
1788846445,12095053974,6047514,0,1
1788846446,12096067644,6048021,0,1
1788846447,12097079489,6048527,0,1
1788846448,12098093399,6049034,0,1
1788846449,12099105480,6049540,0,1
1788846450,12100115324,6050045,0,1
1788846451,12101127638,6050551,0,1
1788846452,12102145130,6051060,0,1
1788846453,12103155643,6051565,0,1
1788846454,12104167131,6052071,0,1
1788846456,12105177712,6052576,0,1
1788846457,12106185817,6053080,0,1
1788846458,12107195549,6053585,0,1
1788846459,12108209372,6054092,0,1
1788846460,12109217126,6054596,0,1
1788846461,12110227270,6055101,0,1
1788846462,12111237252,6055606,0,1
1788846463,12112243581,6056109,0,1
1788846464,12113257942,6056616,0,1
1788846465,12114269848,6057122,0,1
1788846466,12115281827,6057628,0,1
1788846467,12116291192,6058133,0,1
1788846468,12117299720,6058637,0,1
1788846469,12118309418,6059142,0,1
1788846470,12119323796,6059649,0,1
1788846471,12120331281,6060153,0,1
1788846472,12121339509,6060657,0,1
1788846473,12122345763,6061160,0,1
1788846474,12123357841,6061666,0,1
1788846475,12124369441,6062172,0,1
1788846476,12125381598,6062678,0,1
1788846477,12126389128,6063182,0,1
1788846478,12127395882,6063685,0,1
1788846479,12128403380,6064189,0,1
1788846480,12129415616,6064695,0,1
1788846481,12130425126,6065200,0,1
1788846482,12131437198,6065706,0,1
1788846483,12132447654,6066211,0,1
1788846484,12133461135,6066718,0,1
1788846485,12134477787,6067226,0,1
1788846486,12135489182,6067732,0,1
1788846487,12136497687,6068236,0,1
1788846488,12137511869,6068743,0,1
1788846489,12138523737,6069249,0,1
1788846490,12139535072,6069755,0,1
1788846491,12140545369,6070260,0,1
1788846492,12141553640,6070764,0,1
1788846493,12142559382,6071267,0,1
1788846494,12143565698,6071770,0,1
1788846495,12144571164,6072273,0,1
1788846496,12145580021,6072777,0,1
1788846497,12146691380,6073333,0,1
1788846498,12147699760,6073837,0,1
1788846499,12148709317,6074342,0,1
1788846500,12149715572,6074845,0,1
1788846501,12150725318,6075350,0,1
1788846502,12151733448,6075854,0,1
1788846503,12152741888,6076358,0,1
1788846504,12153753257,6076864,0,1
1788846505,12154763898,6077369,0,1
1788846506,12155769942,6077872,0,1
1788846507,12156779949,6078377,0,1
1788846508,12157795784,6078885,0,1
1788846509,12158809589,6079392,0,1
1788846510,12159819730,6079897,0,1
1788846511,12160829260,6080402,0,1
1788846512,12161839434,6080907,0,1
1788846513,12162849765,6081412,0,1
1788846514,12163861332,6081918,0,1
1788846515,12164873634,6082424,0,1
1788846516,12165887485,6082931,0,1
1788846517,12166899284,6083437,0,1
1788846518,12167913320,6083944,0,1
1788846519,12168925614,6084450,0,1
1788846520,12169935400,6084955,0,1
1788846521,12170941341,6085458,0,1
1788846522,12171951783,6085963,0,1
1788846523,12172965400,6086470,0,1
1788846524,12173977643,6086976,0,1
1788846525,12174987766,6087481,0,1
1788846526,12176001459,6087988,0,1
1788846527,12177011650,6088493,0,1
1788846528,12178025333,6089000,0,1
1788846529,12179037443,6089506,0,1
1788846530,12180049955,6090012,0,1
1788846531,12181063386,6090519,0,1
1788846532,12182075576,6091025,0,1
1788846533,12183085130,6091530,0,1
1788846534,12184093880,6092034,0,1
1788846535,12185107726,6092541,0,1
1788846536,12186119548,6093047,0,1
1788846537,12187131299,6093553,0,1
1788846538,12188141112,6094058,0,1
1788846539,12189147635,6094561,0,1
1788846540,12190162010,6095068,0,1
1788846541,12191179376,6095577,0,1
1788846543,12192189905,6096082,0,1
1788846544,12193200027,6096587,0,1
1788846545,12194209353,6097092,0,1
1788846546,12195219688,6097597,0,1
1788846547,12196231481,6098103,0,1
1788846548,12197241490,6098608,0,1
1788846549,12198255121,6099115,0,1
1788846550,12199265581,6099620,0,1
1788846551,12200277768,6100126,0,1
1788846552,12201289257,6100632,0,1
1788846553,12202297313,6101136,0,1
1788846554,12203303326,6101639,0,1
1788846555,12204309463,6102142,0,1
1788846556,12205319328,6102647,0,1
1788846557,12206327581,6103151,0,1
1788846558,12207341207,6103658,0,1
1788846559,12208351224,6104163,0,1
1788846560,12209359295,6104667,0,1
1788846561,12210367165,6105171,0,1
1788846562,12211377697,6105676,0,1
1788846563,12212389872,6106182,0,1
1788846564,12213401183,6106688,0,1
1788846565,12214409759,6107192,0,1
1788846566,12215419647,6107697,0,1
1788846567,12216429714,6108202,0,1
1788846568,12217439976,6108707,0,1
1788846569,12218453446,6109214,0,1
1788846570,12219463264,6109719,0,1
1788846571,12220473841,6110224,0,1
1788846572,12221485678,6110730,0,1
1788846573,12222497587,6111236,0,1
1788846574,12223507843,6111741,0,1
1788846575,12224519682,6112247,0,1
1788846576,12225529504,6112752,0,1
1788846577,12226541657,6113258,0,1
1788846578,12227555465,6113765,0,1
1788846579,12228567165,6114271,0,1
1788846580,12229577634,6114776,0,1
1788846581,12230585642,6115280,0,1
1788846582,12231597980,6115786,0,1
1788846583,12232607510,6116291,0,1
1788846584,12233615972,6116795,0,1
1788846585,12234623739,6117299,0,1
1788846586,12235633375,6117804,0,1
1788846587,12236643975,6118309,0,1
1788846588,12237653782,6118814,0,1
1788846589,12238665712,6119320,0,1
1788846590,12239677255,6119826,0,1
1788846591,12240685257,6120330,0,1
1788846592,12241693922,6120834,0,1
1788846593,12242707756,6121341,0,1
1788846594,12243715573,6121845,0,1
1788846595,12244723617,6122349,0,1
1788846596,12245733577,6122854,0,1
1788846597,12246743443,6123359,0,1
1788846598,12247753706,6123864,0,1
1788846599,12248763699,6124369,0,1
1788846600,12249873059,6124924,0,1
1788846601,12250883522,6125429,0,1
1788846602,12251895590,6125935,0,1
1788846603,12252907438,6126441,0,1
1788846604,12253917570,6126946,0,1
1788846605,12254927454,6127451,0,1
1788846606,12255937821,6127956,0,1
1788846607,12256947345,6128461,0,1
1788846608,12257957191,6128966,0,1
1788846609,12258967994,6129471,0,1
1788846610,12259981385,6129978,0,1
1788846611,12260991348,6130483,0,1
1788846612,12262001969,6130988,0,1
1788846613,12263013629,6131494,0,1
1788846614,12264023488,6131999,0,1
1788846615,12265037245,6132506,0,1
1788846616,12266049986,6133012,0,1
1788846617,12267061656,6133518,0,1
1788846618,12268071605,6134023,0,1
1788846619,12269081611,6134528,0,1
1788846620,12270093420,6135034,0,1
1788846621,12271104001,6135539,0,1
1788846622,12272115698,6136045,0,1
1788846623,12273127363,6136551,0,1
1788846624,12274137703,6137056,0,1
1788846625,12275147659,6137561,0,1
1788846626,12276157645,6138066,0,1
1788846627,12277167329,6138571,0,1
1788846628,12278181346,6139078,0,1
1788846630,12279191711,6139583,0,1
1788846631,12280203258,6140089,0,1
1788846632,12281211706,6140593,0,1
1788846633,12282219759,6141097,0,1
1788846634,12283227572,6141601,0,1
1788846635,12284233655,6142104,0,1
1788846636,12285241893,6142608,0,1
1788846637,12286250045,6143112,0,1
1788846638,12287259782,6143617,0,1
1788846639,12288265763,6144120,0,1
1788846640,12289273457,6144624,0,1
1788846641,12290281256,6145128,0,1
1788846642,12291289843,6145632,0,1
1788846643,12292299760,6146137,0,1
1788846644,12293311273,6146643,0,1
1788846645,12294321482,6147148,0,1
1788846646,12295333866,6147654,0,1
1788846647,12296343238,6148159,0,1
1788846648,12297351628,6148663,0,1
1788846649,12298359522,6149167,0,1
1788846650,12299367450,6149671,0,1
1788846651,12300375297,6150175,0,1
1788846652,12301381091,6150678,0,1
1788846653,12302389648,6151182,0,1
1788846654,12303399180,6151687,0,1
1788846655,12304409523,6152192,0,1
1788846656,12305419236,6152697,0,1
1788846657,12306425701,6153200,0,1
1788846658,12307437497,6153706,0,1
1788846659,12308547523,6154261,0,1
1788846660,12309555138,6154765,0,1
1788846661,12310565090,6155270,0,1
1788846662,12311571771,6155773,0,1
1788846663,12312579096,6156277,0,1
1788846664,12313589245,6156782,0,1
1788846665,12314599601,6157287,0,1
1788846666,12315611112,6157793,0,1
1788846667,12316619096,6158297,0,1
1788846668,12317631282,6158803,0,1
1788846669,12318639384,6159307,0,1
1788846670,12319653133,6159814,0,1
1788846671,12320665608,6160320,0,1
1788846672,12321677529,6160826,0,1
1788846673,12322685929,6161330,0,1
1788846674,12323697279,6161836,0,1
1788846675,12324707776,6162341,0,1
1788846676,12325719481,6162847,0,1
1788846677,12326731773,6163353,0,1
1788846678,12327743474,6163859,0,1
1788846679,12328753732,6164364,0,1
1788846680,12329763991,6164869,0,1
1788846681,12330775355,6165375,0,1
1788846682,12331787649,6165881,0,1
1788846683,12332797616,6166386,0,1
1788846684,12333805853,6166890,0,1
1788846685,12334821250,6167398,0,1
1788846686,12335829925,6167902,0,1
1788846687,12336839705,6168407,0,1
1788846688,12337849590,6168912,0,1
1788846689,12338859233,6169417,0,1
1788846690,12339867785,6169921,0,1
1788846691,12340881441,6170428,0,1
1788846692,12341889702,6170932,0,1
1788846693,12342901393,6171438,0,1
1788846694,12343913905,6171944,0,1
1788846695,12344929357,6172452,0,1
1788846696,12345939962,6172957,0,1
1788846697,12346951225,6173463,0,1
1788846698,12347961922,6173968,0,1
1788846699,12348975993,6174475,0,1
1788846700,12349985512,6174980,0,1
1788846701,12350997681,6175486,0,1
1788846702,12352009438,6175992,0,1
1788846703,12353017077,6176496,0,1
1788846704,12354025777,6177000,0,1
1788846705,12355035610,6177505,0,1
1788846706,12356047460,6178011,0,1
1788846707,12357057929,6178516,0,1
1788846708,12358069390,6179022,0,1
1788846709,12359079584,6179527,0,1
1788846710,12360089950,6180032,0,1
1788846711,12361099972,6180537,0,1
1788846712,12362111786,6181043,0,1
1788846713,12363127572,6181551,0,1
1788846714,12364143396,6182059,0,1
1788846715,12365155296,6182565,0,1
1788846716,12366165282,6183070,0,1
1788846717,12367173463,6183574,0,1
1788846719,12368183708,6184079,0,1
1788846720,12369195291,6184585,0,1
1788846721,12370205301,6185090,0,1
1788846722,12371215333,6185595,0,1
1788846723,12372229861,6186102,0,1
1788846724,12373241317,6186608,0,1
1788846725,12374253946,6187114,0,1
1788846726,12375265522,6187620,0,1
1788846727,12376277509,6188126,0,1
1788846728,12377291448,6188633,0,1
1788846729,12378301701,6189138,0,1
1788846730,12379315229,6189645,0,1
1788846731,12380327699,6190151,0,1
1788846732,12381337923,6190656,0,1
1788846733,12382349314,6191162,0,1
1788846734,12383359650,6191667,0,1
1788846735,12384369586,6192172,0,1
1788846736,12385383212,6192679,0,1
1788846737,12386395150,6193185,0,1
1788846738,12387401505,6193688,0,1
1788846739,12388409104,6194192,0,1
1788846740,12389421298,6194698,0,1
1788846741,12390427450,6195201,0,1
1788846742,12391439937,6195707,0,1
1788846743,12392455509,6196215,0,1
1788846744,12393463385,6196719,0,1
1788846745,12394473553,6197224,0,1
1788846746,12395483563,6197729,0,1
1788846747,12396497819,6198236,0,1
1788846748,12397505895,6198740,0,1
1788846749,12398515801,6199245,0,1
1788846750,12399525529,6199750,0,1
1788846751,12400533773,6200254,0,1
1788846752,12401544064,6200759,0,1
1788846753,12402557645,6201266,0,1
1788846754,12403565226,6201770,0,1
1788846755,12404573922,6202274,0,1
1788846756,12405585972,6202780,0,1
1788846757,12406596070,6203285,0,1
1788846758,12407605355,6203790,0,1
1788846759,12408613133,6204294,0,1
1788846760,12409623701,6204799,0,1
1788846761,12410631823,6205303,0,1
1788846762,12411645067,6205810,0,1
1788846763,12412655222,6206315,0,1
1788846764,12413665585,6206820,0,1
1788846765,12414677637,6207326,0,1
1788846766,12415687376,6207831,0,1
1788846767,12416693633,6208334,0,1
1788846768,12417709237,6208842,0,1
1788846769,12418721732,6209348,0,1
1788846770,12419727911,6209851,0,1
1788846771,12420741864,6210358,0,1
1788846772,12421757316,6210866,0,1
1788846773,12422767925,6211371,0,1
1788846774,12423781421,6211878,0,1
1788846775,12424793224,6212384,0,1
1788846776,12425807173,6212891,0,1
1788846777,12426819562,6213397,0,1
1788846778,12427829463,6213902,0,1
1788846779,12428843604,6214409,0,1
1788846780,12429851544,6214913,0,1
1788846781,12430861399,6215418,0,1
1788846782,12431871518,6215923,0,1
1788846783,12432883479,6216429,0,1
1788846784,12433895511,6216935,0,1
1788846785,12434903147,6217439,0,1
1788846786,12435911320,6217943,0,1
1788846787,12436919154,6218447,0,1
1788846788,12437929223,6218952,0,1
1788846789,12438939697,6219457,0,1
1788846790,12439947260,6219961,0,1
1788846791,12440955473,6220465,0,1
1788846792,12441965435,6220970,0,1
1788846793,12442979888,6221477,0,1
1788846794,12443995977,6221985,0,1
1788846795,12445005450,6222490,0,1
1788846796,12446015912,6222995,0,1
1788846797,12447023445,6223499,0,1
1788846798,12448029572,6224002,0,1
1788846799,12449039954,6224507,0,1
1788846800,12450049444,6225012,0,1
1788846801,12451059499,6225517,0,1
1788846802,12452073395,6226024,0,1
1788846803,12453083761,6226529,0,1
1788846804,12454091251,6227033,0,1
1788846805,12455201860,6227588,0,1
1788846806,12456211845,6228093,0,1
1788846808,12457221386,6228598,0,1
1788846809,12458229189,6229102,0,1
1788846810,12459239630,6229607,0,1
1788846811,12460251541,6230113,0,1
1788846812,12461261651,6230618,0,1
1788846813,12462269973,6231122,0,1
1788846814,12463279992,6231627,0,1
1788846815,12464293313,6232134,0,1
1788846816,12465301232,6232638,0,1
1788846817,12466313646,6233144,0,1
1788846818,12467325927,6233650,0,1
1788846819,12468333695,6234154,0,1
1788846820,12469341285,6234658,0,1
1788846821,12470347706,6235161,0,1
1788846822,12471357447,6235666,0,1
1788846823,12472367318,6236171,0,1
1788846824,12473373783,6236674,0,1
1788846825,12474385338,6237180,0,1
1788846826,12475395876,6237685,0,1
1788846827,12476403669,6238189,0,1
1788846828,12477415628,6238695,0,1
1788846829,12478427955,6239201,0,1
1788846830,12479441796,6239708,0,1
1788846831,12480453245,6240214,0,1
1788846832,12481465407,6240720,0,1
1788846833,12482475880,6241225,0,1
1788846834,12483487686,6241731,0,1
1788846835,12484501577,6242238,0,1
1788846836,12485511455,6242743,0,1
1788846837,12486525276,6243250,0,1
1788846838,12487535129,6243755,0,1
1788846839,12488547553,6244261,0,1
1788846840,12489559241,6244767,0,1
1788846841,12490569721,6245272,0,1
1788846842,12491585611,6245780,0,1
1788846843,12492595113,6246285,0,1
1788846844,12493601968,6246788,0,1
1788846845,12494615290,6247295,0,1
1788846846,12495629178,6247802,0,1
1788846847,12496637218,6248306,0,1
1788846848,12497649700,6248812,0,1
1788846849,12498661054,6249318,0,1
1788846850,12499671317,6249823,0,1
1788846851,12500681193,6250328,0,1
1788846852,12501689780,6250832,0,1
1788846853,12502697662,6251336,0,1
1788846854,12503707106,6251841,0,1
1788846855,12504715148,6252345,0,1
1788846856,12505723842,6252849,0,1
1788846857,12506735832,6253355,0,1
1788846858,12507747858,6253861,0,1
1788846859,12508761738,6254368,0,1
1788846860,12509771556,6254873,0,1
1788846861,12510781506,6255378,0,1
1788846862,12511794037,6255884,0,1
1788846863,12512807507,6256391,0,1
1788846864,12513817487,6256896,0,1
1788846865,12514827834,6257401,0,1
1788846866,12515835077,6257905,0,1
1788846867,12516843853,6258409,0,1
1788846868,12517851705,6258913,0,1
1788846869,12518859732,6259417,0,1
1788846870,12519871501,6259923,0,1
1788846871,12520879314,6260427,0,1
1788846872,12521889291,6260932,0,1
1788846873,12522903330,6261439,0,1
1788846874,12523915059,6261945,0,1
1788846875,12524923841,6262449,0,1
1788846876,12525935606,6262955,0,1
1788846877,12526947576,6263461,0,1
1788846878,12527959633,6263967,0,1
1788846879,12528971522,6264473,0,1
1788846880,12529985238,6264980,0,1
1788846881,12530997425,6265486,0,1
1788846882,12532003694,6265989,0,1
1788846883,12533009442,6266492,0,1
1788846884,12534017817,6266996,0,1
1788846885,12535027623,6267501,0,1
1788846886,12536137354,6268056,0,1
1788846887,12537147861,6268561,0,1
1788846888,12538157409,6269066,0,1
1788846889,12539169469,6269572,0,1
1788846890,12540179319,6270077,0,1
1788846891,12541189397,6270582,0,1
1788846892,12542201270,6271088,0,1
1788846894,12543211499,6271593,0,1
1788846895,12544221424,6272098,0,1
1788846896,12545231070,6272603,0,1
1788846897,12546239748,6273107,0,1
1788846898,12547249442,6273612,0,1
1788846899,12548261379,6274118,0,1
1788846900,12549271674,6274623,0,1
1788846901,12550279828,6275127,0,1
1788846902,12551289414,6275632,0,1
1788846903,12552301701,6276138,0,1
1788846904,12553311221,6276643,0,1
1788846905,12554321183,6277148,0,1
1788846906,12555329125,6277652,0,1
1788846907,12556339167,6278157,0,1
1788846908,12557345884,6278660,0,1
1788846909,12558353573,6279164,0,1
1788846910,12559365043,6279670,0,1
1788846911,12560377537,6280176,0,1
1788846912,12561389915,6280682,0,1
1788846913,12562397674,6281186,0,1
1788846914,12563407463,6281691,0,1
1788846915,12564413830,6282194,0,1
1788846916,12565423647,6282699,0,1
1788846917,12566435436,6283205,0,1
1788846918,12567447318,6283711,0,1
1788846919,12568461044,6284218,0,1
1788846920,12569475477,6284725,0,1
1788846921,12570489476,6285232,0,1
1788846922,12571499444,6285737,0,1
1788846923,12572509319,6286242,0,1
1788846924,12573523743,6286749,0,1
1788846925,12574531710,6287253,0,1
1788846926,12575539445,6287757,0,1
1788846927,12576547327,6288261,0,1
1788846928,12577555516,6288765,0,1
1788846929,12578565561,6289270,0,1
1788846930,12579577318,6289776,0,1
1788846931,12580585177,6290280,0,1
1788846932,12581593717,6290784,0,1
1788846933,12582601656,6291288,0,1
1788846934,12583611890,6291793,0,1
1788846935,12584623069,6292299,0,1
1788846936,12585629449,6292802,0,1
1788846937,12586637780,6293306,0,1
1788846938,12587647607,6293811,0,1
1788846939,12588655523,6294315,0,1
1788846940,12589665900,6294820,0,1
1788846941,12590675921,6295325,0,1
1788846942,12591687820,6295831,0,1
1788846943,12592697326,6296336,0,1
1788846944,12593709321,6296842,0,1
1788846945,12594721452,6297348,0,1
1788846946,12595729505,6297852,0,1
1788846947,12596737906,6298356,0,1
1788846948,12597749912,6298862,0,1
1788846949,12598761598,6299368,0,1
1788846950,12599771147,6299873,0,1
1788846951,12600781495,6300378,0,1
1788846952,12601793694,6300884,0,1
1788846953,12602805097,6301390,0,1
1788846954,12603817109,6301896,0,1
1788846955,12604829496,6302402,0,1
1788846956,12605841759,6302908,0,1
1788846957,12606851663,6303413,0,1
1788846958,12607861629,6303918,0,1
1788846959,12608873739,6304424,0,1
1788846960,12609883473,6304929,0,1
1788846961,12610895833,6305435,0,1
1788846962,12611909364,6305942,0,1
1788846963,12612923314,6306449,0,1
1788846964,12613933455,6306954,0,1
1788846965,12614943720,6307459,0,1
1788846966,12615955412,6307965,0,1
1788846967,12616967318,6308471,0,1
1788846968,12617979677,6308977,0,1
1788846969,12618989254,6309482,0,1
1788846970,12620001604,6309988,0,1
1788846971,12621013820,6310494,0,1
1788846972,12622025636,6311000,0,1
1788846973,12623037394,6311506,0,1
1788846974,12624047249,6312011,0,1
1788846975,12625060020,6312517,0,1
1788846976,12626073878,6313024,0,1
1788846977,12627087090,6313531,0,1
1788846978,12628097890,6314036,0,1
1788846979,12629113125,6314544,0,1
1788846980,12630123962,6315049,0,1
1788846981,12631135921,6315555,0,1
1788846983,12632147586,6316061,0,1
1788846984,12633159135,6316567,0,1
1788846985,12634169745,6317072,0,1
1788846986,12635183625,6317579,0,1
1788846987,12636197693,6318086,0,1
1788846988,12637208070,6318591,0,1
1788846989,12638219611,6319097,0,1
1788846990,12639227963,6319601,0,1
1788846991,12640239528,6320107,0,1
1788846992,12641251513,6320613,0,1
1788846993,12642259859,6321117,0,1
1788846994,12643275330,6321625,0,1
1788846995,12644283660,6322129,0,1
1788846996,12645289917,6322632,0,1
1788846997,12646299641,6323137,0,1
1788846998,12647309543,6323642,0,1
1788846999,12648319893,6324147,0,1
1788847000,12649335353,6324655,0,1
1788847001,12650341844,6325158,0,1
1788847002,12651353617,6325664,0,1
1788847003,12652363717,6326169,0,1
1788847004,12653371766,6326673,0,1
1788847005,12654383889,6327179,0,1
1788847006,12655395931,6327685,0,1
1788847007,12656407454,6328191,0,1
1788847008,12657417820,6328696,0,1
1788847009,12658429705,6329202,0,1
1788847010,12659443623,6329709,0,1
1788847011,12660453257,6330214,0,1
1788847012,12661465643,6330720,0,1
1788847013,12662475393,6331225,0,1
1788847014,12663485200,6331730,0,1
1788847015,12664497835,6332236,0,1
1788847016,12665507707,6332741,0,1
1788847017,12666517583,6333246,0,1
1788847018,12667531232,6333753,0,1
1788847019,12668539621,6334257,0,1
1788847020,12669555053,6334765,0,1
1788847021,12670565190,6335270,0,1
1788847022,12671571885,6335773,0,1
1788847023,12672583809,6336279,0,1
1788847024,12673593318,6336784,0,1
1788847025,12674601735,6337288,0,1
1788847026,12675611788,6337793,0,1
1788847027,12676719733,6338347,0,1
1788847028,12677629693,6338802,0,1
1788847029,12678739938,6339357,0,1
1788847030,12679747588,6339861,0,1
1788847031,12680759689,6340367,0,1
1788847032,12681771866,6340873,0,1
1788847033,12682781882,6341378,0,1
1788847034,12683791650,6341883,0,1
1788847035,12684799681,6342387,0,1
1788847036,12685809344,6342892,0,1
1788847037,12686817617,6343396,0,1
1788847038,12687830005,6343902,0,1
1788847039,12688841227,6344408,0,1
1788847040,12689852074,6344913,0,1
1788847041,12690863363,6345419,0,1
1788847042,12691873063,6345924,0,1
1788847043,12692883827,6346429,0,1
1788847044,12693891100,6346933,0,1
1788847045,12694897471,6347436,0,1
1788847046,12695909822,6347942,0,1
1788847047,12696919736,6348447,0,1
1788847048,12697933272,6348954,0,1
1788847049,12698939962,6349457,0,1
1788847050,12699955632,6349965,0,1
1788847051,12700965828,6350470,0,1
1788847052,12701975436,6350975,0,1
1788847053,12702987406,6351481,0,1
1788847054,12703999529,6351987,0,1
1788847055,12705007906,6352491,0,1
1788847056,12706017749,6352996,0,1
1788847057,12707027946,6353501,0,1
1788847058,12708039198,6354007,0,1
1788847059,12709049119,6354512,0,1
1788847060,12710057952,6355016,0,1
1788847061,12711065695,6355520,0,1
1788847062,12712075540,6356025,0,1
1788847063,12713087109,6356531,0,1
1788847064,12714095319,6357035,0,1
1788847065,12715105235,6357540,0,1
1788847066,12716117777,6358046,0,1
1788847067,12717129325,6358552,0,1
1788847068,12718141101,6359058,0,1
1788847069,12719147702,6359561,0,1
1788847070,12720159530,6360067,0,1
1788847071,12721169756,6360572,0,1
1788847073,12722181385,6361078,0,1
1788847074,12723189728,6361582,0,1
1788847075,12724197745,6362086,0,1
1788847076,12725207471,6362591,0,1
1788847077,12726217814,6363096,0,1
1788847078,12727231594,6363603,0,1
1788847079,12728241933,6364108,0,1
1788847080,12729251628,6364613,0,1
1788847081,12730263505,6365119,0,1
1788847082,12731273920,6365624,0,1
1788847083,12732287519,6366131,0,1
1788847084,12733299328,6366637,0,1
1788847085,12734309352,6367142,0,1
1788847086,12735321173,6367648,0,1
1788847087,12736331965,6368153,0,1
1788847088,12737343731,6368659,0,1
1788847089,12738357193,6369166,0,1
1788847090,12739369110,6369672,0,1
1788847091,12740379794,6370177,0,1
1788847092,12741391478,6370683,0,1
1788847093,12742405438,6371190,0,1
1788847094,12743419232,6371697,0,1
1788847095,12744425256,6372200,0,1
1788847096,12745433204,6372704,0,1
1788847097,12746442073,6373208,0,1
1788847098,12747453253,6373714,0,1
1788847099,12748463563,6374219,0,1
1788847100,12749475082,6374725,0,1
1788847101,12750485354,6375230,0,1
1788847102,12751494061,6375734,0,1
1788847103,12752505915,6376240,0,1
1788847104,12753516031,6376745,0,1
1788847105,12754527804,6377251,0,1
1788847106,12755541744,6377758,0,1
1788847107,12756553157,6378264,0,1
1788847108,12757559862,6378767,0,1
1788847109,12758569893,6379272,0,1
1788847110,12759581128,6379778,0,1
1788847111,12760589256,6380282,0,1
1788847112,12761601125,6380788,0,1
1788847113,12762609517,6381292,0,1
1788847114,12763623320,6381799,0,1
1788847115,12764631508,6382303,0,1
1788847116,12765639693,6382807,0,1
1788847117,12766647913,6383311,0,1
1788847118,12767659974,6383817,0,1
1788847119,12768669808,6384322,0,1
1788847120,12769677980,6384826,0,1
1788847121,12770787782,6385381,0,1
1788847122,12771797774,6385886,0,1
1788847123,12772807433,6386391,0,1
1788847124,12773819325,6386897,0,1
1788847125,12774731259,6387353,0,1
1788847126,12775745593,6387860,0,1
1788847127,12776755551,6388365,0,1
1788847128,12777769566,6388872,0,1
1788847129,12778783323,6389379,0,1
1788847130,12779793697,6389884,0,1
1788847131,12780803079,6390389,0,1
1788847132,12781813946,6390894,0,1
1788847133,12782831602,6391403,0,1
1788847134,12783843101,6391909,0,1
1788847135,12784855264,6392415,0,1
1788847136,12785965915,6392970,0,1
1788847137,12786975727,6393475,0,1
1788847138,12787991900,6393983,0,1
1788847139,12789001779,6394488,0,1
1788847140,12790011459,6394993,0,1
1788847141,12791019704,6395497,0,1
1788847142,12792029683,6396002,0,1
1788847143,12793041236,6396508,0,1
1788847144,12794047758,6397011,0,1
1788847145,12795061723,6397518,0,1
1788847146,12796073665,6398024,0,1
1788847147,12797083253,6398529,0,1
1788847148,12798095951,6399035,0,1
1788847149,12799109793,6399542,0,1
1788847150,12800119770,6400047,0,1
1788847151,12801127078,6400551,0,1
1788847152,12802135316,6401055,0,1
1788847153,12803141081,6401558,0,1
1788847154,12804149850,6402062,0,1
1788847155,12805159788,6402567,0,1
1788847156,12806173762,6403074,0,1
1788847158,12807185645,6403580,0,1
1788847159,12808195675,6404085,0,1
1788847160,12809205296,6404590,0,1
1788847161,12810217392,6405096,0,1
1788847162,12811231753,6405603,0,1
1788847163,12812241708,6406108,0,1
1788847164,12813251073,6406613,0,1
1788847165,12814263480,6407119,0,1
1788847166,12815271993,6407623,0,1
1788847167,12816283743,6408129,0,1
1788847168,12817297459,6408636,0,1
1788847169,12818307041,6409141,0,1
1788847170,12819317316,6409646,0,1
1788847171,12820325389,6410150,0,1
1788847172,12821335656,6410655,0,1
1788847173,12822347604,6411161,0,1
1788847174,12823355779,6411665,0,1
1788847175,12824365745,6412170,0,1
1788847176,12825375581,6412675,0,1
1788847177,12826383208,6413179,0,1
1788847178,12827391710,6413683,0,1
1788847179,12828401726,6414188,0,1
1788847180,12829415205,6414695,0,1
1788847181,12830421637,6415198,0,1
1788847182,12831431813,6415703,0,1
1788847183,12832443685,6416209,0,1
1788847184,12833455209,6416715,0,1
1788847185,12834465270,6417220,0,1
1788847186,12835479435,6417727,0,1
1788847187,12836491646,6418233,0,1
1788847188,12837503826,6418739,0,1
1788847189,12838517194,6419246,0,1
1788847190,12839527759,6419751,0,1
1788847191,12840537125,6420256,0,1
1788847192,12841549754,6420762,0,1
1788847193,12842557571,6421266,0,1
1788847194,12843565878,6421770,0,1
1788847195,12844577158,6422276,0,1
1788847196,12845589068,6422782,0,1
1788847197,12846597842,6423286,0,1
1788847198,12847611827,6423793,0,1
1788847199,12848625906,6424300,0,1
1788847200,12849635714,6424805,0,1
1788847201,12850643909,6425309,0,1
1788847202,12851655898,6425815,0,1
1788847203,12852663524,6426319,0,1
1788847204,12853671904,6426823,0,1
1788847205,12854681120,6427328,0,1
1788847206,12855689453,6427832,0,1
1788847207,12856701309,6428338,0,1
1788847208,12857711958,6428843,0,1
1788847209,12858725605,6429350,0,1
1788847210,12859739269,6429857,0,1
1788847211,12860751528,6430363,0,1
1788847212,12861761563,6430868,0,1
1788847213,12862767640,6431371,0,1
1788847214,12863779612,6431877,0,1
1788847215,12864787308,6432381,0,1
1788847216,12865793624,6432884,0,1
1788847217,12866803082,6433389,0,1
1788847218,12867807758,6433891,0,1
1788847219,12868819189,6434397,0,1
1788847220,12869831387,6434903,0,1
1788847221,12870841708,6435408,0,1
1788847222,12871851450,6435913,0,1
1788847223,12872861085,6436418,0,1
1788847224,12873969099,6436972,0,1
1788847225,12874979866,6437477,0,1
1788847226,12875989831,6437982,0,1
1788847227,12877001580,6438488,0,1
1788847228,12878009085,6438992,0,1
1788847229,12879015714,6439495,0,1
1788847230,12880021947,6439998,0,1
1788847231,12881029256,6440502,0,1
1788847232,12882043128,6441009,0,1
1788847233,12883051253,6441513,0,1
1788847234,12884057783,6442016,0,1
1788847235,12885063691,6442519,0,1
1788847236,12886071098,6443023,0,1
1788847237,12887077596,6443526,0,1
1788847238,12888083376,6444029,0,1
1788847239,12889091476,6444533,0,1
1788847240,12890101347,6445038,0,1
1788847241,12891109129,6445542,0,1
1788847242,12892123468,6446049,0,1
1788847243,12893135449,6446555,0,1
1788847244,12894147746,6447061,0,1
1788847245,12895157633,6447566,0,1
1788847247,12896167930,6448071,0,1
1788847248,12897175524,6448575,0,1
1788847249,12898183494,6449079,0,1
1788847250,12899191436,6449583,0,1
1788847251,12900199767,6450087,0,1
1788847252,12901207629,6450591,0,1
1788847253,12902217395,6451096,0,1
1788847254,12903229696,6451602,0,1
1788847255,12904239694,6452107,0,1
1788847256,12905245825,6452610,0,1
1788847257,12906253572,6453114,0,1
1788847258,12907261165,6453618,0,1
1788847259,12908271763,6454123,0,1
1788847260,12909281409,6454628,0,1
1788847261,12910289618,6455132,0,1
1788847262,12911299070,6455637,0,1
1788847263,12912309618,6456142,0,1
1788847264,12913323177,6456649,0,1
1788847265,12914329786,6457152,0,1
1788847266,12915439539,6457707,0,1
1788847267,12916445734,6458210,0,1
1788847268,12917453954,6458714,0,1
1788847269,12918463893,6459219,0,1
1788847270,12919473090,6459724,0,1
1788847271,12920485657,6460230,0,1
1788847272,12921495895,6460735,0,1
1788847273,12922505664,6461240,0,1
1788847274,12923517904,6461746,0,1
1788847275,12924527665,6462251,0,1
1788847276,12925535834,6462755,0,1
1788847277,12926547125,6463261,0,1
1788847278,12927553775,6463764,0,1
1788847279,12928565623,6464270,0,1
1788847280,12929575370,6464775,0,1
1788847281,12930583188,6465279,0,1
1788847282,12931593132,6465784,0,1
1788847283,12932603770,6466289,0,1
1788847284,12933613602,6466794,0,1
1788847285,12934621153,6467298,0,1
1788847286,12935629334,6467802,0,1
1788847287,12936637124,6468306,0,1
1788847288,12937643506,6468809,0,1
1788847289,12938655513,6469315,0,1
1788847290,12939663924,6469819,0,1
1788847291,12940673997,6470324,0,1
1788847292,12941683400,6470829,0,1
1788847293,12942695745,6471335,0,1
1788847294,12943705676,6471840,0,1
1788847295,12944713294,6472344,0,1
1788847296,12945721850,6472848,0,1
1788847297,12946731546,6473353,0,1
1788847298,12947741324,6473858,0,1
1788847299,12948749196,6474362,0,1
1788847300,12949759354,6474867,0,1
1788847301,12950773101,6475374,0,1
1788847302,12951779857,6475877,0,1
1788847303,12952791684,6476383,0,1
1788847304,12953805318,6476890,0,1
1788847305,12954813502,6477394,0,1
1788847306,12955825813,6477900,0,1
1788847307,12956833188,6478404,0,1
1788847308,12957845181,6478910,0,1
1788847309,12958857189,6479416,0,1
1788847310,12959863513,6479919,0,1
1788847311,12960871405,6480423,0,1
1788847312,12961879190,6480927,0,1
1788847313,12962885128,6481430,0,1
1788847314,12963895504,6481935,0,1
1788847315,12964909700,6482442,0,1
1788847316,12965919543,6482947,0,1
1788847317,12966927377,6483451,0,1
1788847318,12967937525,6483956,0,1
1788847319,12968943966,6484459,0,1
1788847320,12969953405,6484964,0,1
1788847321,12970961886,6485468,0,1
1788847322,12972071842,6486023,0,1
1788847323,12973079891,6486527,0,1
1788847324,12974091275,6487033,0,1
1788847325,12975099972,6487537,0,1
1788847326,12976111723,6488043,0,1
1788847327,12977119963,6488547,0,1
1788847328,12978133314,6489054,0,1
1788847329,12979141166,6489558,0,1
1788847330,12980149159,6490062,0,1
1788847331,12981159868,6490567,0,1
1788847332,12982171530,6491073,0,1
1788847333,12983179807,6491577,0,1
1788847334,12984193543,6492084,0,1
1788847336,12985201127,6492588,0,1
1788847337,12986209931,6493092,0,1
1788847338,12987221322,6493598,0,1
1788847339,12988235275,6494105,0,1
1788847340,12989249281,6494612,0,1
1788847341,12990257207,6495116,0,1
1788847342,12991263477,6495619,0,1
1788847343,12992273675,6496124,0,1
1788847344,12993283240,6496629,0,1
1788847345,12994293469,6497134,0,1
1788847346,12995309441,6497642,0,1
1788847347,12996317822,6498146,0,1
1788847348,12997329291,6498652,0,1
1788847349,12998337377,6499156,0,1
1788847350,12999349563,6499662,0,1
1788847351,13000363208,6500169,0,1
1788847352,13001371704,6500673,0,1
1788847353,13002381390,6501178,0,1
1788847354,13003387859,6501681,0,1
1788847355,13004399304,6502187,0,1
1788847356,13005411421,6502693,0,1
1788847357,13006423291,6503199,0,1
1788847358,13007435758,6503705,0,1
1788847359,13008445189,6504210,0,1
1788847360,13009455462,6504715,0,1
1788847361,13010463643,6505219,0,1
1788847362,13011471445,6505723,0,1
1788847363,13012483412,6506229,0,1
1788847364,13013495271,6506735,0,1
1788847365,13014509526,6507242,0,1
1788847366,13015519940,6507747,0,1
1788847367,13016529445,6508252,0,1
1788847368,13017541057,6508758,0,1
1788847369,13018551743,6509263,0,1
1788847370,13019563462,6509769,0,1
1788847371,13020574020,6510274,0,1
1788847372,13021587483,6510781,0,1
1788847373,13022601391,6511288,0,1
1788847374,13023614010,6511794,0,1
1788847375,13024625590,6512300,0,1
1788847376,13025633826,6512804,0,1
1788847377,13026645128,6513310,0,1
1788847378,13027657261,6513816,0,1
1788847379,13028671638,6514323,0,1
1788847380,13029685362,6514830,0,1
1788847381,13030697059,6515336,0,1
1788847382,13031709936,6515842,0,1
1788847383,13032721596,6516348,0,1
1788847384,13033731564,6516853,0,1
1788847385,13034743066,6517359,0,1
1788847386,13035755656,6517865,0,1
1788847387,13036767495,6518371,0,1
1788847388,13037777928,6518876,0,1
1788847389,13038791747,6519383,0,1
1788847390,13039805123,6519890,0,1
1788847391,13040815883,6520395,0,1
1788847392,13041827915,6520901,0,1
1788847393,13042841702,6521408,0,1
1788847394,13043849895,6521912,0,1
1788847395,13044859381,6522417,0,1
1788847396,13045869895,6522922,0,1
1788847397,13046881465,6523428,0,1
1788847398,13047893565,6523934,0,1
1788847399,13048901447,6524438,0,1
1788847400,13049911667,6524943,0,1
1788847401,13050921628,6525448,0,1
1788847402,13051937231,6525956,0,1
1788847403,13052947598,6526461,0,1
1788847404,13053963183,6526969,0,1
1788847405,13054979811,6527477,0,1
1788847406,13055991781,6527983,0,1
1788847407,13057001975,6528488,0,1
1788847408,13058015328,6528995,0,1
1788847409,13059023476,6529499,0,1
1788847410,13060037112,6530006,0,1
1788847411,13061047801,6530511,0,1
1788847412,13062061684,6531018,0,1
1788847413,13063073813,6531524,0,1
1788847414,13064087464,6532031,0,1
1788847415,13065097503,6532536,0,1
1788847416,13066105442,6533040,0,1
1788847417,13067111989,6533543,0,1
1788847418,13068123581,6534049,0,1
1788847419,13069135606,6534555,0,1
1788847420,13070143065,6535059,0,1
1788847421,13071149300,6535562,0,1
1788847422,13072161212,6536068,0,1
1788847424,13073169710,6536572,0,1
1788847425,13074185132,6537080,0,1
1788847426,13075197956,6537586,0,1
1788847427,13076205448,6538090,0,1
1788847428,13077217818,6538596,0,1
1788847429,13078227928,6539101,0,1
1788847430,13079239476,6539607,0,1
1788847431,13080249912,6540112,0,1
1788847432,13081261178,6540618,0,1
1788847433,13082273024,6541124,0,1
1788847434,13083285615,6541630,0,1
1788847435,13084295403,6542135,0,1
1788847436,13085307386,6542641,0,1
1788847437,13086321585,6543148,0,1
1788847438,13087331521,6543653,0,1
1788847439,13088341080,6544158,0,1
1788847440,13089351551,6544663,0,1
1788847441,13090361658,6545168,0,1
1788847442,13091373722,6545674,0,1
1788847443,13092385956,6546180,0,1
1788847444,13093399250,6546687,0,1
1788847445,13094413335,6547194,0,1
1788847446,13095423226,6547699,0,1
1788847447,13096431907,6548203,0,1
1788847448,13097439930,6548707,0,1
1788847449,13098451142,6549213,0,1
1788847450,13099459775,6549717,0,1
1788847451,13100473768,6550224,0,1
1788847452,13101485257,6550730,0,1
1788847453,13102495962,6551235,0,1
1788847454,13103507975,6551741,0,1
1788847455,13104517400,6552246,0,1
1788847456,13105527772,6552751,0,1
1788847457,13106537955,6553256,0,1
1788847458,13107551581,6553763,0,1
1788847459,13108565859,6554270,0,1
1788847460,13109579767,6554777,0,1
1788847461,13110593127,6555284,0,1
1788847462,13111601845,6555788,0,1
1788847463,13112611900,6556293,0,1
1788847464,13113625140,6556800,0,1
1788847465,13114639267,6557307,0,1
1788847466,13115647718,6557811,0,1
1788847467,13116659199,6558317,0,1
1788847468,13117671429,6558823,0,1
1788847469,13118679321,6559327,0,1
1788847470,13119685614,6559830,0,1
1788847471,13120693308,6560334,0,1
1788847472,13121701188,6560838,0,1
1788847473,13122709922,6561342,0,1
1788847474,13123721695,6561848,0,1
1788847475,13124731831,6562353,0,1
1788847476,13125749403,6562862,0,1
1788847477,13126759584,6563367,0,1
1788847478,13127767710,6563871,0,1
1788847479,13128775500,6564375,0,1
1788847480,13129787846,6564881,0,1
1788847481,13130799498,6565387,0,1
1788847482,13131809828,6565892,0,1
1788847483,13132823663,6566399,0,1
1788847484,13133833645,6566904,0,1
1788847485,13134841318,6567408,0,1
1788847486,13135857616,6567916,0,1
1788847487,13136865743,6568420,0,1
1788847488,13137877790,6568926,0,1
1788847489,13138887128,6569431,0,1
1788847490,13139897189,6569936,0,1
1788847491,13140905628,6570440,0,1
1788847492,13141919834,6570947,0,1
1788847493,13142933288,6571454,0,1
1788847494,13143941953,6571958,0,1
1788847495,13144953097,6572464,0,1
1788847496,13145963079,6572969,0,1
1788847497,13146971143,6573473,0,1
1788847498,13147983976,6573979,0,1
1788847499,13148989998,6574482,0,1
1788847500,13149997573,6574986,0,1
1788847501,13151007896,6575491,0,1
1788847502,13152019400,6575997,0,1
1788847503,13153029697,6576502,0,1
1788847504,13154043130,6577009,0,1
1788847505,13155051627,6577513,0,1
1788847506,13156063834,6578019,0,1
1788847507,13157073191,6578524,0,1
1788847508,13158081581,6579028,0,1
1788847509,13159093382,6579534,0,1
1788847510,13160103609,6580039,0,1
1788847511,13161111634,6580543,0,1
1788847513,13162122042,6581048,0,1
1788847514,13163131676,6581553,0,1
1788847515,13164239766,6582107,0,1
1788847516,13165251067,6582613,0,1
1788847517,13166265295,6583120,0,1
1788847518,13167273775,6583624,0,1
1788847519,13168285830,6584130,0,1
1788847520,13169295862,6584635,0,1
1788847521,13170211286,6585093,0,1
1788847522,13171321692,6585648,0,1
1788847523,13172333274,6586154,0,1
1788847524,13173345192,6586660,0,1
1788847525,13174255283,6587115,0,1
1788847526,13175363771,6587669,0,1
1788847527,13176375555,6588175,0,1
1788847528,13177387565,6588681,0,1
1788847529,13178397598,6589186,0,1
1788847530,13179409643,6589692,0,1
1788847531,13180421245,6590198,0,1
1788847532,13181429872,6590702,0,1
1788847533,13182439553,6591207,0,1
1788847534,13183451460,6591713,0,1
1788847535,13184459818,6592217,0,1
1788847536,13185469739,6592722,0,1
1788847537,13186479870,6593227,0,1
1788847538,13187491316,6593733,0,1
1788847539,13188503676,6594239,0,1
1788847540,13189517234,6594746,0,1
1788847541,13190525858,6595250,0,1
1788847542,13191533943,6595754,0,1
1788847543,13192539762,6596257,0,1
1788847544,13193549124,6596762,0,1
1788847545,13194555949,6597265,0,1
1788847546,13195567388,6597771,0,1
1788847547,13196575432,6598275,0,1
1788847548,13197585267,6598780,0,1
1788847549,13198593955,6599284,0,1
1788847550,13199609790,6599792,0,1
1788847551,13200621134,6600298,0,1
1788847552,13201631775,6600803,0,1
1788847553,13202641125,6601308,0,1
1788847554,13203651665,6601813,0,1
1788847555,13204666037,6602320,0,1
1788847556,13205681573,6602828,0,1
1788847557,13206689467,6603332,0,1
1788847558,13207697584,6603836,0,1
1788847559,13208709765,6604342,0,1
1788847560,13209721160,6604848,0,1
1788847561,13210729164,6605352,0,1
1788847562,13211737638,6605856,0,1
1788847563,13212745866,6606360,0,1
1788847564,13213757182,6606866,0,1
1788847565,13214763567,6607369,0,1
1788847566,13215771966,6607873,0,1
1788847567,13216783322,6608379,0,1
1788847568,13217797846,6608886,0,1
1788847569,13218807465,6609391,0,1
1788847570,13219819194,6609897,0,1
1788847571,13220829523,6610402,0,1
1788847572,13221841260,6610908,0,1
1788847573,13222853815,6611414,0,1
1788847574,13223861621,6611918,0,1
1788847575,13224871158,6612423,0,1
1788847576,13225881511,6612928,0,1
1788847577,13226893443,6613434,0,1
1788847578,13227905877,6613940,0,1
1788847579,13228917573,6614446,0,1
1788847580,13229923793,6614949,0,1
1788847581,13230935634,6615455,0,1
1788847582,13231945811,6615960,0,1
1788847583,13232957347,6616466,0,1
1788847584,13233963791,6616969,0,1
1788847585,13234973526,6617474,0,1
1788847586,13235983411,6617979,0,1
1788847587,13236991784,6618483,0,1
1788847588,13238101778,6619038,0,1
1788847589,13239111327,6619543,0,1
1788847590,13240119410,6620047,0,1
1788847591,13241129102,6620552,0,1
1788847592,13242141959,6621058,0,1
1788847593,13243153219,6621564,0,1
1788847594,13244165659,6622070,0,1
1788847595,13245177726,6622576,0,1
1788847596,13246185643,6623080,0,1
1788847597,13247195440,6623585,0,1
1788847599,13248205826,6624090,0,1
1788847600,13249215665,6624595,0,1
1788847601,13250225558,6625100,0,1
1788847602,13251235521,6625605,0,1
1788847603,13252243957,6626109,0,1
1788847604,13253255438,6626615,0,1
1788847605,13254261324,6627118,0,1
1788847606,13255271193,6627623,0,1
1788847607,13256279633,6628127,0,1
1788847608,13257291231,6628633,0,1
1788847609,13258303799,6629139,0,1
1788847610,13259313498,6629644,0,1
1788847611,13260321893,6630148,0,1
1788847612,13261331321,6630653,0,1
1788847613,13262343935,6631159,0,1
1788847614,13263351765,6631663,0,1
1788847615,13264359820,6632167,0,1
1788847616,13265373447,6632674,0,1
1788847617,13266381835,6633178,0,1
1788847618,13267391779,6633683,0,1
1788847619,13268401144,6634188,0,1
1788847620,13269407886,6634691,0,1
1788847621,13270415709,6635195,0,1
1788847622,13271421927,6635698,0,1
1788847623,13272429422,6636202,0,1
1788847624,13273439092,6636707,0,1
1788847625,13274451133,6637213,0,1
1788847626,13275459885,6637717,0,1
1788847627,13276471491,6638223,0,1
1788847628,13277483909,6638729,0,1
1788847629,13278499330,6639237,0,1
1788847630,13279513970,6639744,0,1
1788847631,13280527500,6640251,0,1
1788847632,13281537559,6640756,0,1
1788847633,13282545050,6641260,0,1
1788847634,13283557250,6641766,0,1
1788847635,13284567100,6642271,0,1
1788847636,13285579068,6642777,0,1
1788847637,13286589191,6643282,0,1
1788847638,13287599531,6643787,0,1
1788847639,13288609337,6644292,0,1
1788847640,13289615876,6644795,0,1
1788847641,13290625027,6645300,0,1
1788847642,13291631543,6645803,0,1
1788847643,13292637083,6646306,0,1
1788847644,13293645403,6646810,0,1
1788847645,13294653836,6647314,0,1
1788847646,13295665088,6647820,0,1
1788847647,13296673543,6648324,0,1
1788847648,13297681942,6648828,0,1
1788847649,13298693331,6649334,0,1
1788847650,13299703645,6649839,0,1
1788847651,13300715394,6650345,0,1
1788847652,13301727679,6650851,0,1
1788847653,13302737863,6651356,0,1
1788847654,13303849720,6651912,0,1
1788847655,13304759645,6652367,0,1
1788847656,13305773316,6652874,0,1
1788847657,13306883535,6653429,0,1
1788847658,13307893742,6653934,0,1
1788847659,13308805894,6654390,0,1
1788847660,13309917568,6654946,0,1
1788847661,13310925938,6655450,0,1
1788847662,13311839865,6655907,0,1
1788847663,13312851317,6656413,0,1
1788847664,13313863169,6656919,0,1
1788847665,13314873819,6657424,0,1
1788847666,13315983406,6657979,0,1
1788847667,13316993450,6658484,0,1
1788847668,13318003926,6658989,0,1
1788847669,13319017404,6659496,0,1
1788847670,13320027187,6660001,0,1
1788847671,13321037881,6660506,0,1
1788847672,13322047979,6661011,0,1
1788847673,13323059581,6661517,0,1
1788847674,13324069303,6662022,0,1
1788847675,13325081330,6662528,0,1
1788847676,13326091948,6663033,0,1
1788847677,13327103787,6663539,0,1
1788847678,13328117417,6664046,0,1
1788847679,13329125319,6664550,0,1
1788847680,13330137511,6665056,0,1
1788847681,13331149643,6665562,0,1
1788847682,13332159734,6666067,0,1
1788847683,13333169886,6666572,0,1
1788847684,13334177850,6667076,0,1
1788847685,13335187615,6667581,0,1
1788847686,13336195326,6668085,0,1
1788847688,13337203206,6668589,0,1
1788847689,13338211914,6669093,0,1
1788847690,13339223879,6669599,0,1
1788847691,13340237275,6670106,0,1
1788847692,13341249569,6670612,0,1
1788847693,13342265316,6671120,0,1
1788847694,13343273056,6671624,0,1
1788847695,13344279762,6672127,0,1
1788847696,13345287807,6672631,0,1
1788847697,13346295766,6673135,0,1
1788847698,13347303383,6673639,0,1
1788847699,13348309899,6674142,0,1
1788847700,13349319499,6674647,0,1
1788847701,13350329455,6675152,0,1
1788847702,13351339361,6675657,0,1
1788847703,13352351236,6676163,0,1
1788847704,13353359894,6676667,0,1
1788847705,13354373850,6677174,0,1
1788847706,13355385787,6677680,0,1
1788847707,13356397262,6678186,0,1
1788847708,13357409407,6678692,0,1
1788847709,13358417941,6679196,0,1
1788847710,13359429921,6679702,0,1
1788847711,13360441934,6680208,0,1
1788847712,13361451766,6680713,0,1
1788847713,13362459962,6681217,0,1
1788847714,13363469127,6681722,0,1
1788847715,13364475578,6682225,0,1
1788847716,13365483479,6682729,0,1
1788847717,13366495207,6683235,0,1
1788847718,13367502001,6683738,0,1
1788847719,13368515014,6684245,0,1
1788847720,13369521736,6684748,0,1
1788847721,13370531065,6685253,0,1
1788847722,13371537922,6685756,0,1
1788847723,13372545599,6686260,0,1
1788847724,13373553221,6686764,0,1
1788847725,13374559640,6687267,0,1
1788847726,13375571281,6687773,0,1
1788847727,13376581955,6688278,0,1
1788847728,13377595266,6688785,0,1
1788847729,13378605258,6689290,0,1
1788847730,13379613415,6689794,0,1
1788847731,13380623565,6690299,0,1
1788847732,13381633415,6690804,0,1
1788847733,13382643890,6691309,0,1
1788847734,13383653618,6691814,0,1
1788847735,13384663352,6692319,0,1
1788847736,13385673932,6692824,0,1
1788847737,13386683638,6693329,0,1
1788847738,13387695214,6693835,0,1
1788847739,13388707489,6694341,0,1
1788847740,13389719258,6694847,0,1
1788847741,13390731514,6695353,0,1
1788847742,13391743611,6695859,0,1
1788847743,13392757628,6696366,0,1
1788847744,13393767918,6696871,0,1
1788847745,13394779637,6697377,0,1
1788847746,13395789805,6697882,0,1
1788847747,13396801243,6698388,0,1
1788847748,13397809508,6698892,0,1
1788847749,13398819660,6699397,0,1
1788847750,13399831339,6699903,0,1
1788847751,13400843599,6700409,0,1
1788847752,13401859891,6700917,0,1
1788847753,13402869887,6701422,0,1
1788847754,13403879259,6701927,0,1
1788847755,13404890088,6702432,0,1
1788847756,13405901911,6702938,0,1
1788847757,13406911316,6703443,0,1
1788847758,13407919797,6703947,0,1
1788847759,13408929788,6704452,0,1
1788847760,13409943193,6704959,0,1
1788847761,13410951508,6705463,0,1
1788847762,13411963182,6705969,0,1
1788847763,13412973181,6706474,0,1
1788847764,13413983332,6706979,0,1
1788847765,13414995960,6707485,0,1
1788847766,13416007483,6707991,0,1
1788847767,13417019256,6708497,0,1
1788847768,13418029444,6709002,0,1
1788847769,13419037163,6709506,0,1
1788847770,13420047863,6710011,0,1
1788847771,13421057449,6710516,0,1
1788847772,13422165196,6711070,0,1
1788847773,13423175208,6711575,0,1
1788847774,13424183861,6712079,0,1
1788847775,13425195129,6712585,0,1
1788847776,13426207377,6713091,0,1
1788847778,13427215849,6713595,0,1
1788847779,13428221899,6714098,0,1
1788847780,13429233290,6714604,0,1
1788847781,13430245453,6715110,0,1
1788847782,13431257623,6715616,0,1
1788847783,13432267264,6716121,0,1
1788847784,13433277254,6716626,0,1
1788847785,13434289979,6717132,0,1
1788847786,13435305529,6717640,0,1
1788847787,13436319802,6718147,0,1
1788847788,13437331680,6718653,0,1
1788847789,13438341574,6719158,0,1
1788847790,13439353615,6719664,0,1
1788847791,13440367288,6720171,0,1
1788847792,13441377450,6720676,0,1
1788847793,13442389959,6721182,0,1
1788847794,13443397601,6721686,0,1
1788847795,13444405569,6722190,0,1
1788847796,13445417394,6722696,0,1
1788847797,13446427619,6723201,0,1
1788847798,13447437868,6723706,0,1
1788847799,13448449249,6724212,0,1
1788847800,13449465397,6724720,0,1
1788847801,13450473350,6725224,0,1
1788847802,13451481589,6725728,0,1
1788847803,13452491554,6726233,0,1
1788847804,13453505410,6726740,0,1
1788847805,13454515714,6727245,0,1
1788847806,13455525667,6727750,0,1
1788847807,13456533822,6728254,0,1
1788847808,13457543551,6728759,0,1
1788847809,13458553953,6729264,0,1
1788847810,13459563612,6729769,0,1
1788847811,13460575535,6730275,0,1
1788847812,13461589414,6730782,0,1
1788847813,13462599893,6731287,0,1
1788847814,13463609774,6731792,0,1
1788847815,13464623961,6732299,0,1
1788847816,13465637319,6732806,0,1
1788847817,13466645452,6733310,0,1
1788847818,13467659873,6733817,0,1
1788847819,13468669091,6734322,0,1
1788847820,13469679761,6734827,0,1
1788847821,13470691855,6735333,0,1
1788847822,13471701752,6735838,0,1
1788847823,13472713517,6736344,0,1
1788847824,13473727855,6736851,0,1
1788847825,13474737057,6737356,0,1
1788847826,13475745968,6737860,0,1
1788847827,13476759549,6738367,0,1
1788847828,13477769562,6738872,0,1
1788847829,13478779428,6739377,0,1
1788847830,13479789110,6739882,0,1
1788847831,13480797480,6740386,0,1
1788847832,13481807469,6740891,0,1
1788847833,13482817372,6741396,0,1
1788847834,13483827342,6741901,0,1
1788847835,13484835975,6742405,0,1
1788847836,13485847332,6742911,0,1
1788847837,13486855005,6743415,0,1
1788847838,13487863373,6743919,0,1
1788847839,13488873143,6744424,0,1
1788847840,13489881833,6744928,0,1
1788847841,13490895299,6745435,0,1
1788847842,13491909429,6745942,0,1
1788847843,13492923363,6746449,0,1
1788847844,13493933349,6746954,0,1
1788847845,13494945435,6747460,0,1
1788847846,13495955581,6747965,0,1
1788847847,13496965582,6748470,0,1
1788847848,13497973709,6748974,0,1
1788847849,13498981580,6749478,0,1
1788847850,13499989967,6749982,0,1
1788847851,13501003297,6750489,0,1
1788847852,13502015634,6750995,0,1
1788847853,13503023901,6751499,0,1
1788847854,13504033943,6752004,0,1
1788847855,13505041909,6752508,0,1
1788847856,13506051079,6753013,0,1
1788847857,13507059852,6753517,0,1
1788847858,13508071093,6754023,0,1
1788847859,13509081587,6754528,0,1
1788847860,13510091097,6755033,0,1
1788847861,13511097531,6755536,0,1
1788847862,13512111791,6756043,0,1
1788847863,13513121985,6756548,0,1
1788847864,13514133909,6757054,0,1
1788847866,13515143671,6757559,0,1
1788847867,13516155669,6758065,0,1
1788847868,13517169476,6758572,0,1
1788847869,13518180024,6759077,0,1
1788847870,13519191050,6759583,0,1
1788847871,13520199828,6760087,0,1
1788847872,13521213349,6760594,0,1
1788847873,13522227324,6761101,0,1
1788847874,13523235550,6761605,0,1
1788847875,13524245527,6762110,0,1
1788847876,13525253868,6762614,0,1
1788847877,13526261641,6763118,0,1
1788847878,13527267649,6763621,0,1
1788847879,13528279572,6764127,0,1
1788847880,13529287467,6764631,0,1
1788847881,13530295650,6765135,0,1
1788847882,13531309957,6765642,0,1
1788847883,13532315945,6766145,0,1
1788847884,13533327818,6766651,0,1
1788847885,13534337502,6767156,0,1
1788847886,13535347716,6767661,0,1
1788847887,13536357125,6768166,0,1
1788847888,13537367190,6768671,0,1
1788847889,13538377455,6769176,0,1
1788847890,13539391599,6769683,0,1
1788847891,13540403546,6770189,0,1
1788847892,13541417516,6770696,0,1
1788847893,13542431662,6771203,0,1
1788847894,13543445063,6771710,0,1
1788847895,13544453221,6772214,0,1
1788847896,13545469189,6772722,0,1
1788847897,13546479477,6773227,0,1
1788847898,13547491642,6773733,0,1
1788847899,13548503343,6774239,0,1
1788847900,13549517523,6774746,0,1
1788847901,13550529515,6775252,0,1
1788847902,13551539604,6775757,0,1
1788847903,13552551925,6776263,0,1
1788847904,13553561855,6776768,0,1
1788847905,13554571823,6777273,0,1
1788847906,13555579576,6777777,0,1
1788847907,13556591180,6778283,0,1
1788847908,13557603403,6778789,0,1
1788847909,13558609646,6779292,0,1
1788847910,13559619421,6779797,0,1
1788847911,13560729747,6780352,0,1
1788847912,13561737718,6780856,0,1
1788847913,13562751448,6781363,0,1
1788847914,13563763537,6781869,0,1
1788847915,13564775848,6782375,0,1
1788847916,13565787636,6782881,0,1
1788847917,13566795532,6783385,0,1
1788847918,13567807350,6783891,0,1
1788847919,13568819450,6784397,0,1
1788847920,13569827449,6784901,0,1
1788847921,13570837446,6785406,0,1
1788847922,13571847391,6785911,0,1
1788847923,13572855947,6786415,0,1
1788847924,13573865512,6786920,0,1
1788847925,13574873956,6787424,0,1
1788847926,13575885330,6787930,0,1
1788847927,13576893852,6788434,0,1
1788847928,13577905196,6788940,0,1
1788847929,13578911734,6789443,0,1
1788847930,13579923491,6789949,0,1
1788847931,13580933382,6790454,0,1
1788847932,13581941667,6790958,0,1
1788847933,13582953206,6791464,0,1
1788847934,13583965929,6791970,0,1
1788847935,13584975444,6792475,0,1
1788847936,13585983188,6792979,0,1
1788847937,13586990042,6793482,0,1
1788847938,13587997792,6793986,0,1
1788847939,13589005788,6794490,0,1
1788847940,13590011900,6794993,0,1
1788847941,13591021078,6795498,0,1
1788847942,13592029989,6796002,0,1
1788847943,13593039803,6796507,0,1
1788847944,13594047910,6797011,0,1
1788847945,13595059665,6797517,0,1
1788847946,13596067753,6798021,0,1
1788847947,13597081677,6798528,0,1
1788847948,13598091976,6799033,0,1
1788847949,13599103940,6799539,0,1
1788847950,13600113652,6800044,0,1
1788847951,13601125324,6800550,0,1
1788847952,13602135289,6801055,0,1
1788847953,13603145090,6801560,0,1
1788847955,13604155387,6802065,0,1
1788847956,13605163658,6802569,0,1
1788847957,13606175455,6803075,0,1
1788847958,13607189277,6803582,0,1
1788847959,13608199348,6804087,0,1
1788847960,13609209538,6804592,0,1
1788847961,13610221424,6805098,0,1
1788847962,13611231213,6805603,0,1
1788847963,13612241127,6806108,0,1
1788847964,13613251881,6806613,0,1
1788847965,13614261514,6807118,0,1
1788847966,13615269822,6807622,0,1
1788847967,13616283341,6808129,0,1
1788847968,13617297401,6808636,0,1
1788847969,13618309486,6809142,0,1
1788847970,13619319707,6809647,0,1
1788847971,13620327254,6810151,0,1
1788847972,13621335444,6810655,0,1
1788847973,13622345643,6811160,0,1
1788847974,13623353909,6811664,0,1
1788847975,13624365755,6812170,0,1
1788847976,13625373507,6812674,0,1
1788847977,13626381973,6813178,0,1
1788847978,13627393418,6813684,0,1
1788847979,13628403529,6814189,0,1
1788847980,13629413987,6814694,0,1
1788847981,13630425772,6815200,0,1
1788847982,13631433643,6815704,0,1
1788847983,13632443318,6816209,0,1
1788847984,13633455524,6816715,0,1
1788847985,13634466023,6817220,0,1
1788847986,13635575993,6817775,0,1
1788847987,13636585701,6818280,0,1
1788847988,13637593718,6818784,0,1
1788847989,13638607581,6819291,0,1
1788847990,13639519903,6819747,0,1
1788847991,13640629101,6820302,0,1
1788847992,13641635764,6820805,0,1
1788847993,13642643150,6821309,0,1
1788847994,13643651370,6821813,0,1
1788847995,13644659926,6822317,0,1
1788847996,13645671351,6822823,0,1
1788847997,13646681807,6823328,0,1
1788847998,13647693968,6823834,0,1
1788847999,13648703642,6824339,0,1
1788848000,13649717547,6824846,0,1
1788848001,13650727649,6825351,0,1
1788848002,13651735898,6825855,0,1
1788848003,13652745128,6826360,0,1
1788848004,13653755380,6826865,0,1
1788848005,13654767168,6827371,0,1
1788848006,13655771819,6827873,0,1
1788848007,13656783187,6828379,0,1
1788848008,13657791724,6828883,0,1
1788848009,13658803774,6829389,0,1
1788848010,13659811953,6829893,0,1
1788848011,13660821437,6830398,0,1
1788848012,13661831508,6830903,0,1
1788848013,13662845058,6831410,0,1
1788848014,13663851480,6831913,0,1
1788848015,13664861991,6832418,0,1
1788848016,13665875574,6832925,0,1
1788848017,13666885370,6833430,0,1
1788848018,13667895581,6833935,0,1
1788848019,13668905250,6834440,0,1
1788848020,13669911470,6834943,0,1
1788848021,13670919319,6835447,0,1
1788848022,13671929604,6835952,0,1
1788848023,13672939574,6836457,0,1
1788848024,13673947826,6836961,0,1
1788848025,13674957282,6837466,0,1
1788848026,13675969660,6837972,0,1
1788848027,13676979732,6838477,0,1
1788848028,13677989100,6838982,0,1
1788848029,13678997439,6839486,0,1
1788848030,13680011295,6839993,0,1
1788848031,13681019439,6840497,0,1
1788848032,13682033616,6841004,0,1
1788848033,13683045394,6841510,0,1
1788848034,13684055546,6842015,0,1
1788848035,13685067890,6842521,0,1
1788848036,13686075681,6843025,0,1
1788848037,13687083715,6843529,0,1
1788848038,13688095724,6844035,0,1
1788848039,13689103734,6844539,0,1
1788848040,13690115105,6845045,0,1
1788848041,13691121993,6845548,0,1
1788848042,13692131254,6846053,0,1
1788848044,13693139251,6846557,0,1
1788848045,13694149330,6847062,0,1
1788848046,13695157968,6847566,0,1
1788848047,13696171299,6848073,0,1
1788848048,13697183485,6848579,0,1
1788848049,13698197192,6849086,0,1
1788848050,13699207143,6849591,0,1
1788848051,13700219796,6850097,0,1
1788848052,13701231240,6850603,0,1
1788848053,13702237640,6851106,0,1
1788848054,13703245932,6851610,0,1
1788848055,13704257467,6852116,0,1
1788848056,13705269426,6852622,0,1
1788848057,13706281711,6853128,0,1
1788848058,13707293202,6853634,0,1
1788848059,13708303360,6854139,0,1
1788848060,13709413805,6854694,0,1
1788848061,13710327125,6855151,0,1
1788848062,13711433880,6855704,0,1
1788848063,13712441719,6856208,0,1
1788848064,13713449587,6856712,0,1
1788848065,13714461856,6857218,0,1
1788848066,13715473386,6857724,0,1
1788848067,13716481631,6858228,0,1
1788848068,13717491611,6858733,0,1
1788848069,13718503702,6859239,0,1
1788848070,13719513716,6859744,0,1
1788848071,13720523766,6860249,0,1
1788848072,13721531840,6860753,0,1
1788848073,13722545449,6861260,0,1
1788848074,13723555569,6861765,0,1
1788848075,13724565474,6862270,0,1
1788848076,13725575936,6862775,0,1
1788848077,13726589316,6863282,0,1
1788848078,13727603186,6863789,0,1
1788848079,13728615873,6864295,0,1
1788848080,13729627943,6864801,0,1
1788848081,13730637629,6865306,0,1
1788848082,13731645641,6865810,0,1
1788848083,13732657242,6866316,0,1
1788848084,13733665859,6866820,0,1
1788848085,13734675529,6867325,0,1
1788848086,13735685726,6867830,0,1
1788848087,13736695164,6868335,0,1
1788848088,13737707891,6868841,0,1
1788848089,13738717524,6869346,0,1
1788848090,13739731523,6869853,0,1
1788848091,13740743380,6870359,0,1
1788848092,13741755093,6870865,0,1
1788848093,13742759905,6871367,0,1
1788848094,13743765442,6871870,0,1
1788848095,13744773499,6872374,0,1
1788848096,13745783259,6872879,0,1
1788848097,13746795353,6873385,0,1
1788848098,13747805936,6873890,0,1
1788848099,13748817359,6874396,0,1
1788848100,13749825636,6874900,0,1
1788848101,13750835953,6875405,0,1
1788848102,13751849355,6875912,0,1
1788848103,13752859256,6876417,0,1
1788848104,13753867694,6876921,0,1
1788848105,13754880054,6877427,0,1
1788848106,13755893614,6877934,0,1
1788848107,13756907505,6878441,0,1
1788848108,13757919871,6878947,0,1
1788848109,13758931902,6879453,0,1
1788848110,13759943386,6879959,0,1
1788848111,13760953334,6880464,0,1
1788848112,13761963988,6880969,0,1
1788848113,13762975352,6881475,0,1
1788848114,13763983405,6881979,0,1
1788848115,13764993760,6882484,0,1
1788848116,13766001969,6882988,0,1
1788848117,13767015415,6883495,0,1
1788848118,13768025594,6884000,0,1
1788848119,13769034014,6884504,0,1
1788848120,13770045560,6885010,0,1
1788848121,13771055705,6885515,0,1
1788848122,13772063404,6886019,0,1
1788848123,13773075582,6886525,0,1
1788848124,13774089391,6887032,0,1
1788848125,13775099379,6887537,0,1
1788848126,13776107376,6888041,0,1
1788848127,13777119199,6888547,0,1
1788848129,13778127125,6889051,0,1
1788848130,13779133217,6889554,0,1
1788848131,13780143425,6890059,0,1
1788848132,13781155564,6890565,0,1
1788848133,13782165503,6891070,0,1
1788848134,13783177933,6891576,0,1
1788848135,13784189948,6892082,0,1
1788848136,13785203072,6892589,0,1
1788848137,13786309258,6893142,0,1
1788848138,13787319262,6893647,0,1
1788848139,13788329848,6894152,0,1
1788848140,13789339602,6894657,0,1
1788848141,13790351267,6895163,0,1
1788848142,13791359184,6895667,0,1
1788848143,13792367371,6896171,0,1
1788848144,13793375227,6896675,0,1
1788848145,13794385147,6897180,0,1
1788848146,13795393114,6897684,0,1
1788848147,13796403226,6898189,0,1
1788848148,13797409837,6898692,0,1
1788848149,13798421618,6899198,0,1
1788848150,13799431330,6899703,0,1
1788848151,13800443444,6900209,0,1
1788848152,13801451853,6900713,0,1
1788848153,13802461449,6901218,0,1
1788848154,13803471913,6901723,0,1
1788848155,13804487322,6902231,0,1
1788848156,13805495932,6902735,0,1
1788848157,13806503513,6903239,0,1
1788848158,13807511548,6903743,0,1
1788848159,13808521492,6904248,0,1
1788848160,13809531849,6904753,0,1
1788848161,13810545971,6905260,0,1
1788848162,13811557127,6905766,0,1
1788848163,13812563942,6906269,0,1
1788848164,13813575318,6906775,0,1
1788848165,13814583385,6907279,0,1
1788848166,13815591226,6907783,0,1
1788848167,13816597518,6908286,0,1
1788848168,13817607577,6908791,0,1
1788848169,13818615057,6909295,0,1
1788848170,13819623808,6909799,0,1
1788848171,13820635255,6910305,0,1
1788848172,13821645384,6910810,0,1
1788848173,13822657126,6911316,0,1
1788848174,13823665804,6911820,0,1
1788848175,13824675579,6912325,0,1
1788848176,13825685301,6912830,0,1
1788848177,13826697442,6913336,0,1
1788848178,13827709652,6913842,0,1
1788848179,13828723661,6914349,0,1
1788848180,13829735256,6914855,0,1
1788848181,13830747536,6915361,0,1
1788848182,13831759883,6915867,0,1
1788848183,13832771771,6916373,0,1
1788848184,13833781007,6916878,0,1
1788848185,13834789865,6917382,0,1
1788848186,13835801609,6917888,0,1
1788848187,13836814019,6918394,0,1
1788848188,13837827249,6918901,0,1
1788848189,13838835894,6919405,0,1
1788848190,13839847170,6919911,0,1
1788848191,13840855448,6920415,0,1
1788848192,13841861955,6920918,0,1
1788848193,13842873439,6921424,0,1
1788848194,13843885943,6921930,0,1
1788848195,13844899089,6922437,0,1
1788848196,13845911292,6922943,0,1
1788848197,13846921382,6923448,0,1
1788848198,13847927873,6923951,0,1
1788848199,13848941541,6924458,0,1
1788848200,13849949318,6924962,0,1
1788848201,13850959276,6925467,0,1
1788848202,13851971429,6925973,0,1
1788848203,13852983729,6926479,0,1
1788848204,13853995781,6926985,0,1
1788848205,13855007389,6927491,0,1
1788848206,13856017126,6927996,0,1
1788848207,13857027659,6928501,0,1
1788848208,13858037517,6929006,0,1
1788848209,13859047185,6929511,0,1
1788848210,13860055321,6930015,0,1
1788848211,13861065559,6930520,0,1
1788848212,13862075164,6931025,0,1
1788848213,13863083822,6931529,0,1
1788848214,13864091325,6932033,0,1
1788848215,13865201070,6932588,0,1
1788848216,13866213416,6933094,0,1
1788848218,13867221953,6933598,0,1
1788848219,13868231211,6934103,0,1
1788848220,13869244018,6934609,0,1
1788848221,13870253350,6935114,0,1
1788848222,13871263286,6935619,0,1
1788848223,13872275261,6936125,0,1
1788848224,13873285614,6936630,0,1
1788848225,13874297034,6937136,0,1
1788848226,13875307764,6937641,0,1
1788848227,13876317305,6938146,0,1
1788848228,13877327322,6938651,0,1
1788848229,13878335518,6939155,0,1
1788848230,13879347307,6939661,0,1
1788848231,13880359234,6940167,0,1
1788848232,13881369914,6940672,0,1
1788848233,13882379567,6941177,0,1
1788848234,13883389122,6941682,0,1
1788848235,13884401698,6942188,0,1
1788848236,13885413108,6942694,0,1
1788848237,13886421490,6943198,0,1
1788848238,13887433507,6943704,0,1
1788848239,13888445424,6944210,0,1
1788848240,13889455846,6944715,0,1
1788848241,13890467067,6945221,0,1
1788848242,13891479271,6945727,0,1
1788848243,13892487897,6946231,0,1
1788848244,13893503391,6946739,0,1
1788848245,13894515667,6947245,0,1
1788848246,13895527678,6947751,0,1
1788848247,13896537698,6948256,0,1
1788848248,13897545679,6948760,0,1
1788848249,13898557945,6949266,0,1
1788848250,13899573302,6949774,0,1
1788848251,13900583268,6950279,0,1
1788848252,13901591706,6950783,0,1
1788848253,13902601524,6951288,0,1
1788848254,13903617289,6951796,0,1
1788848255,13904631381,6952303,0,1
1788848256,13905639746,6952807,0,1
1788848257,13906647527,6953311,0,1
1788848258,13907655694,6953815,0,1
1788848259,13908669457,6954322,0,1
1788848260,13909679299,6954827,0,1
1788848261,13910687494,6955331,0,1
1788848262,13911695500,6955835,0,1
1788848263,13912709325,6956342,0,1
1788848264,13913719909,6956847,0,1
1788848265,13914731340,6957353,0,1
1788848266,13915741557,6957858,0,1
1788848267,13916751814,6958363,0,1
1788848268,13917763612,6958869,0,1
1788848269,13918771647,6959373,0,1
1788848270,13919781741,6959878,0,1
1788848271,13920789693,6960382,0,1
1788848272,13921805120,6960890,0,1
1788848273,13922815161,6961395,0,1
1788848274,13923825684,6961900,0,1
1788848275,13924836018,6962405,0,1
1788848276,13925847397,6962911,0,1
1788848277,13926861884,6963418,0,1
1788848278,13927873182,6963924,0,1
1788848279,13928881400,6964428,0,1
1788848280,13929889504,6964932,0,1
1788848281,13930899272,6965437,0,1
1788848282,13931909780,6965942,0,1
1788848283,13932919958,6966447,0,1
1788848284,13933931292,6966953,0,1
1788848285,13934941804,6967458,0,1
1788848286,13935955421,6967965,0,1
1788848287,13936967662,6968471,0,1
1788848288,13937977869,6968976,0,1
1788848289,13938993552,6969484,0,1
1788848290,13940003521,6969989,0,1
1788848291,13941013966,6970494,0,1
1788848292,13942025257,6971000,0,1
1788848293,13943033872,6971504,0,1
1788848294,13944041972,6972008,0,1
1788848295,13945053839,6972514,0,1
1788848296,13946065996,6973020,0,1
1788848297,13947077404,6973526,0,1
1788848298,13948087532,6974031,0,1
1788848299,13949097322,6974536,0,1
1788848300,13950109581,6975042,0,1
1788848301,13951121333,6975548,0,1
1788848302,13952131066,6976053,0,1
1788848303,13953141272,6976558,0,1
1788848304,13954151682,6977063,0,1
1788848306,13955163207,6977569,0,1
1788848307,13956171186,6978073,0,1
1788848308,13957181478,6978578,0,1
1788848309,13958191445,6979083,0,1
1788848310,13959201530,6979588,0,1
1788848311,13960209702,6980092,0,1
1788848312,13961219347,6980597,0,1
1788848313,13962229366,6981102,0,1
1788848314,13963239095,6981607,0,1
1788848315,13964248089,6982111,0,1
1788848316,13965257541,6982616,0,1
1788848317,13966267510,6983121,0,1
1788848318,13967277433,6983626,0,1
1788848319,13968285846,6984130,0,1
1788848320,13969295896,6984635,0,1
1788848321,13970305176,6985140,0,1
1788848322,13971313731,6985644,0,1
1788848323,13972323594,6986149,0,1
1788848324,13973333946,6986654,0,1
1788848325,13974341502,6987158,0,1
1788848326,13975351290,6987663,0,1
1788848327,13976361880,6988168,0,1
1788848328,13977469901,6988722,0,1
1788848329,13978481314,6989228,0,1
1788848330,13979491161,6989733,0,1
1788848331,13980499545,6990237,0,1
1788848332,13981507870,6990741,0,1
1788848333,13982517514,6991246,0,1
1788848334,13983525090,6991750,0,1
1788848335,13984533638,6992254,0,1
1788848336,13985541546,6992758,0,1
1788848337,13986549645,6993262,0,1
1788848338,13987559904,6993767,0,1
1788848339,13988571965,6994273,0,1
1788848340,13989583104,6994779,0,1
1788848341,13990593627,6995284,0,1
1788848342,13991605527,6995790,0,1
1788848343,13992615217,6996295,0,1
1788848344,13993625758,6996800,0,1
1788848345,13994635363,6997305,0,1
1788848346,13995647620,6997811,0,1
1788848347,13996657758,6998316,0,1
1788848348,13997669336,6998822,0,1
1788848349,13998681782,6999328,0,1
1788848350,13999693871,6999834,0,1
1788848351,14000705948,7000340,0,1
1788848352,14001715473,7000845,0,1
1788848353,14002723448,7001349,0,1
1788848354,14003729663,7001852,0,1
1788848355,14004739421,7002357,0,1
1788848356,14005749773,7002862,0,1
1788848357,14006761820,7003368,0,1
1788848358,14007775927,7003875,0,1
1788848359,14008787860,7004381,0,1
1788848360,14009799151,7004887,0,1
1788848361,14010809139,7005392,0,1
1788848362,14011817854,7005896,0,1
1788848363,14012831914,7006403,0,1
1788848364,14013845196,7006910,0,1
1788848365,14014855949,7007415,0,1
1788848366,14015867514,7007921,0,1
1788848367,14016875711,7008425,0,1
1788848368,14017885601,7008930,0,1
1788848369,14018897821,7009436,0,1
1788848370,14019905778,7009940,0,1
1788848371,14020917325,7010446,0,1
1788848372,14021927664,7010951,0,1
1788848373,14022939379,7011457,0,1
1788848374,14023947928,7011961,0,1
1788848375,14024957773,7012466,0,1
1788848376,14025971350,7012973,0,1
1788848377,14026983574,7013479,0,1
1788848378,14027991592,7013983,0,1
1788848379,14028999127,7014487,0,1
1788848380,14030006014,7014990,0,1
1788848381,14031017380,7015496,0,1
1788848382,14032021923,7015998,0,1
1788848383,14033035653,7016505,0,1
1788848384,14034041817,7017008,0,1
1788848385,14035053323,7017514,0,1
1788848386,14036061881,7018018,0,1
1788848387,14037073423,7018524,0,1
1788848388,14038083608,7019029,0,1
1788848389,14039097629,7019536,0,1
1788848390,14040105728,7020040,0,1
1788848391,14041115367,7020545,0,1
1788848392,14042127924,7021051,0,1
1788848394,14043137484,7021556,0,1
1788848395,14044147705,7022061,0,1
1788848396,14045157135,7022566,0,1
1788848397,14046165105,7023070,0,1
1788848398,14047175192,7023575,0,1
1788848399,14048183981,7024079,0,1
1788848400,14049191596,7024583,0,1
1788848401,14050205530,7025090,0,1
1788848402,14051215957,7025595,0,1
1788848403,14052225508,7026100,0,1
1788848404,14053237291,7026606,0,1
1788848405,14054347358,7027161,0,1
1788848406,14055355914,7027665,0,1
1788848407,14056371464,7028173,0,1
1788848408,14057381595,7028678,0,1
1788848409,14058393324,7029184,0,1
1788848410,14059405231,7029690,0,1
1788848411,14060411691,7030193,0,1
1788848412,14061421981,7030698,0,1
1788848413,14062431872,7031203,0,1
1788848414,14063443299,7031709,0,1
1788848415,14064451721,7032213,0,1
1788848416,14065457636,7032716,0,1
1788848417,14066467651,7033221,0,1
1788848418,14067477735,7033726,0,1
1788848419,14068487774,7034231,0,1
1788848420,14069497752,7034736,0,1
1788848421,14070505094,7035240,0,1
1788848422,14071513283,7035744,0,1
1788848423,14072519588,7036247,0,1
1788848424,14073527668,7036751,0,1
1788848425,14074535755,7037255,0,1
1788848426,14075547389,7037761,0,1
1788848427,14076557318,7038266,0,1
1788848428,14077563104,7038769,0,1
1788848429,14078571202,7039273,0,1
1788848430,14079581727,7039778,0,1
1788848431,14080591407,7040283,0,1
1788848432,14081601434,7040788,0,1
1788848433,14082613444,7041294,0,1
1788848434,14083621435,7041798,0,1
1788848435,14084635636,7042305,0,1
1788848436,14085645882,7042810,0,1
1788848437,14086657951,7043316,0,1
1788848438,14087669641,7043822,0,1
1788848439,14088679560,7044327,0,1
1788848440,14089689743,7044832,0,1
1788848441,14090701827,7045338,0,1
1788848442,14091711701,7045843,0,1
1788848443,14092723078,7046349,0,1
1788848444,14093731202,7046853,0,1
1788848445,14094739976,7047357,0,1
1788848446,14095751126,7047863,0,1
1788848447,14096761264,7048368,0,1
1788848448,14097769204,7048872,0,1
1788848449,14098781510,7049378,0,1
1788848450,14099791186,7049883,0,1
1788848451,14100801583,7050388,0,1
1788848452,14101813386,7050894,0,1
1788848453,14102819967,7051397,0,1
1788848454,14103831953,7051903,0,1
1788848455,14104843289,7052409,0,1
1788848456,14105851523,7052913,0,1
1788848457,14106859218,7053417,0,1
1788848458,14107969860,7053972,0,1
1788848459,14108881199,7054428,0,1
1788848460,14109991854,7054983,0,1
1788848461,14110905789,7055440,0,1
1788848462,14111915410,7055945,0,1
1788848463,14112927519,7056451,0,1
1788848464,14113939607,7056957,0,1
1788848465,14115049805,7057512,0,1
1788848466,14115963360,7057969,0,1
1788848467,14116977212,7058476,0,1
1788848468,14117987804,7058981,0,1
1788848469,14119001392,7059488,0,1
1788848470,14120011660,7059993,0,1
1788848471,14121023856,7060499,0,1
1788848472,14122037780,7061006,0,1
1788848473,14123049403,7061512,0,1
1788848474,14124059875,7062017,0,1
1788848475,14125073318,7062524,0,1
1788848476,14126081320,7063028,0,1
1788848477,14127093844,7063534,0,1
1788848478,14128103215,7064039,0,1
1788848479,14129115222,7064545,0,1
1788848481,14130129322,7065052,0,1
1788848482,14131141196,7065558,0,1
1788848483,14132153552,7066064,0,1
1788848484,14133167304,7066571,0,1
1788848485,14134179064,7067077,0,1
1788848486,14135189673,7067582,0,1
1788848487,14136201797,7068088,0,1
1788848488,14137211626,7068593,0,1
1788848489,14138225124,7069100,0,1
1788848490,14139231914,7069603,0,1
1788848491,14140239992,7070107,0,1
1788848492,14141247916,7070611,0,1
1788848493,14142259759,7071117,0,1
1788848494,14143271685,7071623,0,1
1788848495,14144281505,7072128,0,1
1788848496,14145289821,7072632,0,1
1788848497,14146399572,7073187,0,1
1788848498,14147407094,7073691,0,1
1788848499,14148417610,7074196,0,1
1788848500,14149429213,7074702,0,1
1788848501,14150437652,7075206,0,1
1788848502,14151447908,7075711,0,1
1788848503,14152457220,7076216,0,1
1788848504,14153467384,7076721,0,1
1788848505,14154471444,7077223,0,1
1788848506,14155479695,7077727,0,1
1788848507,14156487672,7078231,0,1
1788848508,14157499576,7078737,0,1
1788848509,14158511536,7079243,0,1
1788848510,14159521325,7079748,0,1
1788848511,14160528064,7080251,0,1
1788848512,14161543433,7080759,0,1
1788848513,14162553745,7081264,0,1
1788848514,14163567300,7081771,0,1
1788848515,14164579604,7082277,0,1
1788848516,14165595092,7082785,0,1
1788848517,14166603953,7083289,0,1
1788848518,14167615274,7083795,0,1
1788848519,14168627585,7084301,0,1
1788848520,14169641362,7084808,0,1
1788848521,14170653572,7085314,0,1
1788848522,14171665264,7085820,0,1
1788848523,14172677149,7086326,0,1
1788848524,14173687654,7086831,0,1
1788848525,14174695897,7087335,0,1
1788848526,14175703580,7087839,0,1
1788848527,14176713612,7088344,0,1
1788848528,14177727178,7088851,0,1
1788848529,14178739164,7089357,0,1
1788848530,14179745836,7089860,0,1
1788848531,14180755242,7090365,0,1
1788848532,14181763514,7090869,0,1
1788848533,14182773242,7091374,0,1
1788848534,14183781359,7091878,0,1
1788848535,14184795595,7092385,0,1
1788848536,14185807984,7092891,0,1
1788848537,14186822141,7093398,0,1
1788848538,14187833769,7093904,0,1
1788848539,14188843879,7094409,0,1
1788848540,14189859901,7094917,0,1
1788848541,14190867897,7095421,0,1
1788848542,14191877463,7095926,0,1
1788848543,14192889902,7096432,0,1
1788848544,14193899856,7096937,0,1
1788848545,14194909060,7097442,0,1
1788848546,14195921916,7097948,0,1
1788848547,14196931194,7098453,0,1
1788848548,14197941380,7098958,0,1
1788848549,14198953517,7099464,0,1
1788848550,14199961494,7099968,0,1
1788848551,14200971298,7100473,0,1
1788848552,14201979535,7100977,0,1
1788848553,14202991850,7101483,0,1
1788848554,14204001675,7101988,0,1
1788848555,14205011269,7102493,0,1
1788848556,14206019190,7102997,0,1
1788848557,14207029780,7103502,0,1
1788848558,14208043347,7104009,0,1
1788848559,14209051472,7104513,0,1
1788848560,14210061088,7105018,0,1
1788848561,14211071263,7105523,0,1
1788848562,14212079793,7106027,0,1
1788848563,14213089773,7106532,0,1
1788848564,14214101982,7107038,0,1
1788848565,14215113303,7107544,0,1
1788848566,14216121346,7108048,0,1
1788848567,14217129698,7108552,0,1
1788848569,14218141857,7109058,0,1
1788848570,14219149502,7109562,0,1
1788848571,14220161479,7110068,0,1
1788848572,14221171447,7110573,0,1
1788848573,14222179337,7111077,0,1
1788848574,14223189672,7111582,0,1
1788848575,14224199571,7112087,0,1
1788848576,14225215186,7112595,0,1
1788848577,14226223803,7113099,0,1
1788848578,14227235512,7113605,0,1
1788848579,14228245522,7114110,0,1
1788848580,14229257179,7114616,0,1
1788848581,14230267703,7115121,0,1
1788848582,14231277383,7115626,0,1
1788848583,14232283962,7116129,0,1
1788848584,14233293788,7116634,0,1
1788848585,14234309271,7117142,0,1
1788848586,14235317351,7117646,0,1
1788848587,14236329384,7118152,0,1
1788848588,14237435447,7118705,0,1
1788848589,14238439819,7119207,0,1
1788848590,14239445597,7119710,0,1
1788848591,14240455359,7120215,0,1
1788848592,14241467899,7120721,0,1
1788848593,14242480062,7121227,0,1
1788848594,14243489248,7121732,0,1
1788848595,14244501894,7122238,0,1
1788848596,14245513553,7122744,0,1
1788848597,14246521720,7123248,0,1
1788848598,14247533146,7123754,0,1
1788848599,14248541733,7124258,0,1
1788848600,14249551380,7124763,0,1
1788848601,14250559876,7125267,0,1
1788848602,14251571288,7125773,0,1
1788848603,14252583595,7126279,0,1
1788848604,14253593692,7126784,0,1
1788848605,14254605825,7127290,0,1
1788848606,14255615941,7127795,0,1
1788848607,14256625432,7128300,0,1
1788848608,14257635318,7128805,0,1
1788848609,14258645961,7129310,0,1
1788848610,14259657395,7129816,0,1
1788848611,14260667793,7130321,0,1
1788848612,14261681089,7130828,0,1
1788848613,14262689321,7131332,0,1
1788848614,14263699124,7131837,0,1
1788848615,14264709947,7132342,0,1
1788848616,14265721855,7132848,0,1
1788848617,14266732007,7133353,0,1
1788848618,14267743512,7133859,0,1
1788848619,14268756055,7134365,0,1
1788848620,14269765695,7134870,0,1
1788848621,14270775979,7135375,0,1
1788848622,14271787611,7135881,0,1
1788848623,14272801127,7136388,0,1
1788848624,14273811506,7136893,0,1
1788848625,14274817182,7137396,0,1
1788848626,14275823777,7137899,0,1
1788848627,14276831004,7138403,0,1
1788848628,14277841258,7138908,0,1
1788848629,14278849263,7139412,0,1
1788848630,14279859319,7139917,0,1
1788848631,14280865351,7140420,0,1
1788848632,14281871812,7140923,0,1
1788848633,14282879592,7141427,0,1
1788848634,14283889701,7141932,0,1
1788848635,14284897846,7142436,0,1
1788848636,14285911080,7142943,0,1
1788848637,14286923841,7143449,0,1
1788848638,14287931826,7143953,0,1
1788848639,14288937251,7144456,0,1
1788848640,14289947730,7144961,0,1
1788848641,14290957767,7145466,0,1
1788848642,14291971298,7145973,0,1
1788848643,14292983271,7146479,0,1
1788848644,14293995189,7146985,0,1
1788848645,14295009062,7147492,0,1
1788848646,14296019300,7147997,0,1
1788848647,14297029309,7148502,0,1
1788848648,14298041583,7149008,0,1
1788848649,14299053283,7149514,0,1
1788848650,14300063492,7150019,0,1
1788848651,14301071383,7150523,0,1
1788848652,14302083811,7151029,0,1
1788848653,14303095095,7151535,0,1
1788848654,14304101544,7152038,0,1
1788848655,14305107705,7152541,0,1
1788848656,14306123650,7153049,0,1
1788848658,14307133848,7153554,0,1
1788848659,14308141436,7154058,0,1
1788848660,14309147970,7154561,0,1
1788848661,14310161215,7155068,0,1
1788848662,14311171880,7155573,0,1
1788848663,14312183921,7156079,0,1
1788848664,14313197760,7156586,0,1
1788848665,14314209063,7157092,0,1
1788848666,14315215836,7157595,0,1
1788848667,14316225244,7158100,0,1
1788848668,14317333551,7158654,0,1
1788848669,14318341736,7159158,0,1
1788848670,14319355703,7159665,0,1
1788848671,14320369139,7160172,0,1
1788848672,14321381597,7160678,0,1
1788848673,14322293644,7161134,0,1
1788848674,14323403257,7161689,0,1
1788848675,14324415337,7162195,0,1
1788848676,14325327391,7162651,0,1
1788848677,14326437086,7163206,0,1
1788848678,14327447871,7163711,0,1
1788848679,14328461565,7164218,0,1
1788848680,14329473675,7164724,0,1
1788848681,14330481487,7165228,0,1
1788848682,14331489378,7165732,0,1
1788848683,14332503436,7166239,0,1
1788848684,14333513510,7166744,0,1
1788848685,14334523963,7167249,0,1
1788848686,14335533369,7167754,0,1
1788848687,14336541879,7168258,0,1
1788848688,14337551982,7168763,0,1
1788848689,14338561590,7169268,0,1
1788848690,14339569327,7169772,0,1
1788848691,14340579893,7170277,0,1
1788848692,14341591619,7170783,0,1
1788848693,14342603795,7171289,0,1
1788848694,14343617284,7171796,0,1
1788848695,14344625566,7172300,0,1
1788848696,14345637220,7172806,0,1
1788848697,14346647612,7173311,0,1
1788848698,14347657537,7173816,0,1
1788848699,14348665874,7174320,0,1
1788848700,14349673647,7174824,0,1
1788848701,14350681582,7175328,0,1
1788848702,14351693869,7175834,0,1
1788848703,14352703265,7176339,0,1
1788848704,14353713380,7176844,0,1
1788848705,14354723562,7177349,0,1
1788848706,14355733366,7177854,0,1
1788848707,14356741905,7178358,0,1
1788848708,14357749827,7178862,0,1
1788848709,14358763726,7179369,0,1
1788848710,14359771443,7179873,0,1
1788848711,14360785649,7180380,0,1
1788848712,14361799058,7180887,0,1
1788848713,14362807969,7181391,0,1
1788848714,14363819540,7181897,0,1
1788848715,14364831899,7182403,0,1
1788848716,14365839893,7182907,0,1
1788848717,14366855693,7183415,0,1
1788848718,14367865143,7183920,0,1
1788848719,14368877188,7184426,0,1
1788848720,14369889252,7184932,0,1
1788848721,14370901076,7185438,0,1
1788848722,14371909759,7185942,0,1
1788848723,14372922020,7186448,0,1
1788848724,14373935502,7186955,0,1
1788848725,14374945290,7187460,0,1
1788848726,14375957528,7187966,0,1
1788848727,14376967190,7188471,0,1
1788848728,14377977351,7188976,0,1
1788848729,14378987449,7189481,0,1
1788848730,14379999456,7189987,0,1
1788848731,14381007635,7190491,0,1
1788848732,14382017803,7190996,0,1
1788848733,14383029646,7191502,0,1
1788848734,14384041067,7192008,0,1
1788848735,14385049785,7192512,0,1
1788848736,14386061102,7193018,0,1
1788848737,14387075076,7193525,0,1
1788848738,14388087074,7194031,0,1
1788848739,14389095744,7194535,0,1
1788848740,14390109407,7195042,0,1
1788848741,14391117693,7195546,0,1
1788848742,14392127677,7196051,0,1
1788848743,14393137388,7196556,0,1
1788848744,14394151502,7197063,0,1
1788848746,14395161840,7197568,0,1
1788848747,14396171452,7198073,0,1
1788848748,14397181625,7198578,0,1
1788848749,14398191666,7199083,0,1
1788848750,14399203931,7199589,0,1
1788848751,14400213288,7200094,0,1
1788848752,14401223971,7200599,0,1
1788848753,14402233378,7201104,0,1
1788848754,14403245151,7201610,0,1
1788848755,14404253931,7202114,0,1
1788848756,14405265128,7202620,0,1
1788848757,14406273125,7203124,0,1
1788848758,14407279254,7203627,0,1
1788848759,14408287386,7204131,0,1
1788848760,14409295801,7204635,0,1
1788848761,14410307705,7205141,0,1
1788848762,14411319613,7205647,0,1
1788848763,14412329707,7206152,0,1
1788848764,14413341575,7206658,0,1
1788848765,14414349437,7207162,0,1
1788848766,14415357518,7207666,0,1
1788848767,14416371977,7208173,0,1
1788848768,14417383860,7208679,0,1
1788848769,14418393645,7209184,0,1
1788848770,14419403568,7209689,0,1
1788848771,14420411764,7210193,0,1
1788848772,14421421962,7210698,0,1
1788848773,14422429635,7211202,0,1
1788848774,14423439901,7211707,0,1
1788848775,14424451065,7212213,0,1
1788848776,14425461956,7212718,0,1
1788848777,14426467906,7213221,0,1
1788848778,14427479364,7213727,0,1
1788848779,14428489118,7214232,0,1
1788848780,14429597654,7214786,0,1
1788848781,14430509782,7215242,0,1
1788848782,14431619519,7215797,0,1
1788848783,14432631583,7216303,0,1
1788848784,14433639532,7216807,0,1
1788848785,14434649842,7217312,0,1
1788848786,14435659255,7217817,0,1
1788848787,14436669257,7218322,0,1
1788848788,14437677810,7218826,0,1
1788848789,14438691401,7219333,0,1
1788848790,14439703456,7219839,0,1
1788848791,14440713430,7220344,0,1
1788848792,14441723129,7220849,0,1
1788848793,14442735926,7221355,0,1
1788848794,14443747514,7221861,0,1
1788848795,14444753378,7222364,0,1
1788848796,14445761809,7222868,0,1
1788848797,14446769743,7223372,0,1
1788848798,14447777957,7223876,0,1
1788848799,14448785912,7224380,0,1
1788848800,14449793699,7224884,0,1
1788848801,14450803185,7225389,0,1
1788848802,14451811527,7225893,0,1
1788848803,14452823637,7226399,0,1
1788848804,14453831800,7226903,0,1
1788848805,14454842065,7227408,0,1
1788848806,14455851729,7227913,0,1
1788848807,14456865131,7228420,0,1
1788848808,14457873475,7228924,0,1
1788848809,14458883640,7229429,0,1
1788848810,14459895640,7229935,0,1
1788848811,14460907524,7230441,0,1
1788848812,14461917269,7230946,0,1
1788848813,14462925417,7231450,0,1
1788848814,14463931785,7231953,0,1
1788848815,14464939482,7232457,0,1
1788848816,14465947385,7232961,0,1
1788848817,14466957845,7233466,0,1
1788848818,14467965514,7233970,0,1
1788848819,14468971695,7234473,0,1
1788848820,14469979876,7234977,0,1
1788848821,14470989315,7235482,0,1
1788848822,14471997177,7235986,0,1
1788848823,14473005362,7236490,0,1
1788848824,14474011170,7236993,0,1
1788848825,14475019564,7237497,0,1
1788848826,14476029762,7238002,0,1
1788848827,14477037838,7238506,0,1
1788848828,14478049319,7239012,0,1
1788848829,14479061579,7239518,0,1
1788848830,14480073722,7240024,0,1
1788848831,14481087407,7240531,0,1
1788848832,14482097478,7241036,0,1
1788848833,14483110060,7241542,0,1
1788848834,14484123559,7242049,0,1
1788848836,14485131850,7242553,0,1
1788848837,14486139824,7243057,0,1
1788848838,14487149827,7243562,0,1
1788848839,14488161837,7244068,0,1
1788848840,14489171141,7244573,0,1
1788848841,14490185384,7245080,0,1
1788848842,14491195210,7245585,0,1
1788848843,14492205156,7246090,0,1
1788848844,14493215701,7246595,0,1
1788848845,14494223450,7247099,0,1
1788848846,14495235194,7247605,0,1
1788848847,14496245445,7248110,0,1
1788848848,14497255559,7248615,0,1
1788848849,14498267272,7249121,0,1
1788848850,14499277837,7249626,0,1
1788848851,14500289943,7250132,0,1
1788848852,14501301188,7250638,0,1
1788848853,14502411268,7251193,0,1
1788848854,14503419815,7251697,0,1
1788848855,14504429464,7252202,0,1
1788848856,14505441614,7252708,0,1
1788848857,14506453785,7253214,0,1
1788848858,14507465267,7253720,0,1
1788848859,14508473434,7254224,0,1
1788848860,14509483828,7254729,0,1
1788848861,14510495387,7255235,0,1
1788848862,14511503458,7255739,0,1
1788848863,14512511606,7256243,0,1
1788848864,14513523097,7256749,0,1
1788848865,14514531549,7257253,0,1
1788848866,14515539713,7257757,0,1
1788848867,14516555238,7258265,0,1
1788848868,14517565865,7258770,0,1
1788848869,14518579484,7259277,0,1
1788848870,14519589389,7259782,0,1
1788848871,14520599671,7260287,0,1
1788848872,14521613317,7260794,0,1
1788848873,14522623376,7261299,0,1
1788848874,14523631947,7261803,0,1
1788848875,14524647997,7262311,0,1
1788848876,14525659177,7262817,0,1
1788848877,14526673266,7263324,0,1
1788848878,14527683789,7263829,0,1
1788848879,14528695927,7264335,0,1
1788848880,14529709856,7264842,0,1
1788848881,14530719192,7265347,0,1
1788848882,14531729264,7265852,0,1
1788848883,14532737359,7266356,0,1
1788848884,14533747507,7266861,0,1
1788848885,14534757938,7267366,0,1
1788848886,14535765788,7267870,0,1
1788848887,14536777829,7268376,0,1
1788848888,14537783503,7268879,0,1
1788848889,14538793218,7269384,0,1
1788848890,14539803216,7269889,0,1
1788848891,14540813518,7270394,0,1
1788848892,14541827159,7270901,0,1
1788848893,14542837128,7271406,0,1
1788848894,14543849473,7271912,0,1
1788848895,14544855967,7272415,0,1
1788848896,14545865776,7272920,0,1
1788848897,14546875382,7273425,0,1
1788848898,14547881461,7273928,0,1
1788848899,14548889531,7274432,0,1
1788848900,14549899668,7274937,0,1
1788848901,14550905574,7275440,0,1
1788848902,14551911443,7275943,0,1
1788848903,14552919739,7276447,0,1
1788848904,14553933506,7276954,0,1
1788848905,14554945370,7277460,0,1
1788848906,14555958077,7277966,0,1
1788848907,14556971581,7278473,0,1
1788848908,14557983847,7278979,0,1
1788848909,14558993251,7279484,0,1
1788848910,14560003425,7279989,0,1
1788848911,14561017384,7280496,0,1
1788848912,14562027593,7281001,0,1
1788848913,14563037319,7281506,0,1
1788848914,14564045774,7282010,0,1
1788848915,14565056018,7282515,0,1
1788848916,14566065104,7283020,0,1
1788848917,14567071682,7283523,0,1
1788848918,14568083580,7284029,0,1
1788848919,14569091078,7284533,0,1
1788848920,14570097191,7285036,0,1
1788848921,14571107539,7285541,0,1
1788848922,14572117569,7286046,0,1
1788848923,14573129198,7286552,0,1
1788848925,14574137891,7287056,0,1
1788848926,14575149529,7287562,0,1
1788848927,14576159900,7288067,0,1
1788848928,14577169851,7288572,0,1
1788848929,14578181331,7289078,0,1
1788848930,14579197979,7289586,0,1
1788848931,14580212024,7290093,0,1
1788848932,14581223341,7290599,0,1
1788848933,14582231978,7291103,0,1
1788848934,14583241257,7291608,0,1
1788848935,14584251770,7292113,0,1
1788848936,14585265458,7292620,0,1
1788848937,14586275599,7293125,0,1
1788848938,14587287570,7293631,0,1
1788848939,14588301188,7294138,0,1
1788848940,14589313103,7294644,0,1
1788848941,14590323087,7295149,0,1
1788848942,14591331481,7295653,0,1
1788848943,14592339492,7296157,0,1
1788848944,14593347657,7296661,0,1
1788848945,14594355668,7297165,0,1
1788848946,14595369254,7297672,0,1
1788848947,14596381477,7298178,0,1
1788848948,14597389197,7298682,0,1
1788848949,14598397571,7299186,0,1
1788848950,14599407360,7299691,0,1
1788848951,14600419554,7300197,0,1
1788848952,14601431210,7300703,0,1
1788848953,14602441656,7301208,0,1
1788848954,14603457446,7301716,0,1
1788848955,14604465328,7302220,0,1
1788848956,14605477269,7302726,0,1
1788848957,14606483915,7303229,0,1
1788848958,14607497462,7303736,0,1
1788848959,14608507740,7304241,0,1
1788848960,14609515656,7304745,0,1
1788848961,14610525257,7305250,0,1
1788848962,14611533305,7305754,0,1
1788848963,14612543193,7306259,0,1
1788848964,14613553803,7306764,0,1
1788848965,14614567822,7307271,0,1
1788848966,14615579232,7307777,0,1
1788848967,14616587922,7308281,0,1
1788848968,14617603326,7308789,0,1
1788848969,14618613188,7309294,0,1
1788848970,14619625596,7309800,0,1
1788848971,14620637528,7310306,0,1
1788848972,14621648006,7310811,0,1
1788848973,14622663068,7311319,0,1
1788848974,14623667890,7311821,0,1
1788848975,14624677440,7312326,0,1
1788848976,14625689202,7312832,0,1
1788848977,14626699772,7313337,0,1
1788848978,14627707849,7313841,0,1
